:080000EE696C6974656B5450E4
:040000CC4757575AE1
:070000AF000000015DFF01EC
:070000AF02F000030FFF0245
:070000AF02E00002E1FF0383
:070000AF02C00002DFFF04A4
:070000AF01600002BDFF0526
:070000AF0310000317FF0E10
:050000B2000000010147
:050000B2000000020542
:050000B2013DA0030464
:050000B2020000010343
:050000B2020200010242
:050000B202A468010E2C
:050000B202A468020E2B
:10000000480089EE480087DC4800880248008828BC
:100010004800884E480088744800889A480088C084
:10002000480088E6480089544800895648008958A5
:100030004800895A4800895C4800895E4800896008
:1000400048008962480089644800896648008968D8
:100050004800896A4800896C4800896E48008970A8
:100060004800897248008974480089764800897878
:100070004800897A4800897C4800897E4800898048
:100080004800898248008984480089864800898917
:100090004800898C4800898F4800899248008995DA
:1000A00048008998A2140100C6140100C814010078
:1000B000E4140100081501000A150100741501007F
:1000C000761501007E1501008015010082150100E2
:1000D000BC150100BE150100C6150100CE150100BA
:1000E000D615010010160100AC160100CA17010058
:1000F000CC170100CE170100D0170100D217010064
:10010000D4170100D6170100161801003618010097
:10011000381801003A180100EE180100F01801002B
:100120002E190100FC00442001382E370280EA70AD
:100130008420FE9CDD4249003C87FC80FC00840159
:10014000EBB4EA8B84C1FE378026EB0DFA06DD4363
:10015000FA06802649008670FC80FC0049003AB50A
:10016000EA70490037A9EA70441201004900389248
:10017000DD40C004EAAD5A08010E44120100EA70E5
:100180005020FFE05030FFEC2E400ED44900A80D67
:10019000FC8044120100EA705020FFE05030FFEC78
:1001A0004900A0ACFC80FC43EA2AF0823C17EF7CBB
:1001B000EA2C8460F0814050040944907FFF2E8730
:1001C000026F4000A808F084EA9D40240409F085ED
:1001D0008023838344A23F049718E288B69F444259
:1001E0003F04E83B38650D019519CE0484013805BC
:1001F0000D09384510014404B000406010D6F004E9
:1002000097B340401096FF22F683972384E0F001D5
:1002100055E380FF406E1C0040FF000697B1E81ACE
:10022000F00238601911F003E006E904F0055A08FD
:10023000010784003E07ECF04800007CE0C4E808B9
:100240008C21E0C99649E804B45F80BE81268CE128
:10025000D5DF83868C61D5C1380209018061C8046D
:100260008401380209093C07EF7D38420901EB148B
:10027000EB9EFE029603E1203C43EF7EE8212E0731
:10028000DF9AE205E8039A28D5028A05E4025407BA
:1002900080FFC0112E07DF99E202E8039A10D50211
:1002A0008A02E402540780FFC0069CE1E02340116B
:1002B000BC1B96C93E57DF9A3E27DF99D506841F9F
:1002C0003E07DF9A3E07DF99E283E80884013E0794
:1002D000ECF12E07ECF08C01D50484003E07ECF124
:1002E0003E07ECF03C03F67A2E17ECF02E27DEFEEC
:1002F0009606E241C01AE81A8407DD585A0801112F
:100300002E07ECF25A0801072E07DF988E013E07F0
:10031000DF982E07DF98C80D84033E07DF9884001E
:100320003E07ECF08401FCC3E9FB84033E07DF9841
:100330008400FCC3FC0049FFFF38FC80FC40B48013
:100340000290800422608002E089225080052230E1
:100350008003E82F96B1E082810240A488014082A8
:100360003C1A80EA4EA4000452750000226080000E
:100370004034080140549801FEEC4031A87688666C
:10038000E066E905E12380C94061BC1ACF03B6C02D
:10039000D50E8A484E240003FE929A7AFF14FE740A
:1003A00040421C9640209C568844B6408401FCC0C4
:1003B00041C2801340917001E124E83640A18013CE
:1003C00040312801E06480A3407E280140523C1A5D
:1003D0004E740003FFFA8A654E340005403508016B
:1003E0008865228080019B558AAA406E2001FF7497
:1003F00040157001401284368A288822E029E906D7
:100400008A48E0414020BC1A8122CF03B720D5CFD3
:100410009A7BFF1C4224842440421C9640311C7667
:100420008864B660D5C48400FCC03C03F67D9606A3
:10043000C057FC41EA6D85408127EA9BE340E84FC5
:10044000DD548027EB0580010010811C5A180145FE
:100450002200001E441200E0B61F3C838134801F3E
:10046000804849FFFF6D80C0B43F3C07EF3CE0206F
:10047000E90A3C07EF3D40040001E001E803960370
:10048000D502960BEAC48049422504735011003806
:10049000AC0A22008003441200ECF0813C838135D9
:1004A000B001804849FFFF4CF3013C17EF42E06187
:1004B000E90A3C17EF4340140401E023E803964B9C
:1004C000D502965BEA80806942350873FF87121176
:1004D000801F10618160EAD5EBA7D5B0FCC1DD9E1D
:1004E000FC2080C05000006050707FE88027FA48F0
:1004F000DD5C80074C63FFFAFCA0FC418440EB6E9E
:100500002E87ED0EB63F2EA7ED0DEBD32E77ED0C1B
:10051000F1818062808280A245C230D0B43F549184
:1005200080FFE321E81D959988DC381E0D0001E36A
:100530000001E23EE811998A38601911E0A6E8044A
:100540008149810180A6E0C48C214074BC1B4043DA
:100550003C1B9648D5EFF1018C618841D5E03C0702
:10056000F6883E87ED0E3EA7ED0D3E77ED0C3C5B29
:10057000F85C3C5BF6883C0BF6893C4BF85AFCC1B6
:1005800084003C0BF6843C0BF6833C0BF6823C0B60
:10059000F6813C0BF6803E07ECFF3E07ECFEDD9E4D
:1005A000FC4851CF8060505E7FA8A82BA86F2EA773
:1005B000026FA8AA50050007540001F8EA2880FF3E
:1005C000EA8AEA28804A8007A8E9B685DD42801FCA
:1005D0008420804ADD42EBDF3C07EEDE80DFE02056
:1005E000E9085EF085DD8001E903440005DC96033F
:1005F0002E17E146FE0CDD53DD4A9603811CEB7B92
:1006000084003C0BF685842FEBD8B2114224A82439
:10061000DD428460EA408046EB2FB21380278E01D2
:10062000140E7FF2B2B25004FFFF140E7FEE44426C
:1006300030D08003143E7FF783C3143E7FF580C320
:10064000143E7FF6145E7FE99740507E7FD0145EA3
:100650007FF4B4A7047E7FF3E2A74EF200A800A2C5
:100660000000A7614CA2800E00808000E34840A4F7
:100670003C1AEBFD00A10000E34540553C1AAF5089
:10068000045E7FF4C51300A27FFE00527FFF4CA2E0
:10069000800E00808000E34840A43C1AEBFD00A1DE
:1006A0000000E34540553C1AAF50045E7FF2E00580
:1006B000E81200A20002A7634CA2800E0080800016
:1006C000E34840A43C1AEBFD00A10000E34540557F
:1006D0003C1AAF50A7C8A750E2E5E809C7038EE16E
:1006E000AFC8E2A9E8058CA1AF50D502AF480871A8
:1006F000000108508001147E7FEF047E7FEFE2A7A7
:10070000E850047E7FED40828C003CF7F0A438A3D3
:10071000A11140F7A807E811047E7FF750F380018C
:1007200040778013147E7FF7047E7FF0E0EAE805CF
:1007300050FF000141E78013047E7FECE0EAE825EA
:10074000047E7FE94C03C00D047E7FF58CC150F31D
:100750008001547780FF97B0147E7FF5D50AC507D6
:10076000047E7FF4C704047E7FEEDF038CC197B064
:10077000047E7FF144F0004F38F3A008047E7FF63A
:100780008CE197F9147E7FF63C87EEDEE10AE806FD
:100790003CA3F6858D413CABF6858CA19768D5AE20
:1007A0008C0188698C8248FFFF51DD45540002A00E
:1007B000C8052E07ED415A0801058400EBF3D52248
:1007C000040E7FF72E27E14BDD538A1E42FF0424DF
:1007D000FE14E00FE917040E7FF7429004243C0357
:1007E000F0A6E009E8052E07E14AEBF3D50B2E074A
:1007F000ED0E2E17ED0DEA35C0053C03F0A7E0091C
:10080000E9F3811CB20B001E7FD4AF80B20AAE4068
:10081000B216EB0AFCC0FC402E47026E2E77026F28
:10082000C43B50827FFF548400FF8D014084040844
:1008300044A22E60890040920408C72981E080CA42
:1008400084A00843000155C2003F5A40FF1A2247C6
:10085000800039E0F11141E278074FE200043840AE
:10086000F1093DE7F11041EF10074FE200053C4B65
:10087000F110AD5839E17202889E3841720A8CA19C
:10088000972840421C0640F7A400CCDC8C02894724
:100890004C047FD5FCC0FCC0FC4951CF8068140ECD
:1008A0007FEC220E00002E67EC93140E7FE7142ECF
:1008B0007FEAEA2C143E7FF0140E7FEF145E7FE98E
:1008C000EA40140E7FF42E07F0C5041E7FF488C0A2
:1008D000408308085004000A92039403EA2815FE96
:1008E0007FEEEA2894318C089203409084089403A8
:1008F0005014800815FE7FED541083F8EA2815FE89
:100900007FF541FF8401815FEA289C3792039403BD
:1009100080FFEA2815FE7FF3EA288400120E7FEF9D
:100920008420040E7FED804815FE7FF1DD42040E29
:100930007FEE84208048DD42040E7FF384208046D1
:10094000DD42801F84208046DD42440F80003C0B46
:10095000F1102E17EC932E07F0C544207FFF88205E
:100960008400E001E806382381098C019600D5FA5D
:10097000811CB20C8027B24E503E7FDE49FFFF4DF6
:100980002E67EC93840044422A7096C0E266E82009
:100990003882010154140080C11938238111842048
:1009A0009748E2A6E81138F2050140F43C0340F70D
:1009B000A009E908D30738538511E04540513C1B95
:1009C00080458C21D5EE382381098C01D5DF040EBA
:1009D0007FEF45E22E609401140E7FEB400524006A
:1009E000140E7FE88400813E140E7FF284A0040E72
:1009F0007FEF4C500082040E7FEC94698820804A7F
:100A00008400043E7FE84C218016383080111A3172
:100A100000014E340003FEDA5EF18191E907043EE5
:100A20007FF28C6196D9143E7FF2043E7FEB8803FF
:100A3000D5E9442000FF8480040E7FF49660E22014
:100A4000E856380490005A00FF4F54300040C30667
:100A50008C21548080FF8022D50D96C24E34000830
:100A60009CC98C22548180FF9648D5049E5196489B
:100A7000810238351111388521114081A0014E8441
:100A800000045284000004FE7FE9E10FE82C3815D1
:100A900005119A594E140003FE4A048E7FE9E0289E
:100AA000E822962F048E7FE7381381119A59E101CD
:100AB000E80A811CB231B271381080008C213811E3
:100AC0008008D511041E7FF3048E7FF33810800058
:100AD0008C2138140008041E7FED94028801B42094
:100AE0008861B6608C418C819690D5A78CA197685F
:100AF000892048FFFF7E2E57F0C52E27027188A659
:100B00009241840044322A70E005E827041E7FF3F6
:100B100038408000CC1738118101966FE041E90818
:100B2000044E7FF53813810138120109D513811C59
:100B3000B28E3842020240120436B29538120109D0
:100B4000D509811CB22D38108202EBEFB295381214
:100B500001098C019600D5D940030409140E7FEDDC
:100B600094B1040E7FF58E42842088403C97EF8636
:100B70003CA3EF878001044E7FED96C8E264E84213
:100B8000811CB275B28A38318511E083E80722F101
:100B90000000044E7FEAE08FE930E123E93022F1E2
:100BA0000000E12FE92C811CB27338418400B2713E
:100BB0003831840040F19000E822043E7FF3048E37
:100BC0007FF19BF1886788E80031FFFF0073FFFF2A
:100BD000143E7FEE88E3C713EB26FF1C40423C9691
:100BE0009721E344E80C8083043E7FEEFEE44071ED
:100BF0009CF697F9E347E8038C0196008C218E421E
:100C0000D5BB2E17DF10E201E910DD45962E9601C7
:100C1000C80C811CB254FE54B2529449E022E80B35
:100C200084013E07F0C6D50884003E07F0C6840064
:100C3000EB7BD502EB7B022E7FEF44023F043C1797
:100C4000F110EA873C33F10FFE0C44100400DD4A3A
:100C50003C0BF1108420E025E815811CB215948925
:100C60008840B29022010000E004E906E060400103
:100C7000BC1B9603D503040E7FF08C21AC10964864
:100C8000D5EB8420042E7FEF9608E202E821042EA3
:100C90007FEC94098802807E4021F801044E7FF4A5
:100CA0009690E244E811082180015A20FF0A045E70
:100CB0007FF596AFA500382289019AA2AC80042E58
:100CC0007FEB8802D5EA8C2141EF1000D5DCEB0ADE
:100CD000FCC0FC403C13F85C3C1BF6562E27EDADE7
:100CE0003C13F85A3C1BF64F84203E17ED20CA0DEA
:100CF0002E37E2282E6702802E47E2298022447098
:100D000001384492313CD50D84013E07ED20D54594
:100D1000814942A11C7300A5011B5AA002078C4106
:100D20009750E2A6E9F6D50D8C2196485A30FF0778
:100D30005A48FFF7D3F58085D5F380838065D5F0D9
:100D40003E37E2283E47E229AE40C11B2E27E2286B
:100D5000E246E808EA56EA38EB290000011B5A0887
:100D60000211E622E81AEAC4EA38EA5F50000040BD
:100D7000A442A4033C0BF6553C1BF6508401FCC076
:100D80008400843F3E17E2283E17E229843F3C1B43
:100D9000F6503C1BF655FCC08402D5F4FC008400E0
:100DA0003E07ED243E07ED2284208409DD43840BB9
:100DB0008420DD43FC80FC41229080002200000062
:100DC000441124D0B61F149F800180E280C3A48800
:100DD000A4C9A50F025080083A0F840049003A3791
:100DE0003A0F8420B41FAC38F001AC30FCC1DD599F
:100DF000964EC1038400DD9EDD59EA95C9FCEADB0D
:100E0000C1223CF407FD5EF783E9E9052E200FEFD0
:100E10005A2002143CF408995EF783E9E9052E2074
:100E200011275A20020B3CF409355EF783E9E90BE0
:100E30002E20125F5A280208E623E91184023E0799
:100E4000ED27D54CE603E9142E27EC90E240E9109B
:100E50003CF7F1175EF782BDE90BD5EF2E07ED27C2
:100E6000E402E8048C019600D5308402D52E2E07CA
:100E7000ED27C82A5A18031D3CF407FD5EF7814B85
:100E8000E9172E000FEF5A0802143CF408995EF798
:100E9000814BE90E2E0011275A08020B3CF409354C
:100EA0005EF7814BE9052E00125F5A00020A2E07F9
:100EB000ED38E602E90D3C07F6DFE40CE9098402AF
:100EC0003E07ED26D50B84003E07ED27D5072E07FC
:100ED000ED26C00484003E07ED262E07ED275A00BC
:100EE00002072E07ED265A080287DD9E8401DD9E4B
:100EF0002E47ED35E682E91E3C27F69B4410005054
:100F00003C37F1164201042444500064400014169A
:100F100040000C075A4002105EF1012DE803441016
:100F20000046EA65FE544010BC36E023E804840124
:100F3000DD9E8400DD9EFC45F089E627EA2CF285E3
:100F4000F388F087E8038400FCC53C03F65B5CF0A3
:100F5000012DF00522000000F086E90584474020BD
:100F60000856D505F0068445402008564633FFFF55
:100F7000F505EAFD8861F00738328E119F01E043E4
:100F8000F5064021BC1B2E300616EA40FEEC44500C
:100F900000648520403194768E019720960096DB80
:100FA00004AF800580E980C980A922850000E0683F
:100FB000E8048D21549480FFE048E81C008500037C
:100FC0008CA1E288838841C23C1BE30640833C1B22
:100FD00080C800850002809CE208838841C03C1BD9
:100FE000E3074083BC1B9768801C80E88D44D9DEF2
:100FF00084A09CF18A649CB98A4096D896905A380D
:1010000002099722F4819732F48280C4F401D51F3B
:101010008886908197A054F1800150837FFFE90F6B
:1010200040A4001014AF800150A3000240A500109E
:101030008CC114AF8002972297B2D50940440010AA
:101040008CC1F4819732F48280C4F4015A280209D9
:101050009602F083963AF08480E0F003D51F88076B
:10106000900197C054F100015083FFFFE90F40A4A5
:10107000001014AF800350A3800240A500108CE143
:1010800014AF8004960297FAD509400400108CE151
:10109000F083963AF08480E0F0032EA00ED45AA894
:1010A000026304AF8005850051C5000344A07FFFA3
:1010B00021EE000040FF1007E912E0DEE91021EE0A
:1010C0007FFF40FF0007E90BE0FEE90950FE7FFDCE
:1010D00023E78000E15E41E53C1B815E8D01548485
:1010E00000FF51CE00044C80FFE5EAB14CA0003C6B
:1010F000F0068A0A5EF0005BE936E6B9E83444504F
:1011000000FFEB0E840080850260808BC6205A4869
:10111000FF070040813700508138D519EB0EEA8077
:10112000806142300873003181379B1C4E440003BC
:10113000FF22EA80EA3F002081388C819B5596E0AF
:101140004E540003FF6A8CA196A8D5068C0150105E
:1011500081385A080BDBE665E806E645E804F10944
:101160008401AE082E0006172E200616E32050112B
:101170007FEE40903C1B9608EB7481495A1802039D
:10118000800255E000FF50057FFF8460F08945C074
:101190000064F009E0604EF2FED8F005951A8880F0
:1011A000F101A7A39632E001E961F102E020E95ED6
:1011B000A7E2F103963AE001E959F104E020E9568B
:1011C000F0079C99FE3C9690F086E24AE84FF005C5
:1011D000955288A0049F8001A62B9642E029E943FE
:1011E000049F8002E121E93FA66A048F80034090BA
:1011F0008010E128E938048F8004E109E9349A304D
:10120000960281204E040004529000005A98012C4E
:101210009A794090801080294E94000452148000E6
:101220005A180122048F80069A308808048F80089B
:1012300004FF80074093A401380401118106428411
:10124000BC738128048F800838F425112292000095
:10125000880F22F2800042007024892F40902536AA
:10126000E13EE9078C419690D5B18C6196D8D59234
:101270008001FCC5FC56447124ECB18C81E6B65F5C
:10128000F38183848105EA683A279424814FEA68D0
:10129000209F80D03A251424EA683A2514243A2362
:1012A00094003A2514204471252C50AF807083CAD5
:1012B000EA683A2F142481FEEA683A279424EA68FF
:1012C0003A2794243A2394003A2794204471256CB9
:1012D00050FF800C83CFEA683A2F1424EA683A2F33
:1012E0001424B467B67E3C23F67C4E93000554313B
:1012F0000001CB0B2E37026F8E614C91C00A543126
:101300000001C306806FD506443204F0D503443291
:10131000055454510004544400FFC5264E92002544
:10132000968EC21A44522A5CEA8F2E7007F48E41C0
:10133000385288005A7887075A50870CE682E91697
:10134000D50F5A5887074C81000E4E820010D50CDD
:101350004E82000DD5054E82000AEA8F8E414C81E7
:10136000400480CAD5034462051438319101A08A33
:10137000422E0C73A88A542480FF949188C2A08BBB
:10138000A530422E1073A88BC806B41FF101ACC063
:10139000A430AC08FCD64E12007FFC4380C08E21E6
:1013A00084003E07ED6C3E17ED6D878144A20FD49B
:1013B0004FC50067400E0013F0813805700084446B
:1013C000B61FF001228F80008E019603F0823895BF
:1013D0000000B41F4074801194428826EBF8F0831B
:1013E000B005DD5CE0E8E823947A8826F00322F07B
:1013F0008000E00FE8469D7997EB4C747FF7D50AA3
:1014000038032211F103E001E80850447FFF4082D5
:101410000011E0E8E9F6D5E7943A40140808880698
:1014200088268444DD5C9D7997EBD5DD943A880667
:10143000B0458444DD5C9E39E120E906F3018E620B
:1014400041C18011D508F20244120FD438908808A7
:101450003800F008B41F9D79E0A0E8AB403E0013CF
:101460009C1944120FD496038C623850800841C1F5
:1014700080118001001F800038107008D59AFCC3CD
:101480004004080888068444DD5C50447FFF4082A5
:101490000011D5C0DD9EFC40FD30EA2A84A02E1745
:1014A000ED3D5023002944A004808125D73C5031D4
:1014B0007FF522F180005EF78259E8300041000D8F
:1014C000E685E9110031000C5A30010AE687E90B84
:1014D0005A300206E68BE9075A38030610910000DD
:1014E0008421D51C5A18011B0031000CE664E81653
:1014F00000617FFD848095B188C0806438F310114D
:101500005EF78065E9038C6196D8504200244C4513
:101510007FF7E671E903109100008CA197685021D4
:101520000044D5C53E17ED3DFCC0FC444441259028
:10153000B1C4810283833A2214003A2394202E57A7
:10154000026E8048422E147338600911E026E83696
:101550008540148F8001B61F810AF101A638A6B913
:101560008801885C9690EA5080228009F583F28297
:10157000EA9CF202F503C0124004801096924201E8
:1015800014738120B41F8D41381025018001964BC2
:101590004E140003840096038B008CE2B0084C705C
:1015A0007FDE40042816880690015EF00100E90401
:1015B000440000FFD5044E04000384009600FCC4E0
:1015C000FC488003B67F003F806C8101F28280225C
:1015D000F381222F8030F2892E370280002F806421
:1015E000F485F287F586222F8034F388C02280614B
:1015F0002E77026EA64AA61B808842409C73380252
:1016000000008023962E8C2784C0C80DD51400308E
:101610007FFF8088A60042419C73380200008C2422
:10162000962EC0098CC1B47F97B080014C61FFF148
:10163000F005FCC8B41FE2C0E8FCF007878F5090AB
:101640007FFF549480FF8D21B00C40948408892042
:10165000F009122F8015E04014FF800BD5135BC8F2
:101660000F04480000940035000300450002800884
:1016700042021C7339C00C088CC1B41F97B04C6077
:101680003FD9F1029432F08340A08000F001C0E81D
:10169000440125A03A201400B00C2EF7026FEA4A4C
:1016A000F007C073F0010035000300450002B04CA4
:1016B0005A00014A8400878F84A0F084A608202065
:1016C0008001880396024E05002141E01C074FE28D
:1016D000001D884496924E25001941E13C074FE2D7
:1016E000001583C843E11C73380F0000542000200C
:1016F000C20C5420002F5A202F735420000F5A2060
:101700000F05C5724C0E40748C224C14FFD9E6A212
:10171000E938F00645C0002FA740E6B9E8A9F10670
:10172000942A88018C02802A8444F583DD5CF503C9
:10173000F1068CA1AF480035000300450002D598A2
:101740004C148024A60820208001880396028C2255
:1017500040501C074E05FFF688449692C5F2405152
:101760003C074E25FFEF838843C11C73C5EA39CE81
:101770000000540E00204E03FF744C14FFE5D50505
:101780004E53FF6FF004C8C6878FF005F108E201E1
:101790004EF2FF74F002F103F20B023F8015381095
:1017A0000411020F80124001881A9603E0204EF3C4
:1017B000FF6500050002806842301C73F0050025BB
:1017C0000003584000209C41F00196488C0196008F
:1017D00038418808F185F08148FFFF50F0048C0102
:1017E0009600F084D592838084A1D58F8CA19768D0
:1017F000D58FFC20443200002E67DE142E77DE04E5
:1018000044122A14844080A3992A5A08020A0042EA
:101810000078AD0802418038AD098086D5080042C5
:101820000068AD0802418030AD0980878C418C246E
:101830008C625A2804EB3E47EC90FCA0FC40DD593A
:101840003C97F6DF966E97C93C6403D744822A140E
:10185000CF108140DD405A00010D2E07EC90E3408F
:10186000E9043C0403DDFCC03C0403D6E009E904C0
:101870003C0403D7FCC03C0403DCE009E8043C045E
:1018800003DDD52784618027814838040611950A35
:10189000E00944722A14E81838250E11955AE049D7
:1018A000E913888788A7221200018A492252800101
:1018B0004034800142010424420194738020981A2C
:1018C00040008016D5068C218C615A1803E08006F2
:1018D0009603FCC0441228685A0802054402003CE2
:1018E000D503440200203A201404EB5F3A20100094
:1018F0003A209020DD9EFC4051FFF938F1994411C7
:1019000025B0F087B02AF289F497EA7D84C0EA4ACC
:101910008420844CB027106F8094DD44EB753C0B21
:10192000F6588420500F82A8442000F03E67F0C291
:101930003E67F0C13E67F0C03E67F0BF106F809712
:10194000DD42EA51842044200330DD42500F81CC37
:101950008420442000DCDD423C07F697C805020FD6
:10196000802E3C0BF697440229AC8420442000666C
:10197000DD4284003E07ED413E07EC8F841F3E07A9
:10198000EC8D84003C0BF6572E07ED2CC80D2E0075
:1019900006112E1006183E07ED2C9A8188013E276D
:1019A000ED2B3E07ED2AF00744122BC8F219503FE9
:1019B0008095504F80963C67F85C3C74030E49FF5D
:1019C000F5F1F08D84003E07EC8E3E07EC9184002B
:1019D0003C0BF6B1F00D4E0204E884A02E270280E5
:1019E000EA38D21A0010011B5A18021222100056AF
:1019F0004E140003FE4A5EF083E9E81122100057FE
:101A00004E140003FE4A5EF083E9E8098CA1976852
:101A100050000138D5E78400F094D5038401F09498
:101A20008402EB3E8400F08AF090F085F084F08828
:101A3000E0C7EA404063BC1BF0938E01F0A2F69B26
:101A4000EA2CF0868E01F09A000F8068F0A3F1086E
:101A5000EA40E2204EF204B0F108440230D03810DF
:101A60000500F18BF10894498801F0A0000F8088EF
:101A7000F0A1F020F10BA601E2204EF2048DF00857
:101A8000F206F10BEA3F44422BC8380204009636B6
:101A90004E020478F00738000511F109E0014EF319
:101AA0000471B025F0818408506F82A8F08284010F
:101AB000F083F10844200040F305F507B6DFF00B92
:101AC00049002E5C2E07EC8F001F80948C013E078E
:101AD000EC8F800649FFFC61EBD0C012021F8154DD
:101AE0008001964B5EF085DDE903440005DC2E178E
:101AF000E1469603FE0CDD53DD4A3C0BF6B12E07A2
:101B0000EC8E001F80942E57ED2CE201EABE3E07BA
:101B1000EC8E2E000611D004DD45962EC0042E0753
:101B2000ED2AEB9CEA66E606E833EBB396AEC20C10
:101B3000022F815480C296935EF105DDE903446073
:101B400005DC96B3D5142E200610E241E90E003FC5
:101B500082ABF21A4C31000A005F82AA2E27026F74
:101B60008E41D203C302CD0B222F81542E60061169
:101B70008EC5FF94EA4CEB5497B3D5122E20061174
:101B8000226F8154FF94EA4CEB5497B3D509226F2E
:101B900081544420003CFF94EA4CEB5497B38440BA
:101BA000E606102F8097E816500F8097502F82A8D6
:101BB000F30749FFF9C25A08010EF014C80B001FC1
:101BC00082AAE622E907000F82ABEA35C803DD40AE
:101BD000C0048408F08CD5038404F08C000F809737
:101BE000C008DD45962EC805220F8156E0C0EBAC3B
:101BF000222F81543C07F697E040E805F1108C2134
:101C00009648F190507F82A8003F8094802784A05E
:101C100044422BC8449FFF8040210007D317EBF8B4
:101C2000E006E802C20F00A08002048F8006A60B27
:101C300042052073880400A0000040A5240410A0E1
:101C400000008CA197688C24D5EA05CF800484C05D
:101C5000509F82A844A22BC8000F8094E2C0E82CB9
:101C600094728829F306A60BA64A4025000042205C
:101C70008C73202100004E24001BB0A5F281F20CD1
:101C8000583E0020F2828440F283B73F4420008017
:101C900096D844422BC8F50749002D70500E00011C
:101CA00055C000FFEA9B40FE0006E8048CC197B0D7
:101CB000D5D48401F08AF004400E00015A080120B6
:101CC000EB74E626E91C002F8094E64BE818F1043B
:101CD000500F82A884A044322BC8584080208C0426
:101CE000D22400107FFF00607FFE049F80068823BF
:101CF000421324738CA1AF089768D5F2F1099600BE
:101D0000B63FF10CF083F1813C17F697809CF1828D
:101D1000003F8094F00744122BC8502F82A84452F1
:101D200029AC49FFFC4F8380000F8094441125B0FB
:101D3000F095B02EEA7DEA4AF106EAC53C23F6B1F9
:101D4000DD4AF09EF113EA71DD4AF09F221F8154B3
:101D50003C07F69FFE0CDD53DD4A3C17EFB0E02058
:101D6000EABE80229693E454E802FA24964BE001FE
:101D7000EAEEF198EA648420442000C0DD42B032EB
:101D80008420EAAADD42F015501F82A89402850043
:101D90008801F09C148F8016148F800E148F80128F
:101DA000F01C4C700155A63BEBAA8802A67AF206FD
:101DB000EAB9A600F091962E4E020147F0115A089A
:101DC0002F04480000CF5490000FE72B4EF2013D46
:101DD000DD5D506F839842648073501F810C400416
:101DE000900838108000C10CF0155CF0002DE8045C
:101DF000EA66E603E908EB0B4E02007AD504F00C24
:101E0000F192D50284048E01501F80B99600F18FA3
:101E10009401501F86C88801500079F3F09D40045A
:101E200090088140EA648940F00FA67A00507FFF55
:101E3000A63B88A0F00F976A200000004E55005383
:101E4000F206E0A2E84F880196024E05004CF1131D
:101E5000E001E8482E17ED405A1801158025EA3FA9
:101E6000EBAAF311382104004C21800DF207381140
:101E70000511A0B68822A8760213000E8C21121339
:101E8000000E00150000C90EF2068025EA3FF20799
:101E900038110511A0B58822A875F1128C21964839
:101EA000F192EB74E624E81EF2068025EA3FEBAAE5
:101EB0008841A6D05A380F17FA6FAED0F2073841D2
:101EC0000511F1188A814E47000E806AA059B0A60C
:101ED0008824A859503F809AB61F802A840149FF60
:101EE000F9CBF50FF11D8CA2F58FD99FEA64403430
:101EF00090088860A618C82022038000F112A1353E
:101F000042500424442003E89A6CFE544010943656
:101F1000A6BB1213001F1203000FA67A8804A8356F
:101F20008401AEB0AEB1AE72AE73102300261013B2
:101F30000027AE18D518A63AA673E220E803AE3300
:101F4000D505A672E201E802AE32A63BA671E220F8
:101F5000E803AE31D508A670E201E805AE30D5033E
:101F6000B1B2852B22A38000F01BE00AE806000333
:101F700000288C01100300284EA7001AF119F00761
:101F8000A6BBA6FA49FFFAD30213001E882012133B
:101F9000001E00130037E201EAEEE61410130037CA
:101FA000E906000300388C0110030038F0155CF0DE
:101FB000002DE91022F3000F840342050024E00FF6
:101FC000E809EAF585405A00FF068C011003002954
:101FD0008540A0342213000F880AA834EB75EA6507
:101FE000FE0CEABFE00AE808DD40C8060403000C66
:101FF000880A1403000CF018404500014E470025E4
:10200000EA6440149008882020538003A009B0A6F9
:102010008804A80920038002503F809AB61F8400DC
:1020200049FFF92AF00EF1168C01F08E220F804C38
:102030008820220F804DF1968900EAF55A00FF05AD
:102040008C01100300298CE448FFFEACF204DD5D36
:10205000501F86C8421100730400FF3480C2F0B2E2
:10206000E2DCE847EA6494B48840A0114E070026F9
:1020700044100044503F839842330473A11240102F
:102080000409964B888140420096A919A11388241F
:10209000EA62A85AF1708801F0F0F171A01288018B
:1020A000F0F1F072001180388880F4F2C10602016C
:1020B000801EDD4A10018039DD5DEA41EA85F23695
:1020C000A00C8CC18802F0B600208029000F80F19E
:1020D00097B08802100F80F100208028000F80F058
:1020E0008802100F80F0B03280404900243AD5B900
:1020F000F1704E170008F071DD4AF0B3F072DD4A5E
:10210000F0B4F00EC826049F8033F01E048F803494
:1021100040048017EA50F00644122BC8E320F02355
:10212000F20640903C1AF01FB0EE40040017EA326D
:10213000F0138141E300F02140803C1A4000A400EC
:1021400042040873A78084408ECF5C630001D522CF
:10215000F016F10E40200456F0339A824E2400030C
:10216000FE92F00EF134400400169A084E0400036B
:10217000FE02FE04EB9AEAB8F104EAAAE23CE8C4E3
:10218000503F86C8423088738C211401FF3796482F
:10219000D5F6981A38710C00A60188E988089700CE
:1021A00097F880248007F28FF38EF48CEA9CF40C6D
:1021B000F30EF20FC00AF00688EA42720073A638E6
:1021C0005A080F048CC197B08C425A2810E485201D
:1021D000048F8004EA4C8149EABAE31CE834DD5DEF
:1021E000507F8398427400738007F28EF18CEB5E0F
:1021F000100380358007EB3300438029005380357E
:10220000EB26FF1C10038036FE2C40020016100344
:102210008021A03CF10CFE1CF336F20EEBD502330C
:10222000801F9600E2614011BC1BE34340A1BC1B30
:10223000E20240203C1BE32040903C1B5004000184
:10224000EA32D5CCF004400E0001E402E9198B41DA
:102250005EF5012DE810DD4EFE14EAEB96005CF011
:102260000033E9095CF48041E806E6C2E909EA7C4A
:102270005A0801078401100F80E83E07F0BF020FE3
:102280008154120F8073B032EB33100F80FEB032E6
:10229000EB5E004F80FE002F80F1DD53FE54F5050C
:1022A00042220024EA55503F81CCFA4442328873DE
:1022B00080A38043F332100F80FDAAEAF304AE2F0F
:1022C000403E0C01AEEA023F8073000F80E8ACD4C0
:1022D000F3369648A8D1003F8094101F80E9AE6E77
:1022E00010410010AE2DAEEB2E07EC91F1044440EE
:1022F0000044E23CE80D502F839842209073002167
:1023000000378C21E20240013C1B9648D5F33E0782
:10231000EC91F004E21CE8373C13F6579619E220E2
:10232000E807001F80143C0BF6573E17EC8D3C135A
:10233000F658E201E8033C0BF65844100044F2045E
:10234000EA51EA5F002F801410200034022F80121F
:1023500012200020F0048C019600F0844C0E7FF1D6
:10236000F105EA9BE2204EF20B5E8C219648E220BA
:10237000F1854EF20B5840FE0006E90548000B536C
:1023800005CF8004F00B15CF80048C019600F08BF4
:1023900048FFFB71F00A5A00010FF0088C0196000B
:1023A000F08848FFFB562E07ED2AEB9CF00DF090CD
:1023B000F085F084000F80103E07ED6884008020D7
:1023C000EB1CF4049688E244E80C502F83984220DA
:1023D0008C73002100288C21E20240013C1BD5F2C5
:1023E0003C0BF8845A4801462E10062AE220E841A8
:1023F0003C37F85C840394D940318076001F839881
:10240000000F8399002F839B8820000F839A9021CF
:102410008840EAB190413C0BF11884009F913E073F
:10242000EC949E0996DB9600EBD884A08C2197B0A3
:102430008C41E020E91B8086E044E91580E004AF90
:1024400080074272247338751D11E067E8038CA180
:1024500097683CF7F118E0EFE8033C7BF1188C81BA
:102460009720D5EB8C019600D5E53E57EC94D50727
:1024700084003E07EC94EAB13C0BF118020F801A7D
:102480003C0BF659490019AA3E07ED41EABC5A082F
:102490000107581080803C1BF67ED506440FFF7F55
:1024A000FE463C1BF67E000F80958420F091000FC5
:1024B0008096844BF092B02EDD448420844BEA64F5
:1024C000DD4484A0EB6E8E21EA8F500F81CC8E41CB
:1024D000F305D31FA6C34C30C006EBA258318001D0
:1024E000EBC6A6C14C314006EBA258318002EBC6C8
:1024F000A6C2CB05EBA258318004EBC6A6C0CB0523
:10250000EBA258318008EBC68CA197688C14D5E1FA
:10251000DD404E030121441005DCEA6D3E07ED303D
:102520003E07ED3C3C0BF69D3C1BF1173E07ED389A
:102530003C0BF69B3C1BF1163E07ED353E07ED3498
:1025400050AF8398838081008127F0044C800087FE
:10255000800AEB5E10050035800AEB333C13F69DD4
:102560002225000F10050036960BE0403C03F117C2
:10257000EB203C1BF69D9643E022EBCD3C0BF11784
:102580000015002700050026EA35C8163C13F69B07
:102590002225000F960BE0403C03F116EB203C1B7C
:1025A000F69B9643E022EBCD3C0BF1162E07ED3562
:1025B0008C013E07ED35F004E602E9483C63F14248
:1025C000978E97B1CE43EA9BE2C0E840DD54802766
:1025D000EA8580010010811BC114501000385000A2
:1025E00000A82220800222500002224080032230D4
:1025F0000003838AB902B80188458864EB9483801C
:10260000DD548027EA850020811B80015A28021CA6
:102610000210808C5CF087D0E90904000044E01CC3
:10262000E905B02E842138102008DD548029EA8580
:102630000200808BC0085EFE2711E805EA64842151
:10264000381020088CC197B0D5BF50540001548277
:1026500080FF50A5004448FFFF7A3C07F69B2E30D0
:102660000ED92E17ED38EBF784A05E400259D31235
:102670000061011B5A68020A22F100935EF7814A49
:10268000E904C4038C2196488CA197685021013835
:10269000D5EF3E17ED382E17ED35E622E90DDD5367
:1026A000DD4A5200000DE405E907E40AE902840965
:1026B0009600F088D5038405F08849FFF41B3E0797
:1026C000ED34F00449FFF3953E07ED3C5A0801074D
:1026D000440000323E07ED33D5075A080206440095
:1026E00000323E07ED322E07ED33C00D5A000105D2
:1026F0008E019600D50284003E07ED3384003E072C
:10270000ED32D50A2E17ED32C1075A1001049E0989
:1027100096003E07ED322E07ED33C8062E07ED3248
:10272000C803EBB2C00484013E07ED30F004E602BA
:10273000E90A2E07ED35E602E9103C07F6DFE4145E
:10274000E804D50BF004C809EBB2C0078E013E07C0
:10275000ED31D5038405F0882E17F0C68500C947F2
:10276000DD45EA6CC843F00549FFF86A8100DD40A9
:10277000C83EEB9F9E8C9611E606E80B523080090E
:10278000EBD1FE1C443000A0EB29844540800916A3
:10279000F0058E049600E607E802FB18EA66E603F9
:1027A000E826F0055A080224F0045A0802213C04E5
:1027B00003D68C08E001E91B020F81DB021F81FDBB
:1027C00096C3968BE062EB4596035EF000A1E90F9D
:1027D000EAFE5EF781F4E80B000F81D8C808000F0D
:1027E00081ECC80544800032D5028101400404090F
:1027F000F093F00484C08E039600E603F08CE803A7
:102800004460014A5CF30118F68AF68FE80444003C
:102810000118F08F5CF30119F68BE90444000118EC
:10282000F08B5CF3012DF68DE9044400012CF08D52
:1028300051CF8398840080FCF086000F8018F1044B
:10284000E2014EF2026FDD40C819EA66E603E816BF
:102850002E000F1C8E01E607E8112E0010548E0189
:10286000E607E80CEBB2C80ADD45960EC805440041
:102870000046F089D503EBD1F089F00900138034CC
:1028800040902000F012E60AE908FA04EAD6EA5776
:1028900000017B109606C80FF011E60DE90EFA0450
:1028A000EAD6EA5700017B10C0088403EB89409008
:1028B0000409D503449001F4000380260013802707
:1028C000EA35C005F009F11340900400DD404E03E5
:1028D00001EB2E07ED34C8132E07ED35E602E90FA4
:1028E0003C17F69BF00885EA2253800FFE0CEABFE6
:1028F000E005E805D10484013E07ED34F106B02E71
:10290000A0FCEA4600238029F08EEA64005380355B
:1029100039E08000DD5900438036964E00A38037B1
:102920000203801F4E1300CBF10CE623E8222E1782
:10293000ED334E1300B92E47ED32EB83CC044E122B
:1029400000BED5084E1308735CF2002E4EF2086FDD
:10295000D575E626E806F1045A1003044800086B12
:102960002E17ED345A100104480000A948000863EE
:10297000F104E6234EF200989E56E6274EF20094AC
:102980009E6BE622E8049E62E623E9099E63E62246
:102990004EF2008A9E6AE6234EF200862E17ED3331
:1029A000C9782EF7ED32EB83E92CC94B4FE3004A8F
:1029B000F10EC947F1045A18011CE648E80F5CF013
:1029C00001F4E9625CF30104E9705CF00262F10A6F
:1029D000E9725CF08118E865D56C5CF001F5E954AA
:1029E0005A5804625A4804604410014AD5645CF0A5
:1029F00001F4E859EB9FE433F10F40133C1AD55B27
:102A0000F4045A48010AC1045CF00226E9425CF36E
:102A100000F0E83DD50E5CF00226C107E93A5CF310
:102A20000104E83A4800080BE8065CF300F0E834DB
:102A3000EADFD5415CF300C8E82F441000C8D53B5D
:102A4000EB83C131F1045A1801132E17ED40C9264A
:102A50005CF00259E8075EF188FDE8045CF500646B
:102A6000E91D5CF3012CE81DEB1BD5255CF002276A
:102A7000E81A5EF186A5E817EB9FE435E8145CF5EB
:102A80000064E907D51044100172D515F10DD51376
:102A90004410015ED510F10BD50E4410017CD50B0E
:102AA000F10AD5098026D5075CF002624EF307C70C
:102AB00044100118E3214090BC1BF10E5A18010B81
:102AC0005CF00226E91E5CF480A1E91B449000A0A2
:102AD000D5182E17ED33C9152E17ED32C912EB8319
:102AE000C9105BE8010FF1045A18020CEADB5A180E
:102AF0000209E647E8065CF480C9E903449000C88F
:102B000000F38038A17D14FF800E3CF3F14222A334
:102B1000800F54F78002001380260443800C03E3E7
:102B2000801EE97704FF80045AF00104480000B9D0
:102B3000E6454EF200B62EF7ED334EF300B22EF717
:102B4000ED324EF300AE3CF3F14254F78080E906DB
:102B50003CF3F14254F78020E8225EF182BD4EF250
:102B600000A05EF283854EF2009C8E23E62CE804E2
:102B700044100190D50344100104E02A4EF3009163
:102B80005CFF00FB4EF2008D5CF003204EF30089E9
:102B90005EF201734EF30082480000835EF182BD55
:102BA000E81E5EF283854EF2075E9ECBE66CE8047B
:102BB00044300190D50344300104E06A4EF30757D6
:102BC0005CF003204EF307535EF201734EF2074FA1
:102BD000F30E5C4180035A28040CD55D5EF182EF50
:102BE000E85F5EF283E9E85C84805A20045A8E2311
:102BF000E62CE804441001A4D50344100104E02AA3
:102C0000E94A5CFF00D2E9475CF0032AE846D54375
:102C1000F4045A480146E645E8439F09E690E84037
:102C20003C43F1428E239648973EE62CCC053C432C
:102C3000F142972EC417E80444100244D502EB1B5E
:102C4000E02AE92E5EF18385E82B5EF285AAE8286A
:102C50005CF002EEE92540F189F65EF7817CE81D23
:102C6000D51FE80444100258D502EB1BE02AE918EE
:102C70005EF285C9E81540F189F65EF7817CE910BE
:102C80005CFF00FAE90D5CF002DAE90A5EF1839973
:102C9000E904D5065A480105840010038029840000
:102CA0003E07ED282203800FE009E8280003802971
:102CB0008E06E607E820000380359E43E622E806FC
:102CC000001380368E22E623E909001380368E2316
:102CD000E622E8118E02E603E80E0203801F5CF094
:102CE0000258E809DD40C80784223E17ED2810038A
:102CF0008029D5048400100380292E07ED285A0866
:102D00000208EBB2E614E8048C013E07ED31F00650
:102D1000129380208C01F0865073804448FFFD8F11
:102D20008520149F800680E92E000744E2E04EF2E1
:102D30000092850094BA440229AC80C88840B02A29
:102D4000A655383400008808882354A080FFA64187
:102D5000A614F289880196C08023800AF388EA9C31
:102D6000F308F209C02044022BC88940EA2C42A192
:102D70008073000500005A002F1754100020C11363
:102D8000961F84209748DE07B067380098088CC1EA
:102D900097B0D509B0E738518400D0058C2196C88A
:102DA000E2C3E8F18D025A8810CC943A441229AC5F
:102DB0008480408080004C43004A9C21EBA780AA7D
:102DC00045E00044D641B027EA41380010004210E7
:102DD00078732210800FF188B067F30838209400D0
:102DE000EA414211787322F0800F22140001C310CF
:102DF000E80FEB26FE5CF30840308C764010BC36C2
:102E0000E023E804549180FFD503549080FFF1063D
:102E1000E634E81704FF80068423503F810C4237D4
:102E200084738023E202806240303C1BE240EBCDA1
:102E3000AE09F006AEC88C01960010908002F086B4
:102E40008CA19768D5C0808AD5B78CE197F848FFE8
:102E5000FF6DDD40C00A2E07ED294E0202598E019A
:102E60003E07ED2948000254EA9DC8F6F0045A00D6
:102E70000106EADBE622E842D55DEA665A0802FB73
:102E8000EA7CE602E8F7DD45960E9601C8F344A217
:102E9000323C812050657F00EA5CEA508109447031
:102EA00001385A800B230005001B8E01E602E81949
:102EB00042241C2498320000011B5A080113800A86
:102EC000EA41F288EAC3F2085A08010C983250002D
:102ED0000100EA41EAC35A0801053E07F0C1D505E1
:102EE00050040001EA32D5DE2E07F0C15A0001C3BA
:102EF00050A501385A980BD2D5BD3C53F142974E9C
:102F00009769CD188005EBB944300D6898AC006125
:102F1000011B5A6802080221008BE643E9038C0179
:102F2000960050528138DBF34C00C005FA043E078E
:102F3000ED298400F088EA2C8E01F08AF508F1046E
:102F40004C50BF8BF008449000448C019600F089EF
:102F500080E0F008506F83984260247350030008AB
:102F6000F08BF0044C7001D0EA51EA7EA071A08190
:102F7000A0029A8AF10BB4219A08FE04EB9AEAB8EF
:102F80005EF007D18140E847A630C80D0003003548
:102F9000E602E80950030020A687EAC93810890034
:102FA000E62AE821A771F00AD80F00030035E602EF
:102FB000E80B50130020A60F44222B48EB1E3801CB
:102FC0000100E60AE826EA51EA7EA640C90F001091
:102FD0000035E622E80BEB1EA687EAC93810890007
:102FE000E62AE9048421AE42D516EA51EA7EF10AC6
:102FF000A741D91100100035E622E80D501000203D
:1030000044222B48A60FEB1E38010100E60AE90313
:103010008401AE0BEA41EAB700030034005080346B
:103020004C50416EDD59964E96494E130169503F02
:10303000810C81E1808180A1F206D21A008180009A
:10304000F2084C814012008180014C83C00E008147
:10305000800250278001E30440823C1B882880883E
:1030600054F100FF964B8CA197688C63D5E68101E3
:10307000E8054010BC3640808011FA24503F81CCD6
:103080004230047380238C282E27F0C3A6CACA3589
:103090005A380209E51FE857A64D5A100103EB7F85
:1030A000D5525A380351A64D4E820012C12CE51458
:1030B000E84AEA41EAB7A0CCDD53FE5CA0F440F058
:1030C0008DF65EF780284EF2011BD53DC9065EF5F0
:1030D0000A284EF20115D5375EF509C4E934EA41F4
:1030E000EAB7A0CCDD53FE5CA0F440F08DF65EF7AD
:1030F00080324EF20105D5275A38020FA64D4E8276
:103100000008C9215EF400374EF300FAD51C5A10AE
:103110000103EB7FD5185A380317A64D4E820012D3
:10312000C9125EF50641E8055EF40041E80CEB7F4C
:103130005EF507D14EF200E45EF4004BE804EB7F4D
:103140004E1200DE2E17ED294E1300DA0413000C88
:103150005EF0A711E908EA41EAB70410800C5EF0BE
:10316000A711E804EADBE622E90AFA24503F86C800
:10317000423004730011FB114E1200C2F105E62229
:10318000E925FA24503F86C8423004730001FB1140
:103190005A0801185A28010CEA51EA7EA044DD4E73
:1031A000FE0CA074EB315EF78033E96BEA51EA7EE6
:1031B000A044DD4EFE0CA074EB315EF78028E906DA
:1031C0003C03F658E6044EF2009B5A20015BFA1EBF
:1031D000EA225A00010D00130034FA04EAD6EA5735
:1031E00050017B0CA682E643E806D509FA1EDD46AF
:1031F000C048D5F2A6065CF00047E9435EF4004102
:10320000E840EA7C5A080131FA04EAD6EA5700019C
:103210007B125CF00051E8284482323C854B8440AC
:10322000503300300004001B5A0802170204000C3F
:103230005CF003E8E911A71CF28EFA24502F81CC30
:103240004222047380228008F38DEAC3F30DF20E4C
:103250005A080103804050057FFFEBA750840138D6
:103260004EA3FFE2D50CFA04EAD6EA5700017B111F
:103270005A0801465EF505DDE904D5415A280140AA
:10328000EA412233000FEAB7949C2200800FFAA48F
:1032900040F115F68481E00F3E47F0C0E80C0020B5
:1032A0008029C2090423000C5EF104B1E904104036
:1032B0008020D5259404FA24EB31E06FE80AEAF582
:1032C000C008EA51EA7E0400000C5EF004B1E81484
:1032D000EA51EA7E0423000C0410000CE022E80806
:1032E00000100029C10C842110100020D508E041F5
:1032F000E806EAF5C0048401100300208CE197F889
:1033000048FFFE31F009F08848FFFE1ADD40C81B77
:10331000EA9DC819EA7C5A080117DD45960EC813C4
:10332000FA1FEA22C8102E07F0C05A0001062E0725
:10333000F0BF5A080109FA1F44101F40DD50FA1F60
:103340008421DD43FA1FDD465A080105FA1F842057
:10335000DD43EA51F10449FFF0A044022A50EA8A11
:103360002E2702803C8C0180DD42F0045A080208BE
:1033700040140808840540808116D50EF00CE60341
:10338000E80740140408840340808116D505F00442
:10339000E606E90291018400F08DEAAAF304964062
:1033A000E223E80DEA41EA3F00108029E625E9051D
:1033B000F10D8C219648F18D8C01D5F14004040A61
:1033C000F091842340040408DD4AF0958400F089DC
:1033D000F08AF088000F8024F104E2014EF202DE50
:1033E000000E0026C005EBD38E214C00C008005E05
:1033F0000027C50CEB6E8E21D109001E0027EA358F
:10340000F1154014001A8001D502F011B905E02031
:10341000E806DD4592099606F08FD5038401F08F0A
:103420002E57ED40C522020E000EC8048401120E74
:10343000000E220E000F3CF7EFAEB906E00F022E91
:10344000000EE813EA558A019643EB2D3CF7EFAFE7
:1034500094012E200ED940378000841C4231007325
:10346000E023E8038400EA73000E00373C100320D9
:10347000E201E86D224E000F3C100321E081E86775
:103480002E100644003E0029E220006E00384EF265
:1034900002DA2E100645E220E90B2E200648FEB483
:1034A000E062E9062E20064AE2624EF202CC2E20AD
:1034B0000647C210E220E90E2E97EC8E2E700646CB
:1034C000E327E9082E77EC91407388F7E2E04EF2AB
:1034D00002BA2E77EC918C4140238856E040E908EF
:1034E0002E77EC8E2E200646E2E24EF202AC8E21C2
:1034F000E001E80B2E000649FF84E066E9062E0095
:10350000064BE2604EF2029FC522020E001F5CF0E5
:103510000190E816EB2DE60BE913DD45962E96019A
:10352000C80F3C17F856E43FE90BEAFE5EF7814A04
:10353000E807F10D5A180105EA73F18AD5085EF221
:10354000012CE805F004E6034EF20298DD404E033C
:1035500001B0DD45960E4E0301ACEB2DC022000EEE
:103560000002441125B0F08E000E0003EA7DF092B7
:10357000000E0021229E000FF093000E0026007E18
:103580000036F08BEBE3F08C000E0035F086020E77
:10359000001FF094B02EEA4AF0045A08010ED51626
:1035A000FA1FEA225A0001044800017AFA1FDD4698
:1035B000C0D748000175F0045A080215F0055A08F2
:1035C00002123C07F6DFE40DE80D5EF48190E90D90
:1035D0005EF48320E92C5EF485DCE82B4460006E09
:1035E000D52C5EF48190E80BFA18EB895EF07F9D94
:1035F000E9205EF02774EADAE820D5155EF483202E
:10360000E808FAD342649824DD4EEB3E97B3D51513
:103610005EF485DCE80EFA0EEB8944107593E02029
:10362000E90AEADA406018D697B3D507EADAD50591
:1036300084C0D5034460012C8460EA4081438E013C
:1036400080A3F096B06EF00B38208D00F59B88407B
:10365000941988019690A701F00CF39A888097201E
:1036600080028024F299F498EA9CF418F219F31A73
:10367000F51BC03544022A5C38000800C002C42F84
:10368000EA2C42220073F0073810091144022BC8BB
:10369000E02638200800E815F40C04FF80169C2969
:1036A00096004C47C005CB039C2A96005EF0FFBAFB
:1036B000E8075015000154A080FF80A0D50280A02B
:1036C000F00BF10CF59AF299F398EA35F318F21928
:1036D000F51AC0055A282F049C2A97408C615A3845
:1036E00004B3F00BF10CF596EA35F5165A0801080B
:1036F000E6A34EF301AE8541480000C24EA300068A
:10370000854340A51406D5028541E6A2E922E6E5F7
:10371000E804F006E605E91DF0135CF00050E90A44
:10372000F0145CF001F5E806E6E3E904F006E603D0
:10373000E810EA7CE602E807F004F1054C00C00955
:10374000E602E906E6E3E904F006E603E80285415D
:10375000EAF05A08010DC50BE6A2E8CEEBDF840CB7
:10376000FE0CFA24DD4A9603E120E9C64EA3008848
:10377000F00C8E1BE605E904854048000081F00B43
:103780008E02E60EE80944A22BC9EBD8840080A083
:1037900080C08020D534FA1FEA225A0801EFFA1FB0
:1037A000DD46C0F2D5EAF20E04FF800B05EF80077C
:1037B00042F1247344322BC7EBAA3841BC003821B4
:1037C0003C0038353C0038FF3D115EF78064E9214C
:1037D0005A481F1B8CA197685A301F044800013DAE
:1037E0008C0196005A401F04480001378C219648EE
:1037F0005A281F16F20E8C419690F28EF212F30E9A
:10380000E243E8D2D5165A301F0448000126D5E914
:103810005A201F095A481FF05A381FEE8CC197B022
:10382000D5EA5A481F045A301FE78CC297B0D5E337
:10383000E227E80FF1069449E0E1E909F106E62301
:10384000E806D707FE3D5CA00001D5048540D502FF
:103850008541FA1FEA2281205A080112FA1FDD462B
:10386000C80EE2C74EF2FF49E6E4E809F006E603B7
:10387000E806EB6EF5128E21D9028149E6E5E905ED
:10388000F0065A080108D5085A780105F006E60541
:10389000E8035AA80105EAFCC802EA73000E0020FA
:1038A0005A0801078420101E00293E07F0C2DD409F
:1038B000C845001E00225A180111EA73003E000399
:1038C000000E000244422B48E260E93894818844AB
:1038D0008C01AE519600D5F9002E00235A28011311
:1038E000EA73001E0002003E000344422B48E261DE
:1038F000E92550008020940188048C21AE819648EF
:10390000D5F7EB43C90CEBE344222B489401880222
:10391000A6015A080105101E0029D510005E0001FD
:10392000EA2C8E01D80BEBE3EAC9EB1E9401880167
:10393000A6015A0801048400EA73EB2DC027F00F9A
:103940005A080125F008EAAAEBD9426008739C34B2
:10395000803CDD5C000F802450630028AE30000FF7
:10396000803CF109AE37841FAE3644022A50002F46
:10397000802038200408F108EA9BE020E806800156
:103980008C019600F088D502F088F00951CE0044F1
:103990008C01F08948FFFD20F00A5A080109000F48
:1039A0008028EBC484003E07ED25D510EB0B5A08A8
:1039B000010E2E07ED258C019600E6153E07ED253C
:1039C000E9058400EBC43E07ED25000F80203E078B
:1039D000EDBCEA665A08020FF0045A08010E001FF7
:1039E00080942E000610E220E8072E07ED2BEB9CBA
:1039F000D5065A0001052E07ED2AEB9CF010C00DEC
:103A00002E000614F11750000064FE448001DD53BF
:103A1000DD4A3C0BF697D551020F802E3C0BF697F2
:103A2000D54C15CF800448FFF4C7441000DC48FF94
:103A3000F843441000A048FFF83F4410010448FF39
:103A4000F83B8400EA738401F08A48FFFD5F4EA3CF
:103A5000FE5448FFFE8F5A201F0448FFFECD48FF4A
:103A6000FEE65EF283E94EF2F91C84805A200404DB
:103A700048FFF8BF48FFF915DD45962E9601C80AA4
:103A80003C17F856E43FE9063CF7F6DF5EF7803373
:103A9000E80F5EF200C84EF2FD5BDD45962E960102
:103AA0004E03FD563C17F856E43F4EF3FD51EA73C2
:103AB0008401F08A48FFFD4C51FF86C8FCC0FC0021
:103AC0003C300326FA0F3C400327FEC4441FFFE1AD
:103AD000440079184061A8084202047384404452AB
:103AE0003F04C00740100409882640108037D502E3
:103AF0008023381289098C4188045A2820F4FC80DC
:103B0000FC40EE982E07F0BEE602E804DD40C01B44
:103B1000D51DFE04E40AE9028409EBE6EA4CFE4CFA
:103B2000FE44EA55846BEBF70041011BC406838217
:103B3000BC43B9C4FF04BCC38E6196D85021013880
:103B4000CBF4D5E5DD45960EC0088540EA6D80C70B
:103B5000804A812A8502D552EAF05A0001062E07D2
:103B6000F0C25A0801F4EA785A0801F1EA7C5A08CE
:103B700001EE3C0DF79ADD53FE04DD4A844BEB0E5B
:103B80000030811B5A38020D0230808C5CF183E8D2
:103B9000E9078381BB44E06040303C1BBBC48E41DD
:103BA000969050108138CAEDD5D1DD59EAC6966E8F
:103BB000C92B5A08012A9455B00288202203001EFE
:103BC00022330056A8092203001F8C41A80A500086
:103BD0008008A8C180012233005718900010A8CC9B
:103BE0008386BB449690A8C1B843A80EB80DA80F11
:103BF000EA5CEA50EA995A900B1A0203008A108391
:103C0000011CC00FD5D35A0002D85A0004D65A0856
:103C100003098009F281EA5EEAE2F201E220E8CCDF
:103C2000EAC65A0801E78140D5E4EA78C03AEBFCDD
:103C3000B042806A490017E2DD45962EC0328440CA
:103C400080220203808AC0220003811B5A08011FC0
:103C50009415B0C288032233801E22438056A8C127
:103C60002233801F8C41A8C250300008A9198060FF
:103C70002243805718118010A9048387BC44969072
:103C8000A919BB43A8C6BB0DA8C78C219648507381
:103C900081385A180BD8EBFCB0428460490017AE4B
:103CA000ED68FCC0FC41448001384270A024EB0F59
:103CB00081409837812250000034838149FFE4120B
:103CC0005A980149DD5D4432102442350073502179
:103CD0008028983750100030A11D11C10006A6950C
:103CE0005050003810200048A909A09A504180087F
:103CF000ACAAA0A1A11CACAB1240001D22218011D6
:103D00000041802B501001301220001C104001385F
:103D100050000120AC83002180380051802A1020FF
:103D2000000A02218022AF4FAC84A09998375070CE
:103D30000100142000408007F181EB5EF1011000CA
:103D4000800B8007EB33501E000180464220A07399
:103D5000AE14DD548026421E00730250808ACD0CC2
:103D600050008128EAAA4412102442150873A08A40
:103D7000A04BAC82AC43DD54426E0073EAD3109387
:103D8000011CD0048CA11253008AFCC15EF0006EAD
:103D9000E912C903EAC9D5065A181122EAC9502105
:103DA0000020380089005A00FF048C01960038007A
:103DB0008908DD9EC90944022B48381009089491EE
:103DC0008840AE51DD9E5A18110BEAC950210020DF
:103DD00084003800890894918841AE11DD9EFC4032
:103DE0003C23F67C2E77E208968E9691440230A012
:103DF0008420853FFB50445204E41090000010A042
:103E00000001CA078C2196488C025A1812F8FCC08F
:103E1000848096E0E267E8F73862910094E14C60B4
:103E2000C0158865A6D9E670E809206000005A67C9
:103E3000FF04E0C3E80AAEC0D50820F000015AF044
:103E40002004E06FE802AEC18C81D5E4FC48840018
:103E50003E07EC93842044022A7044200048DD424F
:103E600044022E60842044200240DD42B0078420BA
:103E7000FA54DD428440841F2E17EC938142810264
:103E8000B61F80A244322A70444230A0B4DF3842C8
:103E900009108CC1F4818C81963244722E60F483B7
:103EA000951540921C00B61F444230A0941188041E
:103EB000F084440209F884E045C000FF880280874E
:103EC00083DCF085F001E007E807F0042000000142
:103ED000E0E0F082E903841FD55FFA02F505FE3CBD
:103EE000385280005BE8FF0E008F800040F2A0088F
:103EF00083C53801A101400780043801A109D526F6
:103F00004DE2801B5BC8FF23E686E8063801A1016D
:103F1000EB8D3801A109B4DF4042A0088CC154A345
:103F200000FF40050010B61F3801A9018385FE2758
:103F30003801A909D50A5BC0FF0AE686E806380100
:103F4000A901EB8D3801A90984808C8197204C5FF1
:103F500000064C5E400580AAD50280A800048000BF
:103F6000FE2F960080C010048000B00738F01400C7
:103F700050F7800138F01408F0034C704007440FEC
:103F8000FF80FF878006D508F00250F07FFF4C7756
:103F9000800658030040100480008CE18D215A787F
:103FA0002093E686E80638019501EB8D38019509E6
:103FB0005BE0FF065BC0FF048C22D5028C218C41A4
:103FC00096485A20120448FFFF613E17EC93840084
:103FD00044322A70B1079680E241E80A3821810113
:103FE00038501000FEAF382181098C01D5F5FCC88E
:103FF000FC47F0832E000615F184FE029603F0853F
:1040000084003C0BF856EA7CF289F086442000409C
:10401000440230D0EA8ADD428400442204E4FA8279
:104020008060994238110000A7698C024212907397
:10403000F503383285095A0808F684C0440F800019
:104040003C0BF110447230D0F682F68183868146B3
:1040500081269630F08844023F04048F80033800A4
:1040600019018461F087FA1442830073F006E608B0
:1040700014FF800A22240000F0079758FE84904A1B
:104080009693F00A9E69E05C96481A24000141C1AB
:104090003C1BC00B80024E240003FE12E41FE90506
:1040A000F0028C019603F0823C07F110E002E80375
:1040B0003C2BF1105EF17FD9E806F0018C019603EC
:1040C000F081D5045EF10032E805F005E002E80970
:1040D000D51BF004E040E90BEA5C40900013D507E3
:1040E000F004E040E8FAEAD540A00013A6385A08E8
:1040F000FF05AE78AF79D508E201EB45AE38A639B9
:10410000E060EA89AE39F18DF38CF28BDD40F20B81
:10411000F30CF10DC8078002F208F38B49FFFE385B
:10412000F30B8C615A3813A8A6385A08FF0584008F
:10413000AE38AE398CC18CE25A68208D3DCBF85731
:10414000EA2A9D4244222A5C50000022848A84C2CA
:10415000846708110001A7D0008100015A78012B63
:104160004070A0005A700212C9052212FFFFFE5CC7
:10417000D50284204E8300062282800142140C73F3
:10418000CF0740109836D50484E98420D50284E313
:104190002282801242141C73EBEF4E1500075EF072
:1041A00085DDE805964BD5058420D503441005DC54
:1041B000AC688CA2D8CFEADB8417F202EA57969358
:1041C0003C33EFAC4440003242111024EAED964BF0
:1041D00084004E15000A80015EF0803340023C1AD4
:1041E000540000F09603E0623C0BF69FE8053C03A8
:1041F000EFAD3C0BF6AF3C03F6AFC0068E013C0BB7
:10420000F6AF8401EBC4DD45EA6CC803EA9DC00546
:1042100084003C0BF69FEBC4020F80023C0BF85667
:10422000F00912A000003C9BF6DF4EA300074E935E
:1042300000053E97ED3DFCC7FCC7FC4084203C1BBD
:10424000F6B23C1BF6B33C1BF65B3C37F85C3C100B
:104250000311844AE061E80B945AEA55964B5EF0EC
:104260008028E8092E27ED69CA08FCC08427FE5C77
:10427000EA55964B8520D50285215EF18064E90FD1
:10428000844F402188565EF10028E9095EF100471D
:1042900080E2E9034470004697FBD502FAF88443B4
:1042A000FED484444031887696DB80A05080048020
:1042B00084C08480814438229111E0E2E80A3C0302
:1042C000F6B3E0628C013C0BF6B3E8039C319781B6
:1042D000E02251C20001E8095A4811163C03F6B227
:1042E0008C013C0BF6B2D5155AA801109A8A4E24BF
:1042F0000003FE92E44BE90A3C03F6B28C013C0B4E
:10430000F6B2D5038541D5028540809C5BC812D5A5
:10431000505280244C547FCF4E92000684003C0BB8
:10432000F6B2FCC03C23F6B3C207EABA4203042447
:10433000EA913C0BF65BFCC0FC0144620000EA2AF7
:1043400022130012222300B4223300B6224300B508
:10435000225300B8226300B9B6DF49FFE29F84010F
:10436000FC81FC028400120F8007EA2A3C17EEDE73
:10437000502F800EF08149FFFE3DF00149FFE0BF64
:10438000F00149FFFF5C3C23F67E2E100615EAFE85
:10439000841EFE16E02FEB0DE805EA8BDD5BEB0DCE
:1043A000D50BEBA95A0801092E0006153C17F85A3F
:1043B000FE02E020E9F3DD40C806F00149007CF28E
:1043C0003E07F0C4EBD02E17E14AE220E907EB9F4D
:1043D000C1052E17F0C45A1801048400D503C00388
:1043E0008E01EBF3FC82441200D8440228603A208C
:1043F0008C003A200C20DD9EFC40440210148420E6
:10440000FA40DD428401842044200D9C84C0EB2AC4
:104410003E07F0B1EA383C6BF67EDD4249001B14E2
:1044200049FFE0B03C03EED83C0803273C03EED93B
:104430003C08032649FFFB4584013C6BF6D549FF48
:10444000EA4B8401EBE9490009B68401490009B946
:10445000DD4E3E00063E440001863C08031DEAF3A3
:104460003C08031E440000323C0803204400015E67
:1044700084223C080321FA093E0006443E10064708
:10448000FA133E10064884243E0006453E100649B5
:10449000EB75FA383E0006463E10064A3E00064BD3
:1044A00084C049FFFFA2447204E444922A5C983716
:1044B000A601C810380398009E41E6308421E9081F
:1044C0008421EA35C00738039800441FFF87381459
:1044D00080088CC25A6808EDEA27EA2658010020B5
:1044E000EB0484C18407EBBF3C0BF67C3C6BF67D90
:1044F00049FFFC7749FFFCAC84003C0BF67B2E07A0
:10450000ECD8444FFBFF540000FE3E07ECD82E07CA
:10451000ECD83C6BF67AEA5D3E07ECD8EA27EA264F
:1045200040011002EB043C0DFB2FEBBF49006ADB9E
:10453000DD405A080108440004B049006ACD3C0F30
:10454000FB2FFCC084003C0BF6D5DD9EFC00DD4556
:10455000960EC008840249FFE9BF8402EBE9840299
:10456000D507840149FFE9B88401EBE984014900DA
:104570000928FC80FC00DD598401964EEB2A3E0799
:10458000F0B1C10AEB42C804DD45962EC005840295
:10459000EB2A3E07F0B149FFFF283C13EED83C5010
:1045A00003273C03EED9D9043C500326D0073C181E
:1045B00003273C08032649FFFA84FC80FC403C6347
:1045C000F85C3C840302808697B35EF305DD3C54BF
:1045D00003033C940304E903444005DC3C64030505
:1045E0009723AD982E37F0C612800000AD48129187
:1045F00000005A38012C3C63EF83846F44700064E0
:10460000FEE44264182440631CD640319C76E06688
:1046100040333C1BACC03C33EF8384C4FEEC4031E0
:104620009C76406218D6E06640333C1BACC83C33F5
:10463000EF83FAD8FFA442348C2440631CD6407127
:104640009CF6E0C74063BC1BAD90EAB596EEC3395B
:10465000846F44700064FEE440A19D563C33EF96A5
:104660002260000042340C2440319C76E143403506
:104670003C1AE06640333C1BACC03C33EF96FF5C19
:1046800040629CD684A4405214B622308000E0C51B
:1046900040533C1AE0A34051BC1BAD48FAB822314C
:1046A0000000FF6440529CB6E0A3EBF93C53EF9648
:1046B0004254942440729CF6E0674033BC1BACD05B
:1046C0002E37ED3D5A380132846FFEE444504E1FC0
:1046D000E0A3E805EA654031BC76D503443000C864
:1046E00022500000E065EB8A5EF204B0ACC0E90540
:1046F000846440320C76D5034430012C2250800073
:10470000E065EB8AACC8FA78FEE4445088B7E0A3D1
:10471000E805EA654031BC76D5034430015E22519C
:104720000000E065EB8AACD0EAB596FEC32EEAB590
:10473000A54096CEC3133C33EEEC97EB979BE0E697
:10474000EBF9ACC03C03EEEDA4C89743979BE0C5E2
:10475000EA89AC083C03EEEED5123C33EEDE97EB73
:10476000979BE0E6EBF9ACC03C03EEDFA4C89743AF
:10477000979BE0C5EA89AC083C03EEE0A4D09743E0
:10478000979BE0C5EA89AC10EBF8846440320C7664
:10479000E0034001BC1BAC084400004622110000AD
:1047A000EA65FF0440423C96E0244040BC1AAD104C
:1047B000FCC0FC008408DD585A000105EAFC5A08D8
:1047C000010DEAA88420DD493C03F67BDD5B3C0B50
:1047D000F67B84003C0BF6AE3C13F67B5400800164
:1047E000C00D3C03F6AE8C019601E6033C0BF6AE21
:1047F000E905841EFE0E3C0BF67B2E1006153C07C9
:10480000F85CE001E80C3C07F85A4E040003FE0295
:10481000E001E805440002008420DD49FC80FC0042
:104820008400EA778409DD58C004DD45EB8DEA7722
:104830008407DD585A000104EB42C005DD455800ED
:104840000200EA77EBA95A000104EB42C005DD45FE
:1048500058000020EA77DD57DD55960EC004DD458F
:10486000EA5DEA772E07F1E1C005DD4558000A2030
:10487000EA77EA9DC006DD5944008000FE0FEA7722
:10488000DD45C804DD45DD5BEA77FC80FC0049FFBF
:10489000FFC8DD453C53F6D5D008DD453C0BF6D5C9
:1048A00049FFFE5649FFFE68FC80FC4180C0814103
:1048B0002200007E2213000680E28A01B61F221326
:1048C00000072203007F81238A01F081801FEA23F1
:1048D000E20AE8188420844C44322AC48003EAB9EE
:1048E0000040000ACC0C22130006B6202213000759
:1048F0001090000AA841ADC48401FCC18C215A1853
:104900000BEF8400FCC1FC4080E080C1EA2A4450E7
:104910000138EBE7FF7C985D0020816AC24E84205D
:104920008041990D88838C380242001C40F20011AE
:10493000E04F40223C1B96935A1878F544500138BA
:104940008023421394735010813000A08008FB2212
:10495000A70F424524730090800B38401111E722C5
:10496000E90C9C79EA3842009473A6048E02E606AC
:10497000E804E7288401E90CDD5442338073020126
:10498000808AE6038400E904DD45920996062E1725
:10499000F0C15A100112E046E90F3CF7F85B3C17F2
:1049A000EEFD882FE081E8085A0801072E27F0C3A2
:1049B0005C210001D50284408002FCC0FC0284001E
:1049C000120F8004120F8005120F8006120F80074D
:1049D000EA2AF081501F800AB002B083503F800E57
:1049E00049FFFDEE222F8005F001221F8004223FA7
:1049F0008006224F80073C2BF85B49FFE77EFC8254
:104A0000FC40FA22EAC5FB2440100437854AEA71CB
:104A100084E09205FE0442008473EAB88427FE44D1
:104A20004090A53640A02956EB0E44420FAC4452AC
:104A30000FB8840B8047FB0887810030811BE6623A
:104A4000E92E0230808AE665E80496D8C323D502B1
:104A5000846587C080DE81E142FF207322F7801DDC
:104A600051EF000188CF54FF00FF40F78C06E9F4B6
:104A700040330C76E123E805A6E88C61AEE8D50862
:104A8000E06AAEA8E805A6E08C61AEE0D50CAEA069
:104A9000D50AAEE8AEE01030813DD505AEA8AEA097
:104AA0001020813D08328001E66BE90511C0813D8F
:104AB0001022FFFF08320001E675E9051020813D54
:104AC00010227FFF0030813DC30284E18E019600F9
:104AD00050108138C8B33E77F0C35A7801043E774E
:104AE000ED43EA7CC8112E67ED435A68010E3E077C
:104AF000ED43FA1EEA22C808FA1E8026DD43FA1E9C
:104B000044101F40DD50FA1EDD465A080105FA1E0A
:104B10008420DD43FCC0FC48EABC84003E07EDBCB9
:104B2000440FFFBFFE0EEB0DEA2A80C049FFFF488D
:104B30002E07ED415A08010549FFDAF6FCC849FF86
:104B4000F7E1DD40C818EA70F081440229ACF08238
:104B50003C0C0186F683B61F3C1C01813C0C018095
:104B60003C2C01823C3C01833C4C01843C5C018533
:104B700049007B83DD40C80DEA78E606E80AEBD001
:104B8000C808DD5954108220C9048006490081CC30
:104B9000440125C051CF8030EB25DD453A2E14204D
:104BA000EA6C9601F0842E00061484C050800064E4
:104BB000EA38F085812080E00204808AC008000481
:104BC000813680260024811C49FFF86E8CC197B085
:104BD000509481385A680BF284C044A00044EA78AB
:104BE000E2C0E81D4422102442232873500100280B
:104BF000A6465A18FF4DA6075A08014AF004C00AF3
:104C000022110011DD4EFE4422010022EB65E0205E
:104C1000E93E4900171DE60B8120E90B49000ECA49
:104C20002E07F0C05A080137EB753E07ED42D5322A
:104C3000EA8042300824983B500000348420F385F9
:104C4000DD42F305842198BBF3041011015E50018D
:104C5000016050210120C30784201010000A2E1784
:104C6000E1DBD5051010000A2E17DEAC840AFE0C1D
:104C7000AC1280298441800649FFF816490060D8AB
:104C8000EAC4804742248473140100518CC197B058
:104C9000D5A72E07ED42C00D8E013E07ED428405DB
:104CA000EB2A84E0EA2CEB0F8E028127F086D51BDD
:104CB0008401D5F7DD45960E9601C018EAC65A085C
:104CC0000204480000E9E603E824C02C5A00014D24
:104CD000F0044E030152EA5CEA50EA995A980B0438
:104CE0004800017DDD40C8EBD5E6001301035A18EA
:104CF0001F070013013BE623E80284051003013E71
:104D0000000301645A0801DC84001003013ED5D77A
:104D10005A080304480000D95A0804044800011541
:104D2000D5D80013011C5A1801D522230093DD4E5B
:104D3000FE84220300948CE1EB65E04097F8E903E0
:104D40008009EAA48009EA5EEB910013013E882203
:104D5000E0204EF300C2EAFC4E0300BF800984212C
:104D600049001643D5B60013011C5A18022F22130E
:104D70000094DD4E42140424EA62964B800949FFF8
:104D8000FDC45A080119EA93E603E915F106E001AA
:104D9000E81200130138E623E90EEA408E02E02013
:104DA000E80A80098CE184224900161F97F88401E3
:104DB000480000888009EA5EEB910013013E8822DA
:104DC000E020E9F0480000CC5A100103EA862223D3
:104DD0000093DD4EFE84220300948CE1EB65E040FD
:104DE00097F8E9038009EAA48009EA5EEB910013D1
:104DF000013E8822E0204EF2FF6D2E07F1E22213E1
:104E000000969600F0852203001E85418A01F08AF3
:104E1000221300972203001F8A01F08BEA66E60244
:104E2000E80800130138EA93EA35842040A08006A0
:104E3000B00AEA235CF001A54EF201945AA0014D9C
:104E40008400F205DD530233008AFE8C40A128095C
:104E5000E26AE8135A000114E6624EF3FF3B0423B2
:104E6000000D4400004BFE1404230013FE54E00127
:104E70005AF00103EA86D5305A08012F0203008A4E
:104E8000E604E82A00030048E61BE8268401100334
:104E9000015DD522EAAF5A08021084218009EAA4F4
:104EA0008009EA5EEAE2E220E95A8CE197F880099B
:104EB000842348FFFF578CE1840097F810030167B3
:104EC00010030166EA86EAAF5A08010B0003016588
:104ED000C8098CE197F88009842248FFFF435A00F3
:104EE0000207000301655A000103EA868009842154
:104EF00050A30034EAA4EB1B442002EE8463800A32
:104F000049FFFCD58009EA5EEAE2E220E804840178
:104F100010030165DD40C823000301655A00010745
:104F2000000301665A080120D507800A4900195478
:104F30005A0801F8D5140203008BE603E8140003B5
:104F4000015FC00DD510EAAF5A0802118421800913
:104F5000EAA48009EA5EEAE2E220E8058009490065
:104F6000158FEA868CE197F8EA868CE18009842027
:104F700097F8EAA4EA86EA2A0033016A81404E33B0
:104F8000FEAC2E47026E382E0C00EA93F48988405E
:104F9000400E0C009690A74100030138F38888A0CA
:104FA000976880028025F287F585EA9CF505F2076F
:104FB000F308F409C00B9692976A4222907338F571
:104FC00009115EF7FFEC4EF3FE888C625A3810DD53
:104FD00084011003016A48FFFE80EABC841DFE0EB6
:104FE000C702EA5DEB0D8540EA2CEB0F812A508069
:104FF0007FFFEAC6E602E9305A00042FEA5CEA5075
:10500000DD40C82A00130100C9110003010200435A
:10501000010344322B48E280E91F94818843381110
:1050200081088C01AE519600D5F7005301014C5414
:105030004014002301020043010344322B48E28262
:10504000E90B501100208C413801850894498823D0
:105050009690AE09D5F544022AC4880A0010000AC9
:10506000C1048E211010000A8D4CEA995AA884C3FD
:10507000445231400002FFFF1802FFFFA62DAE2E62
:10508000EA38D8F9DD453E700ED4960E3E900ED922
:10509000C80349FFFCB7EA2BEABC5A0801095400CF
:1050A00080013E07EDB83E07EDB9D50554008001FB
:1050B0003E07EDB8964E97898402CE25EAE15A0064
:1050C000011AC0065A0002225A000315D5262E07DF
:1050D000EDB85A080123EBB449001B6E5A080105CC
:1050E000FA068026D504FA06441007D0DD50FA06E9
:1050F000D5122E07EDB85A0001112E07EDB95A004E
:10510000010D8400EBB4D5098403EBB4EB1BFA0763
:10511000DD50FA078421DD43EAE15A000105FA0671
:105120008420DD43EAE15A000305FA078420DD43C9
:1051300049FFD97D49FFD81384003E07F107EA787B
:10514000E609E8074402012044120204490004A9C8
:10515000DD40C004EAAD5A08010C49007764FCC880
:1051600084015AA0010448FFFE6E48FFFE89FCC876
:1051700084A08005EBE744200D68986B0010811B2C
:105180008E22E622E8038C01960050528138DAF62E
:10519000C00584013E07EDA88401DD9EFC404677F2
:1051A000FFFF50738FFF80C0802744022A24FA5CDF
:1051B000DD42440241548027FA5CDD422E47E20B77
:1051C00080062E77E2659522844044622A24965018
:1051D000E227E8149552842096C8E267E80C38303C
:1051E0000602389314028C21E1234034BC1B38336F
:1051F000140AD5F38C418804D5EBFCC02E27E26558
:105200004618000084004442418044524128E00294
:10521000E80B38320000CB0638328202E02340111E
:10522000BC1B8C01D5F5840044522AB844422A2480
:10523000E002E80B38328000C306383202028A618D
:105240003832020A8C01D5F5840044524180444230
:105250004154E002E80B38328000C30638320202C3
:1052600088613832020A8C01D5F5840044524180AD
:1052700044424128E002E80B38328000CB06383245
:1052800002028A613832020A8C01D5F5DD9EFC40AB
:1052900044322AB884813841800844323ED82E579F
:1052A000E2653811820A2E17E20B44622A24FE447A
:1052B000944A884144724154842044424128449293
:1052C0002E3496C8E265E81338A30202383386020A
:1052D000886A38A106028A6A38A20602E143E80514
:1052E0003832060A3804860A8C21D5ECFCC0FC4210
:1052F00044823F4481202E57E2652E07EC964C50A5
:1053000000E044022AB88420844BDD4244024180FC
:105310008420844BDD4244023ED8843FFA5CDD4267
:1053200044022E088420FA5CDD4284E02E67E265A8
:10533000E0E6E81638041E025A0FFF1144023ED878
:10534000843E38101E0A44022AB8842138101C08F2
:105350003C7E02E880678421D5058CE1D5EA842073
:1053600080612E07E20B84A0FE1C9402880944424F
:10537000412844A22A2444F2415445C22E34D60F77
:1053800039E50E0238279602885E39E01602383E6B
:10539000160A8A5E3822160A8CA1D5F2846044A2CD
:1053A0004180E061E83944022E0884C038700E0262
:1053B000F08145C22A2444524154EBA0E0C04EF291
:1053C000007D2E07E20B81E642F38073384E1E0209
:1053D00038029A0294B288043844BE024C40401B02
:1053E00038051800C817EB92F58338000802F382DD
:1053F0005A07FF138441382518089C89B65FF201CB
:105400003801060A8027804949FFFF43B43FF5036E
:10541000F3028CC1D5D3EBA0E0C0E93649FFFEF022
:10542000842080C145C24128EBA0E0C0E82A3805AD
:105430001800C825380E1A0294B2C821EB92380021
:105440001A025A0FFF0744022E3438701A02D51C74
:1054500084813845180844422AB838420000CC0FED
:1054600044422E089CC93802060A44122E34B67FE4
:1054700038108802804949FFFF0CB43F8CC1D5D554
:10548000846048FFFF90EBA0E0C0E81A2E07EC967E
:1054900044123ED88C013E07EC96EB925A7FFE04F4
:1054A00048FFFF2B38241E0238701A0A38641E0A7F
:1054B00038709E0280C2D5F38C6148FFFF74FCC235
:1054C000FC01F081840080C13E07EC96843F4402D9
:1054D0003F44FA5CDD42843FFA5CEB92DD42F0012E
:1054E0003E67E26549FFFE5CF00149FFFF02FC8177
:1054F0004E050022E402E9204050080A8422CD052E
:105500008E22964A8440D507D0FC8C22964A405081
:10551000040ED5F64E15000E94919CD14050040E09
:1055200042F18C24E0AF8E224021BC1A964AD5F37A
:105530008002DD9E8400DD9EFC0049FFFFDBFC80D5
:105540009ACB8A02FEDC42300073DD4E40018016A9
:10555000DD9EFC00FE4C42100073800149FFFFCA33
:10556000FC80FE5CEA3F8001DD9EB42084614E1425
:105570000003847F4E140003FE4A84404040880E9E
:10558000C4048C419690D5FB5221001F9690401088
:10559000880CFE5CB6208002DD9EEA8FE202E80500
:1055A000EA4040008006DD9E8400DD9EC00BEA8F4D
:1055B0008E414C010008C106EA408E01FE0DEA6AE8
:1055C000DD9E8401DD9EFC20B4A0A101B461A00990
:1055D00080C54E540003FFAA44107FFFE026E9086F
:1055E00080C44E440003FFA2E0268420E807842202
:1055F000405284B640420496842180E34E34000336
:10560000FFDA44607FFFE0C7E90780E04E04000353
:10561000FFC2E0C7E80884C28C2140319876400080
:105620001816964AFE2C42020C75C11384814E0452
:105630000003849F4E040003FE024633FFFFEAFD91
:10564000E060E906C1058E219401964AD5FAFE2450
:10565000AE50FCA0FC006463040284606433040365
:10566000DD4464630403FC80808044123170DD54A7
:1056700042120073002081288402542100F010207F
:105680008128EB91100080E6100080E7846084019F
:105690008C41120080711230807212208070EAD426
:1056A000FA38420204738C08AEC4DD9EFC204442EA
:1056B0003F70FA58806442308873506180082E57DA
:1056C000DED38043A6F4E2659D59E903AF74FCA0E4
:1056D000FAC4423098738C6494D98864A582AD9BD7
:1056E000EB51443231704230987302318070E6637E
:1056F000E91DA5932230000897F3E0E34061BC1B4D
:10570000AD93A5928C4497F3E06740333C1AACD03C
:10571000A4D322000009979BE0C040303C1BACD3CF
:10572000A4D2979BE006EA89AC12FA184240807333
:105730001052000CFCA0FC438440814080E1812297
:105740009412880738338A11B42A04450001225084
:1057500000019D918A618AA496B0F382F5835A284C
:105760000403844094928847220100009A41220158
:105770000001F1849A84F2854C30C005DA0384007C
:10578000FCC38400EBD2B044B002502F800749FF25
:10579000FF1C4E0500048401D502841F4E920004B4
:1057A0004C907FEF80465A6004048120D5CA840162
:1057B000FCC384003E07F10B3E07EDADDD9E4412B5
:1057C00028845A08020544020090D5034402008050
:1057D000EB253A209420DD9EFC402E07F0FC3C2770
:1057E000F689E6032E80062B3C73F6852E300627BD
:1057F0002EA0062A3C4003103C2BF87FEBDF3C53E5
:10580000F4E8E91584C240910401406118D6E0C96A
:10581000E9045EF4812DE90B3C63F87DE6D5E907E8
:105820005CF280C8E804EADA3E67ED699591E0C170
:10583000E805C20484403E27ED693C900311E12154
:10584000E8055A00FF048C01D50284003E07F0FCF5
:105850003C23F6B3EAD33C2BF87D3C63F65BD804DB
:105860003C6BF4E8D50588A690A13C5BF4E82FC713
:10587000F10A4FC30007E029E8049C1D9600D502F9
:1058800080032E57EDADCD6C2EF7EC945AF8093706
:105890003DC0031285EAEB3740F79807E82F87C42D
:1058A00041E0FBD65EFF0028E90A5EFF012D839EE2
:1058B000E90345C0012C41CE0011D50345C00028A5
:1058C0003CF7F11840F784014EF4000452F78000D1
:1058D00040F7F007E8133DC7EEDE85E6EB37E02F33
:1058E0004EF200AEC2193DC3F884EA65EB3740F7CB
:1058F00089F65EF780294EF200A3C019E282E80D16
:105900003DC0031244F0001EEB3740F7880AE0CF99
:10591000E8049C1ED50BC00B85EA95A240633CD6DB
:10592000E0C2E805E029E9039C1A96008460E2875A
:105930003E37F10AE9053C33F884E26AE9233C3357
:10594000F6B2E203E81FE287E8038402EB6A3C0355
:10595000F884E20AE9172E07F10AEA90D5125A50A4
:1059600002E7540E0002C8622E07F10A5430000408
:10597000C3093C33F8843C40030FE283E903EB7135
:10598000EB6A2E07ED69C0048E013E07ED692E30EB
:105990000615E023E8123C07F85A4E040003FE0205
:1059A000E003E80B2E1006298403FE0C9002E04071
:1059B000E80484003E07ED69EAF05A080104840017
:1059C000EB6A2E07F10A3E07ED6A5A50011CC50B1F
:1059D0005A50021E5A58033749FFD3B249FFD3A485
:1059E0008400D521C00C2E07F1002E100626E201FE
:1059F000E90584003E07F100D5158C013E07F10052
:105A0000D521C8203E07F10B8402D50DC80B2E0707
:105A1000F10B8C019600E3003E07F10B8403E903D0
:105A2000D51184013E07EDADD50D3C00030F940365
:105A3000E007E99B540E00FDEB6AD597840048FF10
:105A4000FF772E17EDAD840040000406FCC0FC205B
:105A500080C02E470280EA80426088732E77E13E44
:105A6000500000E784A09649E2A4E816A6805A28D0
:105A7000040FD10D9EC702230070A4D88A439693C9
:105A80004E240003FE929691E247E9088CA19769A3
:105A900050000138D5EA8400FCA08401FCA0FC522F
:105AA000F08A2E07F1058141C0048E013E07F10501
:105AB000EA2AF09084003E000F043E000F0584C0E7
:105AC000EA7181269201F08280E6EAC59201F083B4
:105AD000EA9BE2E0F0884EF2011DDD544422317071
:105AE00042238073000100E783824E02010F5A08AF
:105AF00003044800010B000101325A080104480068
:105B000001052211000922010008F19AEB78F099B1
:105B1000C905F103E001569780018400EA69FA049F
:105B2000EB898500F08140452400A621E300E83A96
:105B3000EAEAC803E702D502E706FA18E81EF4010C
:105B40004244007350120008B019882AF48449FFB7
:105B5000FDF4F4045A080122888A00020018DD5B73
:105B6000EA69EAEAC8044E820005D517E703E8159A
:105B7000EAB358000010D510F101421400738C28CC
:105B8000B019882A49FFFDD95A080108001E010CE6
:105B9000440FFF80FE0FEA6950340001548180FFFA
:105BA000D5C350348001FAA496CF85004254942482
:105BB00094DDA623E300E81EFA18F5814254007331
:105BC00050128170B019882AF385F48449FFFDB51D
:105BD000F501F404F3055A08010A001E010C80C007
:105BE0005410809FFE5F101E010C50040001EA3229
:105BF000D5E1B843EA7BC90AEA31C0085A08200453
:105C0000FA1ED5034400004EEA69000E00E65A0869
:105C10000138B947BB4354408002C4165401800286
:105C2000C013FB18EAD44203A073EB1E225E0002ED
:105C300022800001E105E808AD41025E0008AD42A6
:105C4000025E0009AD4354018010C808C407540126
:105C50008002C804EAB3EA5DEA69B843965696162C
:105C6000C105C808EAB3EA90D504C004EAB3EB71F1
:105C7000EA69B8439606C804EAB3EA4FEA69048EB3
:105C800000454600F00040040002C017EA7080277B
:105C900049FFFEDF5A080112EAB3001E0117540043
:105CA00000F9EA69400460098C0F961F548080F067
:105CB00040840004108E0117B843EB1FC914B94784
:105CC00054108060C110003E01185A38010D001EAA
:105CD00000E85A100209BC454610F000FE66C903F0
:105CE000103E011554000061C810000E00E78E013F
:105CF000E603E80BF01AF102E0018401E8043E003B
:105D00000F04D5033E000F058CE197F848FFFEE233
:105D100084035A6001062E07F0F8C0048E013E0786
:105D2000F0F8FA1CEA22C82EFA1DEA22C82B5A689B
:105D3000010BEAD9C819FA1C8026DD43FA1C44106D
:105D400001F4D510CE1F2E000F045A0001062E00BC
:105D50000F055A080118FA1D8421DD43FA1D44106D
:105D60000096DD50D50F2E000F045A0001062E00BC
:105D70000F055A0801082E000ED8C0EE2E000EDDC9
:105D8000C0EBFA1CDD465A08011E2E17F101C91A94
:105D90002E100F043E07F1015A18010884013E0736
:105DA000E9D23E07F104D51D2E100F055A1001F857
:105DB0003C100782C9162E17F104C9133E07F103E0
:105DC000D510FA1CEA225A08010DFA1CDD46C80952
:105DD0002E000F045A0001E42E000F055A0001E0C6
:105DE000FA1DDD465A08010F2E17F102C90B3E07B6
:105DF000F1025A6801152E07F104C8113E67F1033C
:105E0000D50EFA1DEA225A08010BFA1DDD46C80715
:105E10005A6801063E67E9D23E67F1042E07F10198
:105E20005A0001062E07F1025A08010BCE092E076F
:105E3000F0F8C80684013E07F1033E67F104EA6604
:105E4000C006EAD9C8162E07F0F8C813FA1C842039
:105E5000DD43FA1D8420DD43840084213E07F101E7
:105E60003E07F1023E17E9D23E07F1033E07F10477
:105E70008400F081EB0FEA2C44923F70F083920192
:105E800045C21348F097EB60F108F082E2014EF250
:105E90000491EAC6507300344E0204825A08030388
:105EA000EACB000301665A080103EACB22130093F0
:105EB0002E07DECFFE0CDD53DD4A3C140302E0204A
:105EC000F189E8039603F089EAAF5A00010448001B
:105ED0000108801C84208442DD428420EA408444FE
:105EE000F08584003E07F1068009DD4200030101D0
:105EF0008420F092EAEA00530100F08BF005814122
:105F00008E01F08DF00580818E02F08EF005F18615
:105F10008E03F095F005F1878E04F096F00383C1AF
:105F20008E018061F184F08FF012E2054EF3008D56
:105F30000023010300030102F291F2038E42F28C6E
:105F4000F2038E43F293F2038E44F294F211E24094
:105F5000E977F203810542800873F210388121113C
:105F6000F209E048E86AC503F20FDA0CF20451EFD7
:105F700000018C4A9693F284F20B55EF00FFC22980
:105F8000D53AC004F20D4C01400851EF000155EF25
:105F900000FF8C6AD51C5A500104F20CDA0CF2078F
:105FA00050F10001542780FFF287F2048C41969350
:105FB000F284D51F5A000105F20E4C01401BF20776
:105FC0008C6150F10001542780FFF28796DBD511D8
:105FD000C516F20FD2145A50011EF20CD21B5A50A1
:105FE0000222F213D21F5A500327F214DA26D523C5
:105FF000F20BC2F0C004F20D4C014008F206890217
:1060000040240011F286D5195A000105F20E4C0108
:10601000400588889723D5115A000205F2154C01D6
:106020004006894840A50011D5085A000305F2161C
:106030004C0140048828964B8C019600D5888CA191
:10604000976848FFFF73F006E004E908E08AE90674
:10605000E141E90484013E07F106F0044E06000523
:106060004E360015D519F004E060E810EA93F117F8
:10607000F201E201FA38EAD4EA5FA640541080FC4B
:10608000E803EA21D502EA98AE40000F801C11EE29
:106090000000100E0001EA9300130138EA35C00930
:1060A000F201FA38EAD4EA5FA64058108010AE40F8
:1060B000EA93E602E905F1038E22E001E91100030B
:1060C0000138E602E905F1058E22E001E909F20155
:1060D000FA38EAD4EA5FA64058108020AE40EA2998
:1060E000EB1FC11C00130149C91904538047541206
:1060F0008060C1140013011B5A10011192A5920572
:10610000974F960FD80B2EA7E9D25AA801085A101C
:106110000406008301484E82038FEB625A08010493
:10612000480000D9C0065A080204480002F4EACB2D
:1061300000130164EA295A18010D0413000D5EF0E2
:106140009388E807EB1FC905EB43E6294EF30328C4
:106150000013011B5A1802060213008BE622E924E1
:10616000541000804E12031C003E00003C13F0A0AF
:106170003C43F0A1002E0001FE5C421208753C4336
:10618000F0A28A244E17030CE6684EF30309E64694
:106190004EF303062E17F1065A100103EACB2E1711
:1061A000F0C34E1302FD541000613C33F0A0C12730
:1061B000002E0000004E00013C53F0A1FE9C422244
:1061C00090753C43F0A284218A441013011A4E2793
:1061D0000015EB1FC111EB78C90F2E17EDBC5A1833
:1061E000010C2E27F1065A2001081013014C8425BA
:1061F0003E17F105D50484221013014CEB43002E09
:106200000001FE5C3C33F0A1421188753C23F0A2F2
:106210008A224E17000F963EC00C8401EB008402C8
:106220001003014C0003014058000010100301400E
:106230002E07E9D25A0801120413804354108060DB
:10624000C10C00130140EB00541080F910130150F1
:106250001003014C1003014AEB625A000103EACB20
:1062600000030140842010030150FA588009DD42E8
:10627000EAB10213008A12048002120480042E077D
:10628000E2768500E201EB45EBA7FA48540400FFF3
:10629000E20AE80E400520018027EA3F80018E18BF
:1062A000F102F2848D0149FFFA03F204D5F00203F2
:1062B000001C120480110203002212048012020347
:1062C0000023120480138404EBE584001203008B86
:1062D000EACBEA2A0003014CEB43002E00015A08E6
:1062E000011F3C03F0A03C33F0A1FE0C4201887575
:1062F0003C23F0A28A024E070013E626E9102E077F
:10630000F105C80DEA29EA31C007EAEAC8052E07F7
:10631000F1065A08010584021003014CEA29EB1F1B
:10632000C9060413804754108060C1150013014C46
:106330005A180112042380454610F000FE56C90B7E
:10634000001301495A1801089626C8058402EB007B
:10635000F002EB030203808C5A000104480000ECB9
:106360000013014AC10EEA29EA314E0200E55A182B
:106370000104EAD9C006EB565A000104480000DCCB
:10638000EAAF5A0801068007F10249FFF991042398
:106390008043540100645A00040B54010060C07330
:1063A00054010004C070EB565A08016E0014800CB2
:1063B0002E07DED34C00C068021480030254800212
:1063C00004FF80019B4D9669F18450A07FFF221449
:1063D0008005FA0442078024F185228480048463C6
:1063E00044107FFF8480F086E06AE81BE66A800341
:1063F000E902840904FF80069600880F8C0494014A
:1064000044523F7088058C612200000396D8E00456
:1064100083C041E23C1BE020EABE809E8020D5E59F
:106420009A61964B2234800B2204800CC40644A04F
:106430000064EB67EBEF964B2E47F107CC24F40A90
:10644000F504A5279521E0A4E81EF50AF4050252FB
:1064500080088A889721E285E8168803846240F0E4
:106460000DF63C4403032E37DED6FEE4E06FE80B66
:10647000F00A02000009E0204EF301F75401000188
:106480004E0201F354010060C00FEAD9C80A2E077A
:10649000F101C8072E07F102C8042E07F104C00459
:1064A000EB565A080149968EC24600030154C84370
:1064B000041380454600F000FE0EC83DEB0796260B
:1064C000C83A490054B5041300513C23EF668A01D1
:1064D000FA2E9601FE54E020E80EEA29EA31C02B9C
:1064E000EAD9C8292E07F101C8260203008A5CF008
:1064F0000083E821EAAF5A08021F85402E870280F8
:10650000E3484EF201C2DD5444123170EB05000045
:1065100080E75A08040CF0024CA000095003010067
:10652000501080CCEAC35A0001075055000154A214
:1065300080FFD5E7EA29541000084E1200CF00135F
:10654000014AC104EA314E0300C92213002222038A
:10655000009622A300234080800122030097148F1D
:10656000801B8B40B01B14AF801CEA230013011C5E
:106570005A1802091013011AF00249000A81480052
:1065800000A40013014C5A1801223C2DF7AEE24042
:106590004EF2009BEB079606C034EA299606C031FE
:1065A00080284E840003FE4A800A4EA40003FE02A7
:1065B0005CF005DCE804E2224EF300875CF0849294
:1065C000E820E2024EF30081D51C5A100204480074
:1065D000007C3C1DF7AE501083E8E2204EF20075BF
:1065E0003C13F0A0000E00003C23F0A1FE0C001EA6
:1065F0000001420104753C13F0A28A014E040065BB
:106600008402EB00440125D050AF807C3A200C007E
:106610002243002E2213002F3A250C2022030023B0
:10662000222300228A018A44F09EFE54FE02421078
:106630001073F0A1F29DF2A2F1A3B0214E27000544
:10664000441204C0D503441204B4804AEB685A08CB
:10665000020A800AEB013C238135490007955A0064
:106660000118F01E4E070006B021441204A8D504FC
:10667000B0214412049C804AEB685A08021B800A2D
:10668000EB013C2381354900077F5A08010DB42AEC
:10669000220300988A01F09D04150001220300994D
:1066A0008A01F09EB01DEA235CF003E84EF3010C72
:1066B00002030098EB3602030099EB90F002EB0323
:1066C000840110030154EA29EA31C807EB625A0831
:1066D00002058401100301490003014C5A0801140A
:1066E000EA29EA31C010EB079626C80DEB625A087A
:1066F000010BEB565A080108100301488402EB0015
:10670000F002EB03F201440213308420381009092F
:10671000D546000301625A000143F00144121330D0
:1067200094C13C27F13C38008111E040E905F401B7
:106730008C013800910938008C11E040E91A0013EF
:1067400001545A180117C215221300202243002EAB
:106750009AD0FE4442120C73EA55224300211213D0
:1067600000222213002FFE2442008C73EA91EB904A
:10677000220300224E050007EB01E020EABE96034B
:10678000D5028400EB36220300234E050007EBEB15
:10679000E020EABE9603D5028400EB90F001EA996E
:1067A0008C01F0815094802851CE000248FFFB6D8F
:1067B0004462317084A0814645C00138F008D03A67
:1067C000EA249DE95A080434EB5DE609E930549364
:1067D00080FFF0084C90002C810A4284F073000482
:1067E00000E75A08042002040070E609E91B22139E
:1067F0000009220300082224000822340009EB9437
:106800003C13F09EFE4CE220E90D000301175800F6
:10681000000F10030117000401175800000F1004A7
:10682000011750548001549280FFD5D49778EA998B
:10683000D5C6FCD280098028FA58DD42EAB112049C
:106840008002120480048404EBE50003014010A3DD
:10685000014A10A3011A10A3014C1283008B1003EC
:10686000015048FFFC5CF002EB032E17F1035A10B5
:10687000010448FFFF49EA29EA314E02FF4510139F
:10688000014848FFFF41F002EB0302048012EB369F
:1068900002048013EB908403EBE52E07F0B18C012A
:1068A0005410000F00038128540000F0FE0F100365
:1068B0008128EA29EA314E02FF27840110030148AA
:1068C00048FFFF22EAEA4E03FEFB00030138C0083E
:1068D0005A001F07B4AAC50444001B72D80AEA294B
:1068E000EA31C80AEB07EA31C00700030164C804B3
:1068F00002030098D502B40AEB36EA93C00A5A00A4
:10690000110904550001C50544003E844C507ED554
:10691000EA29EA31C808EB07EA31C005000301643F
:106920004E02FECB22130099040500018801842247
:10693000DD4A48FFFEC4A6C9A680E262E90FA68828
:10694000A6C1E262E90BA6CBA682E262E907A60332
:10695000A64AE20156078001DD9E8400DD9EA7085D
:10696000A6C0E264EB96AED0A701A6C9E283EB967F
:10697000AED1A70AA6C2A64BA603E264EB96E2013B
:10698000EAEEAED2AE53DD9EA641A600E220E905B6
:106990008C219A089600DD9E8400DD9EA643A60207
:1069A000E220E9058C219A089600DD9E8400DD9E98
:1069B000FC453C13F67B3C2DF79A96463C0DF7962A
:1069C0003C3DF7973C5DF7983C6DF7992E47DE6D9F
:1069D000C103952197202E900ED42E170280FE041D
:1069E000F18342131824F1842E17E275FF6CF185B0
:1069F0002E17EDBCFE24F18650148002F187DD5382
:106A0000405284B6FE94FF14E725F5824050080AF0
:106A1000406004D640503C1B4002080A40023C1B28
:106A2000FEDC8440810040A18556F68883C5EA706B
:106A3000B65F8381001F8000F203E2224EF200A9BC
:106A4000026000704E62009E2220000422100005A9
:106A5000E6C512200008121000098484E8039F3163
:106A60009721F4810040012DCC1D0240007C8A4416
:106A70000240007D96938A24964BFE4C4211087387
:106A800081E1F104E02FE80E005001000010010345
:106A9000D9060050010100100104D1048421101016
:106AA000012DB4BF4440004E8420FF2C8041F48966
:106AB000F401E244E831FA884251102440F0140015
:106AC00088A488A002478004A5EC02F780058A8785
:106AD000A56DF70540579401E2479723976BE8139C
:106AE00000F000E85AF80110F70940F3880050F769
:106AF000802A40F78808EA6D40F3BC001247800204
:106B000012578003FF6C42521073E0258C414012F3
:106B1000BC1B9690D5CEE6C3E8145A68020DE72553
:106B2000E805F207F406E044E806E02AE80414A0C9
:106B30000037D504F1081410003704100037D51FB2
:106B40000020012DCA05F10214100037D5189899BC
:106B5000E043E90840FF0807402F3C1B40217056E6
:106B6000D502804A944AE02314200037E907E10166
:106B700040143C1B4010F036D502802A1410003619
:106B8000B43F500001388C21B63F48FFFF55FCC58B
:106B9000FC4384C080E0F1818142810345C22AC464
:106BA0002E07E264E2C0E825840C813C4293007326
:106BB0000004800AC01BB449F1019A3AF08204042F
:106BC0008001402508019AC840040001F085B00208
:106BD000F284F383EA2302248004E202E807B0048B
:106BE000EA2302148004E220E9068CC197B0D5D9CB
:106BF0008400FCC38401FCC3FC4051FFFDE0F08332
:106C0000A600F187F38A4E0202054E220203E60C2B
:106C10008020E902842B9608E64CF0868002E90287
:106C2000840B9600F0823C3DF89C8400B08F842059
:106C300088403831060A8C215A180BFD5000002C70
:106C40005A09E4F63C03F67A9606C0083C03F67B44
:106C50009606C807B61F8401D5078401B61FD50460
:106C60008401B61F8400F085B00FF084F007F107AF
:106C700050600018F00285408E0196009405500087
:106C800000388801F088F00345C2313C8C08F08B55
:106C90004607FFFFDD41F08C8400F70BF081852073
:106CA000149F800EEA2AF089000380265A00FF0410
:106CB0004800014904437FFC04537FFB04237FFD0C
:106CC00004337FFEA07988648845B407EB94810083
:106CD000A131A03B8024E004EAEEE080944D4040E6
:106CE0003C1A40409096B407A07904237FFB0433FC
:106CF0007FFCF48D49FFFF4E5A0801044800012330
:106D0000B41FF40D5A080128F003A6005A08012404
:106D100000137FE8DD54805CEA570011011B5A180C
:106D2000021BEB745A180118500101300023FFFCBC
:106D3000A64700000008E222E90E0023FFFDE24121
:106D4000E90A0013FFFEE201E9060013FFFFE2205B
:106D50004EF2015280692E07F0C15A08012A001331
:106D60007FE8DD54805CEA570011011B5A180218B5
:106D7000500101300023FFFCA647E222E910002366
:106D8000FFFDE241E90C000000080013FFFEE201F4
:106D9000E9060013FFFFE2204EF20138C409C308E0
:106DA00040041017B4269405E0014EF300CE3C9D3C
:106DB000F89CF105E32840943C1A3C0DF89AC9046C
:106DC00040A01408D50B9405E080E9073C0DF89B22
:106DD0009405E00440023C1A814004037FFFE0096F
:106DE000E952F00AC02F4482313CF40C0004011B2C
:106DF0005A08010EB407A0792224001E2234001F75
:106E0000F489EB94F409E00440403C1B50840138C1
:106E100044023EA44C807FECE0894EF2008BEBE60E
:106E20004000840A90228801FE04DD53DD4AE00917
:106E30004EF200803C0DF797FE04EB31E08F4800E6
:106E4000007800137FE8DD54805CEA570201008A75
:106E5000E603E86FEBE6EA654000840A90228801C9
:106E6000FE04EABFE009E86550210130A617EBD324
:106E700000210008EA5FF10938F081113C14030297
:106E8000E02FD556B426E001E85DB4678106B25B19
:106E9000A1399A9AB27CB23EB21D9AE34250842440
:106EA00042418C244241087342500073F4898105A9
:106EB00049FFF359F4094E040008FE02D505E30426
:106EC0009001E807928244107FFFE020E9F9D503A2
:106ED0009302D5FAC4234E820021FE04F08EB00E38
:106EE000F48D49FFF344F089F40DF00E4040109703
:106EF000B00EF48E49FFF33BF10988019700F00EC4
:106F0000405020B78402E69FE9068E81405280B649
:106F10009720D5FAF58ED502808884014040100C68
:106F20009087F00E9526E080E80DB406E009E90AA6
:106F3000424524243CADF89C9285E34440A23C1A8F
:106F4000D5033CADF89CF101F0045073804438A0A7
:106F5000060A80018C01F081EB60F106E2014EF33C
:106F6000FEA0F004506300205000002CF084F008D4
:106F70004C607E94F002F106F206E201F102B18F5C
:106F8000800640113C1B49FFF29D447000443C4D7B
:106F9000F89C842044023F4484AB4492313C44A09A
:106FA0000138850187DF3820060294CA4E25001E6D
:106FB00081E242F0947338F33E024CF2400539E02E
:106FC0000C0AD51304FF800794CD38378C0004FFDA
:106FD000800342F11C731037802E81E942F1A873BF
:106FE0001087811C102781368C21F3029688E2439A
:106FF000E9DBD50FC40740041017B4269405E0015F
:10700000E9A3846148FFFEA94E43FECC48FFFED1B0
:1070100051FF8220FCC0FC4084814042040CE40209
:107020004020040C95A19DE550927FFBE9238460EC
:1070300090018C615A0801FE40210C0E4001840C25
:107040008500E049E903E0E2E8168068E046E806EA
:10705000FE944021040E8C61D5FA8103814484A002
:10706000D30491418CA1D5FDE4AA880A9041E9EAB4
:10707000D5028400FCC0FC00B4204E140003FE4A7C
:10708000A0814E240003FE9284C05003000F4030C4
:10709000800DC3038CC1D5FA4001000DC8FC40101F
:1070A000980D4021180D42008424EB9AEAB8400064
:1070B000180CFC80FC4184E081202E07E274E2E0A1
:1070C000E858DD5480C942638073EA24C04F22230C
:1070D00000042203007E221300058A02B61F220349
:1070E000007FACB68A01F081EB5DAC77122300081B
:1070F000121300095A080111A4341203007EA435AA
:107100001203007F000301031003010000030104C8
:1071100010030101D5085A080207801FEA235CF01A
:107120000064E9EBEB5DE602E92100A3012C5AA81B
:10713000011EDD40C81B801FEA235CF00083E904C8
:1071400010A30129D513EB195A08011122230010AD
:107150002203000422130011880222230005846206
:107160008822EBD5EAEDAC36AC778CE197F8D5A662
:107170003C00077E3C08077F3C0007803C080781F5
:10718000EBDE3C08077EEBDE3C080780FCC1B44028
:10719000A0C1E043E807B660A881B401A089A809AE
:1071A000B641DD9EFC4351CF803894E2507E7FD0C3
:1071B000A8395001800A540007F8EA28813FEA28DC
:1071C000502E7FD4815FEA28811FB627EA28B42297
:1071D0008008804380C4A8F9DD5CA0F9B42780430F
:1071E000801FDD5C842080FF8041800196C8E266BC
:1071F000E809383406028803383386028C21884334
:10720000D5F6400018164031187684209688E2465C
:10721000E80D382406028A403824860A382386027C
:107220008A433825060A8C21D5F284408EC1E04677
:10723000E82784609B32E064E820955A400494007B
:1072400040141400144E7FF2142E7FF3143E7FF48A
:10725000145E7FF549FFFF9D045E7FF54005140035
:10726000987D49FFFF96043E7FF4042E7FF38C61E6
:1072700096D8044E7FF2D5E08C419690D5D9848281
:10728000406310D638041A0238139A02EB0AFCC085
:10729000FC46FA440080801681408420B002509F52
:1072A000801CDD4480098420FA44DD44EAAEC01429
:1072B0002E07EA385A08010584003C0BF8873C2366
:1072C000F65C3C03F8873C13F65C9A089601920141
:1072D0009A103C08077EEBDE3C0BF8873C00077EEB
:1072E0003C08078084E02E07E274E2E0E85FDD54AA
:1072F00080CA42638073EA245A0802565013000879
:107300008400B0C2222080003821820A222080011D
:107310003824820A8C018C385A0805F5DD45EA6C60
:10732000C8065A8001085A88023BD514DD40C012B5
:10733000D5F9EB19E602E933F003F1028442882023
:10734000EA55AC76B409041480018801EA91AC379F
:10735000D52602230071E443E90DB0028029804A5A
:107360008067848349FFFF20B61FF181AC36AC777C
:10737000D515846080238003E202E80BB102384215
:1073800002028824384482028C0188649600D5F574
:10739000EA5540318876AC76ACF78502A436EBC866
:1073A000A437EAB28CE197F8D59FFCC6FC40B4E064
:1073B000A142A109B4C104900001A00A4233902463
:1073C000421290244210247542332475FE3C42033D
:1073D0001475CB04C909EA6AFCC0EBD5EAEDA81123
:1073E000B6228402FCC08003FCC0FC448142B1C3CD
:1073F0003C83813481233DC38135442125FC006FCA
:1074000080403A210C003A238C204E17000AE028D5
:10741000E8074EA70006E15CE8038400FCC45A08B4
:10742000011C5A68010D22328007222200072262C5
:1074300000068A62F38522528006D50B223280092B
:1074400022220009226200088A62F3852252800803
:107450009B75F586D50B04348001B4A9FEDAF3855B
:10746000F5862262000622220007FEAC42219873B4
:10747000F28780C4F0814E160006B005441204C0A5
:10748000D507E0288400E906B005441204B480471B
:10749000EB68F1034E15000AE101E907A0B94E259A
:1074A000000540FE0807E8314EA60006B00544126C
:1074B00004A8D506E15CE906B0054412049C8047A7
:1074C000EB685A0802ACF1034E150006E10140805A
:1074D000BC1AD5028500A039B7094E050006E01C8C
:1074E000400E3C1AD5028400F101140480015A18A0
:1074F000010B2213000822F300098B018A0FB70940
:10750000140480018401FCC45A00020448FFFF8770
:10751000D5DE8841A1014031040A80A34250907316
:1075200040428896B4A0A9014230947340318876D5
:10753000B660DD9E846AFE5C2E37EC97C3202E2752
:10754000EC98E642E9039693D5028441E220E811E3
:107550009509E0049A41E905CB0490219A41D504AC
:10756000E022EB209A4196098020C8078421D505A6
:1075700088409691E222EB209649D503E220E9E982
:107580008001DD9EB4604E35000BE023E908A001C8
:107590004E050006E04056078001DD9E8400DD9E1A
:1075A000FC4080C12E17F1E28102C9054410003C65
:1075B0003E17F1E2EAC4420404738140220000064F
:1075C0002215001E2E77F1E28A0155C380FF4E047A
:1075D0000003FE02221500072225001F8A224E14F6
:1075E0000003FE4A427084244270007344024198B2
:1075F00038102202C106944988E18423407384F73D
:107600003870220A84003E07EC97020500712E179D
:10761000F1E2E603549080FFE955DD40C853EBD01A
:10762000C85100350106E662E90C0005012CC809C5
:107630002E07DEAB8CC3FF9CE006EBAC9630FCC0A3
:10764000DD57DD559626C80D2E07F10CC0038E01BF
:10765000D505EA78E602E90584063E07F10CD53245
:1076600002150078840AFE34E001E92C44157E40BE
:107670004010F0364273A424E2274402418CE8090A
:10768000EA2784C096A6EA26CA0284C28441D506A7
:1076900040F08409E2EFE805844038202008D50A4C
:1076A00038002000C007EA2784C096A6EA26CA024E
:1076B00084C292E2407384F784013E77EC983E07DF
:1076C000EC978006FCC0FC21EB0F84EBEAC65A085D
:1076D00002232213002A2203001E0253008B8A0178
:1076E000B61F2213002B2203001F8A01F081EAD368
:1076F000D0048CA11253008B0003015EC80C801FC4
:10770000EA230213008C88014410FFFEE020E90305
:107710001203008C8EE197F8EA99CFD9FCA1A760FB
:107720005CF2803CE80F956A88A3AE2BA6209402F9
:107730008803AE42A62038218209A6208C01AE2003
:10774000DD9EFC4084C044707FFF808638919A1192
:1077500054A300FFE0E98CC14074BC1A549300FFAD
:1077600040453C1AE325E9F3E0E2E8069522886407
:10777000AE1BAE5AAC98FCC0FC598122002F80F0A1
:10778000120F8014F287002F80F4F384F283F00349
:10779000EA8F8384F281F5852E27026F121F8015F0
:1077A000F2865A080105F13B8400AE088400850189
:1077B000B61F4E82011850047FFFB04AB08A38606D
:1077C000821194428822EA3222708001F0014253F1
:1077D0008024400E140038001800401024024C147D
:1077E000FFEA4014A4058146F188401024024C149D
:1077F000800F50257FFF8EC1961097B3F082400E08
:1078000018004014A405EBE1F188D54EF101E141E7
:10781000E8F1F108F204FE0E8430FE0E401514006B
:10782000FE17380E0408F0035A080114F005F33A65
:10783000F43B380005118027F082F202800AF589B6
:1078400049FFFF6FB43FF002F509E001EABEB61F41
:10785000EAD540A00011400E2800EBE1D5C74E65E7
:107860000028F108F204FE0E8430FE0E9875FE1713
:10787000380E0408F0035A080113F005F33AF43BFC
:1078800038A005118006804A8027F58949FFFF4905
:10789000B41FF509E14040A03C1BB75F8EC197B310
:1078A000400E1800EBE1401024024C14BFDAF00740
:1078B0008CC197B05A00080584408002D509F001B8
:1078C0009E81F00240200807840040001806F1065F
:1078D0008E21E0E1E84597F98AC09CF9F00196DB3A
:1078E00042518024F002802640A0080041EE14009E
:1078F000E141E93280018480401E0000381094008C
:10790000401484024C1480058020CC09D51EF1015E
:10791000E001E8FB8C0196038481D5EFB10A8E016A
:1079200038022209400408088804504400019720C6
:107930005CF20028ACC18004E902FA17EA32D505EE
:10794000E141E9D78C21964B380F040040048002B6
:107950004C04FFF8D5CEE462E80748FFFF2CE4E2D0
:107960004EF3FF298AC0F0018EE197FB4233802459
:10797000F002404E0C0088028040E0464EF3FF1BB0
:1079800080068420405E000038528C0040549402EF
:107990004C54800580C0C909D51EF501E005E8FBFF
:1079A0008C0196038421D5EFB04A8E013800A209DC
:1079B0004004080888015014000196485CF08028B3
:1079C000ADC18001E902FA17EA32D505E046E9D6F1
:1079D0008CC197B338521800405494024C54FFF8AD
:1079E000D5CDB41FFCD95A18020BEA564422329462
:1079F00042200C73A6D4543180F0AED4EA56EBF793
:107A000042200C731011011BDD9E44223294EA5671
:107A100042200C738002C10AA0518C215420800F97
:107A2000A644541080F0FE57D504A654541080F09C
:107A3000AE44DD9E4420013844123294EA3FA0094E
:107A4000961FDD9E84003C0BF888DD9E2E57E20ACF
:107A50003C13F88884409610E205E80E808240309E
:107A6000880E96C68C41CBF884414021100CFE57FD
:107A70003C1BF888DD9E440000FFDD9EFC00842155
:107A80003C23F8884010800CFE4BFE563C1BF888C7
:107A9000EA804412316CEA3F80018C048420DD428C
:107AA000FC80FC00490031CCEA745A08013BEB0829
:107AB000441214983C23F916382081099C81969031
:107AC0005A2001053E27F115D5048C023E07F11519
:107AD0002E27F115E649E922840044307FFF970004
:107AE0005A40010838508101E0A3E80396EB804436
:107AF0008C015A0809F63E27F115EA2E2E57F1158A
:107B0000D007EB818420FA58DD4249003384EB082A
:107B100049002EEC84013E07E9E4EB39490033C209
:107B2000FC80FC00EA2BC80684213E17E9E44900EA
:107B30004150EB09EAA9FC80FC02EA2E2E27E1D68F
:107B400084C0E002E8038C0197802E07F2F1E20284
:107B5000E939EAD3842044421498E041E90C3832F0
:107B60000501C306E2604001BC1B4060BC1B8C21C8
:107B70009648D5F4EB818421380019013C0BF909B2
:107B800084003E07F2F0FA00DD493C03F9795EF02B
:107B90000259E805500000C89601D50344000320AF
:107BA0004900333C2E07F114E403E8048C019600ED
:107BB000D50284033E07F1148420EB81FA58DD429C
:107BC000D5038C01EB73800649002E90EA2B490007
:107BD0002F70EA2BF081EAE4F082EAABF083F10245
:107BE000F001F203EACF440003008421DD49FC8266
:107BF000FC2284003E07F1BBEA743C63F67E500031
:107C000000653C0BF9012E07F2F13C0BF908EB394A
:107C100092C197865A00010A5A0006044800007C67
:107C200049FFFF41480000784900323280E05A089D
:107C3000010E49FFFF838007490040D68400EBF125
:107C40003C0BF88B3E77F1BBD566EA745A080164A9
:107C50005A6801128404DD58C00EEB95EB169201B0
:107C60005CF00064E802DD4EE001E9052E07F2F069
:107C70008C01D50284003E07F2F02E07F2F05CF092
:107C8000003FE90CFA008420DD4984003E07F2F051
:107C90003E07F114EB95490032C1EBA93C13EF8F7D
:107CA0005A08011B3C53F979D91784005A68010519
:107CB0003C03F8898C01EBF13C13F8893C03EF930A
:107CC000E220E92984004900408FEB3D8420DD4912
:107CD0008400EBF1D5202E07E1D53C23F91688016D
:107CE000E002E819EA2E5A0001173C03F88B8C01D8
:107CF00096015CF000203C0BF88BE90D84003E07F8
:107D0000F11584003C0BF88B84063E07E9E48406F9
:107D1000490032C8EA2BF081EAE4F082EAABF08352
:107D2000F102F001F203EACFEA743E07F22A84017D
:107D3000DD58C00AEA745A0801048400D50284019F
:107D40003E07F229D50484028421DD498403DD58ED
:107D5000C005EB0984088420DD498402DD58C00693
:107D60004900325284048420DD49EBA93C0BF9041C
:107D70003C03F8893C0BF9052E07EB322E27EB303C
:107D8000DD5350002710EA5F2E27EB31842AEA5F8B
:107D9000EABA420304733C0BF906840ADD58C00AB0
:107DA000440004008420DD4944020D989C43844330
:107DB000DD5CFCA2DD9EEAF65A000112FC00EAF648
:107DC0005A08020584033E07EA34EAF65A08040515
:107DD00084013E07EA3449FFE3B7FC80DD9EFC00E6
:107DE000EA3380C0C80649FFE9C540030006FC80AD
:107DF00049FFE9C084003E07F1258401FC802E275D
:107E0000F1CE9690C2702E17EA38806096483C20DA
:107E100007803C0007815A1801108A4096913C283F
:107E200007743C280779848092413E47EA38AC9831
:107E30003C28076FD5308A403C00077D4410AFFFD7
:107E4000E220969184A0E8034450A000EA388424FC
:107E5000024000128E218A85124000130240000D5C
:107E600096481240000E024000098E028A85124098
:107E7000000AC9EF3C0007793C28077488028A058C
:107E80003C0807793C00076F8A053C08076FD5203E
:107E90003C58076F8001DD9E5A1005FC3C000772BC
:107EA0003C0807733C0007713C0807723C000770F0
:107EB0003C080771EAC23C28077088403C00077AFA
:107EC00096913C28076F8A40382185098C213C20F7
:107ED000076F3C43F0F93C5007798882E2859608A9
:107EE000E9DCDD9EEBFE9648C90BFC0044023146FE
:107EF000FA56DD4284013E07EA388401FC808002A4
:107F0000DD9EFC4381408400F0853C000775EBB9A1
:107F1000120F80023C00077480E2120F8003DD54D0
:107F20004205002498605020804080C32231000226
:107F300022210003123F8004122F80055020805818
:107F4000501080702231000222210003123F80066F
:107F5000122F800722208002221080038804122F13
:107F60008008121F8009045000572E07F0B1975F58
:107F70008124D8082E17F1235A180105026F8003B7
:107F800097B18E01D846EAC2EB2E8806E020E84180
:107F900084013E07F123020F8004025F8006D806A9
:107FA000020F8005025F8007D027EAC2023F8006E9
:107FB00040801801020F8008022F8007021F8009ED
:107FC00096DB96939603964B9A519A1849FFEAC30B
:107FD00042840024023F8004EB5B022F8005EB3BD0
:107FE00096DB96939603964B9A189A5149FFEAB3FB
:107FF00040040016D5028400023F8003EB2E886106
:108000009A5E98C69ACB84024031807688C397B135
:10801000020F8003E206E804026F800397B1DD548B
:1080200042950073509481100004800BE6024EF3D9
:1080300000B8020480025A000106020480035A08B4
:108040000108020F8004AC3A020F8005D5315A00B6
:108050000207EB2EC104021F8002C92C020F80040C
:108060009643EB5B023F80059603969B023F800799
:10807000024F800396DBCC08020F8007AC3BEB5B22
:10808000AC3A4800008E024F80039A08FE34EB9E03
:10809000F085021F8006F0059AD38801AC3A020FE2
:1080A0008003FF9CEB3EF685EB3BF0058801AC3B83
:1080B000D577E603E975021F8006020F8008964B0C
:1080C0009603022F800440808001EB5B9693960319
:1080D0008A40020F800303EF8002025F800203CF19
:1080E0008003023F800202FF8003FF54FE9C021FB8
:1080F000800242243C75FEB4EB6502AF8003FE347F
:10810000FF7440110436029F80024052F0B6024FC5
:10811000800340007816FE744010A83688058889D0
:108120008801029F8006EB9E8809EB3BAC3A020F68
:108130008009964B9603022F800540A08001EB3BFF
:108140009693960B03CF800340F1000103EF80026A
:10815000022F8002EB2E020F8002028F8003420763
:108160008024029F800242052075FE3443C570249E
:1081700042278824023F800343CE1824FEB4EAEB52
:10818000FE3441CE7B9640110436883C40300C765C
:10819000025F80078861406190D688C5ADBBA47A34
:1081A0008001964B5EF09B73E90344001B7296437B
:1081B0004E1400038400A47BAC3A8001964B5EF021
:1081C000BE85E90344003E8496434E1400038400B8
:1081D000AC3BFCC3001000805A18010A04000020C8
:1081E000EAF89208FE0D961FEA6ADD9E8401DD9E84
:1081F000FC2004600020844C92CC979F80E04203D6
:10820000087350000084DD5C8CC18426400304D6D2
:108210000403802097709208961FD80D8CA14052BD
:1082200084365450800F00138081541080F0FE6F0C
:10823000101380810003808195B4961FFF8784010D
:108240001063808110038080FCA0FC223A0F842000
:1082500080E02E07DDA980C1C0029BD72E07DDAAD2
:10826000C0029B9E2E07DDABC00A800780E680C05F
:108270008004808580A0800280438060C20AC30998
:10828000FFE4FFAC95F995B1407388F640630CD6D6
:1082900084224003841697C64013043688079786C5
:1082A00088264E050006E004E9049E21D5028400DC
:1082B0004E150006E025E9049E69FCA28420FCA27C
:1082C000FC01440126143A2008003A2F88203C0380
:1082D00081D8120F800244048080B4009218960660
:1082E000C8093E07F1223E07F12184013E07EA3525
:1082F000FC812E07EA355A08010984003E07EA3559
:10830000EB803E07F120FC812E17F1228442E4220B
:10831000E8038C2196882E17F120EB802E37F1216F
:108320008A01441213843E27F12238008C08C20AC5
:10833000E6422E17F11CE9072E07F11D882096480A
:10834000D5028022840AFE448C61EA5596D896486C
:108350005A3002053E37F121D50484003E07F12151
:1083600084404440FFFF8062446027109649380FE4
:108370008800975040030016E201E8039A08D502EE
:108380008A019601E2048C4140403C1BEB8A5A284A
:1083900006F0EB803E07F120380F8C003E07F1E23B
:1083A0002E07F1E25A085A054400006FD503440035
:1083B00000533C0BF0F9FC81FC4651CF8050EA336E
:1083C000140E7FEF8420844A500E7FD4DD44500E7B
:1083D0007FD449FFFD16501E7FC0EB7BB421840C77
:1083E000FE0C8C0A92039403EA28840015FE7FEEAB
:1083F0004462317044721390EBEC8540000E7FC4F0
:10840000140E7FEDEA249E42E6224EF200B30013E2
:1084100001314E1300AF042E7FF144123294EA561C
:1084200042110C73A049EBFA965FE041E8065A0846
:108430000305842110130131041E7FEFC90F0013BF
:10844000012E5A10010E5A080308040E7FEDEA5E51
:10845000EAE2E220E9054EA200345AA801102253B4
:10846000000804030034D80922530009040300352E
:10847000D80484011003012F854122130008220330
:108480000009B446509E7FCC141E7FF3140E7FF477
:10849000AC7AAC3BB6473A04840044201B724430AB
:1084A0003E843C43813D3C53813E49FFFED0EB2F4F
:1084B00014148001AC3AAC7BFD0349FFFE9BEB1921
:1084C000C808EA245A000306040E7FEFC03FD551C6
:1084D000049E7FEE3C03813D8500140E7FEC041E5C
:1084E0007FF0540400FFE201E8F0503E7FD4804961
:1084F0003831A101040E7FED842249FFFD04B4262A
:10850000A03688018422DD4AB609220480032214A1
:108510008002140E7FF4500E7FCC141E7FF33A00BD
:10852000040044201B7244303E84044E7FEC3C53D4
:10853000813E49FFFE8C1204800212148003EB2F4F
:10854000141E7FF48D018D2CD5CB4EA30013048E09
:108550007FEE812A040E7FF04C90000C802880066C
:1085600049FFFE4850548001549280FF8D0CD5F392
:10857000040E7FF1EA998C01EBEC8CEC5A000A04B2
:1085800048FFFF3EEB0AFCC0FC0184004900355463
:108590008400490035A9F08184004900365AF00171
:1085A000FC81FC21EA3380E0EB64F081F10180077B
:1085B000490037DACF0849FFFFE980C0C0093E779C
:1085C000F125D50684003E07F1CE8400FCA184008D
:1085D00049003178EAA7CE0684013E67F1CE3E0716
:1085E000F1258401FCA1FC0080C0840249003524EF
:1085F000C6115A680104EA2AD5055A6802064900DC
:108600003B1E80C0D5075A6803053C6DFC96D50219
:1086100084C0840249003568C6048006490035E7F5
:1086200049003B13490035FC84024900361284019D
:10863000FC80FC21B61FEA3380C0EB64F081F101BD
:10864000800649003791CE0549FFFFA080E0D5089C
:108650005A60010CEB64B43F49FFFFC784E1800618
:1086600049003130C702EAA7FCA1FC0049005EE8DE
:10867000DD57DD55920B96064900312BEAA7FC80A9
:10868000FC0084268405EA72EADDFC80FC209FC39E
:1086900080C097F880068421EA725A0801142E07D8
:1086A000F1245A080108E6E2E80584003E07F124B7
:1086B000FCA0EA335A0002045A600305DD485A0858
:1086C00001EBFCA0FC009E43E62280C0E80349FFCA
:1086D000FFDF80068420EA725A6001045A680305AD
:1086E000800649FFFFD5FC80FC008421EA72EA6A1B
:1086F000FC80FC00DD405A08010684003C13EF9921
:10870000D50484003C13EF98DD5084008421DD43C0
:10871000FC80FC00846180A38406FA2FEA4C44406C
:108720000031EA63846180A38406FA2F4420007E2E
:108730008480EA6384618406FA2F4420007F848069
:1087400080A3EA63FC80FC00846180A38406FA2F86
:10875000EA4C444000B1EA63846180A38406FA2FA6
:108760004420007EEBE8EA6384618406FA2F44200B
:10877000007FEBE880A3EA63FC80FC002E07F1BADF
:108780005A0801048400EA398400DD465A000113C6
:10879000DD57DD55920A96063E07F1B7DD57DD55E8
:1087A000EAA1C8038400FC80DD405A0801FD3E07B1
:1087B000EC61FC802E07F1DEDD9EDD48DD9EFC00D5
:1087C000DD5EEA92540000F7EA4D84013E07F1C2F3
:1087D0008400EA83DD5E961EC803EBB5D5FC8400F9
:1087E0003E07F1C2EA928401EA83FC80EA3C960EDD
:1087F000C00EDD5EDD5BEA4DDD5EEA90EA4D840091
:108800003E07F1E0EA3C540000FDEAA3DD5E960677
:10881000C023FC00EA3C9606C00444005B92EA8C4C
:1088200049FFFFCF4900300649002FECDD5E961668
:10883000C004DD5EEB71D507DD5E960EC008DD5E1F
:10884000540000FDEA4D84013E07F1E0DD5E540076
:1088500000FEEA4DFC80DD9E84003E07F1E73E0706
:10886000F1BD3E07F1E8DD9EFC00EA36C01BDD48A5
:1088700096005A0802182E17F1DFC1142E67F1BDB9
:10888000CE11EA3980063E67F1E9DD4749001D1542
:1088900080068026DD4384013E67F1E83E07F1BD96
:1088A000FC80DD485A08020E2E67F1BD5A68010AA5
:1088B000DD51C00784003E67F1E73E07F1BDEA5A8B
:1088C000FC80FC004900427549FFFFD0490041F59A
:1088D000FC80FC008400DD4749001CEF84003E075B
:1088E000F1B6DD4080C0C80749003E0249FFFFB62F
:1088F0003E67F1BEFC80FC008401DD478401490035
:108900003DF749FFFFABFC80FC0049002CFB80C019
:108910005A080109490006E4C8053E67F1B849FF55
:10892000FFEC49002CF85A080108490006D95A08FA
:10893000010449FFFFD0FC802E57F1D42E07F1D857
:10894000D8062E57F1D52E07F1D9D00484013E0761
:10895000F1DCDD9EC8063E17F1D83E27F1D9DD9E39
:108960003E17F1D43E27F1D5DD9EFC0049FFFFF410
:1089700049FFFFE4FC802E07F303C80484013E078F
:10898000F1B8DD9EFC002E07F1B4C82384013E0738
:10899000F1B42E07F1D43E07F1B02E57F1D52E17C2
:1089A000F1B02E07F1D897683E57F1B14C10400551
:1089B0002E07F1D9D007EA44C80349FFFF8C840091
:1089C000EBDC2E07F1D82E57F1B0D0038401EBD6A3
:1089D0002E17F1D82E07F1B9C92E2E17F1B13E1777
:1089E000F3095A08014E2E07F1B8C80349FFFFC525
:1089F000EAADC80CEB505A08020A49FFFEF92E07EF
:108A0000F1E0C05C84013E07F1AE49002CBA490098
:108A100026532E07F301C052840084C13E07F1C3E0
:108A20003E67F302EBD649002DB85A0002383E6784
:108A3000F8CDD5385A08012784003E07F3022E6787
:108A4000EC9297B0CE0C2E07F1AE5A08010949FFFF
:108A5000FECF2E07F1E0C0323E67F1AE84003E0744
:108A6000EC924900263B2E07F1B8C80484013E076A
:108A7000F1B849002C598400EBD63E07F309840273
:108A8000D5122E07F1B13E07F309EBA8C003490048
:108A90002C782E07F1B15A0802048403D50484010E
:108AA000EBDC84043E07F1DC2E17F1B084002E27A6
:108AB000F1B1EAF984003E07F1B4FC80FC00490002
:108AC0000E5FC003840AD507EBF2C8FD2E07F1AD97
:108AD000C0048E013E07F1AD2E07F1ADC004E60BD8
:108AE000E80484013E07F1E1FC80FC003C53F900FE
:108AF000EAB1D0048CA19769D50284A03C5BF9004F
:108B000049FFFFDE490028A649FFF87484003E07AC
:108B1000ECF2EA745A080108EB165CF08065E80391
:108B20003E07ECF2FC80FC0084003E07F1BADD4019
:108B3000C004EAAD5A08011849000E22C005840A93
:108B40003E07F1C0D503EBF2C8FB49FFDFE6EB427D
:108B5000C0048E013E07F1C0EA78C01384013E07CD
:108B6000F1BAD50F49FFDFD949005C2849005C3BC9
:108B7000EAFE5EF7815EE905DD57DD55EAA1C0EF4B
:108B800084003E0002443E07F0BEFC802E07F1BA8E
:108B90005A00010CEA272E07F1B7924A9686FE8505
:108BA0008400EA2640000806DD9EFC00DD40C0058A
:108BB000EA335A080208D5048409DD58C0FA840053
:108BC000FC80840549FFFD92C0FBDD485A0001F995
:108BD000DD45EA6CC8052E07EDADC007D504DD40C4
:108BE000C8FBD5EEDD40C0EC2E07F1E584208E01F8
:108BF00040008006FC80FC4049FFFFD980C0C805CA
:108C0000EB933E67F1DED5312E07F1DE97C0C70446
:108C10005A700111D52A49FFFDB281205A0801245A
:108C200049003B84490024663E97F1DE3E7003D044
:108C3000D51C49FFFFAD5A080108EB9384003E079D
:108C4000F1DE8400FCC04900245A5A08010F84E078
:108C50003E77EC6149003EEF5A080108EB933E77FE
:108C6000F1DED5038007FCC08006FCC0FC002E4767
:108C7000F0C6EB0B9706960694029521FF072E0788
:108C8000ED41EAB59606FE272E47F0B0EBB3970606
:108C9000DD595431820095239269968EFE2794DC2B
:108CA0009241967EFE1F94959227FE17944EFE0FDA
:108CB0003E07EA364900261DDD40C80649FFF89107
:108CC0005A08011AD508DD405A080126EA335A0825
:108CD0000223D5F53E07F1BC49FFFB7084003E0737
:108CE000F1BCEA33C805EAAEC8168404D502840391
:108CF000EB02FC80EAAEC00449FFFB60FC802E570B
:108D0000EA362E07F1ACD0078402EB022E07EA36D2
:108D10003E07F1ACFC802E17F1BB2E07F0C45A10B1
:108D200001055A08010BD502C00484003E07F0C4B7
:108D30008402EA5A8401DD9E8400DD9E2E07F1E460
:108D40005A080104480000C9FC222E67F1E797B0D9
:108D5000C624DD4080C0C81DDD514E0200BD490063
:108D60002C224E0200B98006EA3984E18006842173
:108D7000DD4349002C303E77EA3749000B18840167
:108D80003E67F1B6DD473E67F1E73E77F1DFFCA2D3
:108D900084003E07F1E7FCA2EACA3E67F1BF5A0829
:108DA000010CDD51C009DD485A0802073E67F1E8B1
:108DB0003E67F1BED506EACA5A0801044800008C95
:108DC000EACAC832DD40C804840149003B91DD4055
:108DD000C80EDD514E020080840AEB5A49002BE395
:108DE0004E02007A49003B5149002BF549FFF7E458
:108DF000490037478401EBDB49000AAE8401EBBD33
:108E0000EA2BC8042E07E1BCD5032E07E1D44900A4
:108E1000256DEA2BEB11EA2BF081EAABF08284207E
:108E2000F001F202EACFDD40C80C2E07F308C803B8
:108E300049003AE8EACA5A08011E8400DD47FCA24C
:108E4000EA3C9616C00E3C13F0FD84038441FE0CF0
:108E5000960184208062EA5249003AD449FFFC75A9
:108E6000EA3C8441EB71EAA384203C03F0FD80627C
:108E7000EA52DD40C8038401EB2249FFF654490061
:108E80000B5B84003E07F2F74900390FEACA5A002B
:108E900001D649FFDAB3EB93EA2BEB11EA2BF08111
:108EA000EAE4F082EAABF083F203F102F001EACFE8
:108EB00084013E07F3083E07F1BFEA5A8401EAE65F
:108EC000FA1B8427DD50FA1B8421DD438401DD4732
:108ED000490001F7FCA2DD9EFC00840149000E75EB
:108EE00049003313FC80FC00490037484900374FE4
:108EF000C0038402EA5AFC80FC012E07F1DD5A000F
:108F0000011EC0045A00021FFC81DD4080C0C8124F
:108F1000DD47EA2BC00D8006EB11EAE4B61FEAAB91
:108F2000F081B43F8006F201EACF8006EBDB8401DA
:108F3000DD4784013E07EC99D51D4900371F8402A7
:108F4000D5194900373CC0188400DD474900230F7C
:108F50005A080109DD40C802EA3EEB09EAA984018A
:108F6000EA5A8401DD47EB445A0801048400D50223
:108F700084013E07F1DDFC81EB44DD9E2E07EA39DA
:108F8000DD9E3E07EA39DD9E2E07F0C4C00EEA9D45
:108F9000C00C3C03F9165CF000C8E807DD45962ECE
:108FA0009601C8033E07F0C4DD9EFC004900370768
:108FB0004E0200832E07F1E55A08010884003E079F
:108FC000F1E5EB55EB82FC8049FFF6F7EAF65A082B
:108FD00003048401D5703C03F912EA423C0BF90208
:108FE000490021C73C0BF8E8490036113C03F85D05
:108FF0008C013C0BF85D2E07F0BE8C013E07F0BEE5
:1090000084003E07F0B049FFB9975A000106DD57CA
:10901000DD559616C0233C03F85E3C4DFB3A8C01AF
:109020003C0BF85E840A3C5DFB3B3E07EC9B84DB1B
:1090300084053E07EC9A40031002EB0484608441EF
:1090400084033C5FFB3B3E37ECF3EA5A3E27F0B02B
:109050003E37F1DD3E27EA37FC8049FFD96F49FFF3
:10906000D98249FFFF9349FFFD42FA1BDD465A08AA
:1090700001053E07F1E5D503EB55EB8249FFDB9B8C
:1090800049FFFE4B5A080104EBBEFC8049FFDC009F
:1090900049FFFD4B49FFFDB1C80349FFFDE92E071C
:1090A000EA375A0801068400EBBE490009878401AB
:1090B0003E07F1B6EA5AFC80FC20DD485A0002085F
:1090C000DD485A000305DD485A08040EEA9E5A0896
:1090D000010BFA02DD465A0801078400EB53842095
:1090E000FA02DD43EA33C82A2E17F1DF5A180127A6
:1090F0002E17F1B65A18012380E049003640C819EE
:10910000EA84C817EA36C005DD485A080205D511B9
:10911000DD51C0FBDD485A00010DEA445A00010A46
:10912000DD485A000107EA36C035DD485A080233E7
:1091300084003E07F1B53E07F1B6EA335A0801064E
:109140008404EA5A8400D507EB445A0804068401D3
:10915000EA5A8401DD47EB4496005A000216E60302
:10916000E805C0095A00010EFCA05A0003115A007C
:109170000406FCA049FFFDE4FCA049FFFEAFFCA0F3
:1091800049FFFEB3FCA049FFFF12FCA049FFFEB659
:10919000FCA0EA335A0001CE2E17EC6097885A687B
:1091A00001C984003E17F1B5490029A8490029B535
:1091B0008006490029A3DD485A000209DD485A000B
:1091C0000306DD485A000403EB8FEA9E5A000103B0
:1091D000EB8FFA02DD465A000103EB8FFA0284207E
:1091E0003E77F1EEDD43EB8FFC20EA3C9606C011A2
:1091F00049FFFA91EA3C8442EA5DEAA384018020B7
:10920000EAF984023C13F10CDD5084003E07F1C3FF
:1092100084C14470004049FFFB5649FFFB77DD489D
:1092200096005A000221E603E813C0175A0801F518
:1092300084203E17F1DF3E17F1BE3E17F1DE3E7788
:10924000EA39EBBE49FFFA1E49FFFB9ED5E55A00FD
:10925000030B5A00040CD5E0EBD63E07F1B83E678D
:10926000F1DCD5DA49FFFF2AD5D7EAAD5A08010467
:1092700049000B4384008020EA4884008020EA2DC6
:1092800084008421EA4884008421EA2D49000B44AB
:1092900049000B5049000BDB4900293F49000BEE08
:1092A00049000B8C84018420EA4884018420EA2D43
:1092B00084018020EA4884018020EA2DD5ADDD9E1E
:1092C000960644228E288420444FF7FFEA88B46231
:1092D000E628FEE6E802FEC78C219648B6625021D9
:1092E000002C5A180CF644529038442FF7FF4412C1
:1092F0009248B405FE16EAE7D9FDDD9E461DFFFF44
:10930000EB4AEBAFDD4F44229038B405FE1EB605A4
:10931000B405FE0EEAE7DAFA461DFFFFEBAFDD4FBC
:1093200044229248B405FE1EB605B405FE0EEAE7D7
:10933000DAFADD9E44528E28442FF8FF441290380A
:10934000B405FE16EAE7D9FDDD9E462FFC00445227
:109350008E0484208C4F44329014B6250402FFFF03
:10936000EB1AFE161402FFF41412FFF60402FFFAC1
:109370009212EABD1402FFFA141280790402807876
:10938000FE16140280781412807A0402807E9212F3
:10939000EABD1402807EDBE2DD9E4452933C44121F
:1093A00093CCB40594019201AA2BD9FCDD9E441202
:1093B000933C8400443FF03FB441E608FE9EE8033E
:1093C000582100408C019600B6418C2C5A080CF6AE
:1093D000463F03FF441293388400EAFD4640C00034
:1093E000B441E608FE9EE802FEA78C019600B64155
:1093F0008C2C5A080CF7DD9EDD9E96064452934055
:10940000EA34EBAF442293D0B425FE5EFE47AA6B4C
:10941000DAFCDD9E44129284E601B441440FDFFF82
:1094200040F7B408FE16EB58B601DD9E5A10021341
:10943000E623E805C1095A10010BDD9E5A10030E00
:109440005A10040FDD9E44229284D50C442292DCF3
:10945000D50944229334D506442292B0D503442240
:1094600093089606B462EB4C440FFDFFFE1EFE0F00
:10947000B602DD9EFC00EBE4540007FF04530391A9
:109480004010D40892AB4052AC08FF4714530391EC
:10949000445292BC96AFB40596EFEA88920BFE0F49
:1094A000B6054452926440426808B405EA88920BBB
:1094B000FE0FB60544529290B405EA88920BFE471F
:1094C000B62544129280B40192069406FE17B601A6
:1094D000440292D8B4209226944EFE5FB6204412E5
:1094E00092ACB40192069406FE87B6414412927C77
:1094F000B40194069206FE27B601FC80FC004404E9
:109500002C14441FEFFFB440FE56B620B440843004
:10951000FE56B620B440441FF0FFFE56B620490068
:109520001860FC8044242424460FC000B42250005C
:1095300003FFFE46B62244142824B441FE16B601A9
:10954000DD9E462000829606A0D5EA37EA7AFE1E06
:10955000FE0FA815DD9E46000082A005921096061B
:10956000DD9EDD9E84604452C9809719E282E8083E
:1095700099193842920238400E0A8C61D5F7DD9E67
:10958000FC0084604452C9809719E282E808991966
:1095900038600E023862920A8C61D5F7FC80FC00BC
:1095A00046500080463FFF009D999D2E94A988401B
:1095B0003811180038210C00944CFE5796481812A8
:1095C0008001DCF5FC80DD9E40200409461000800F
:1095D00096063810880094024000800E961FDD9E8B
:1095E00046100080402004098C2888229606A64850
:1095F00094024000800E961FDD9E46200081DD4CC7
:10960000041100119649FE0F14010011DD9E462041
:1096100000810411000D9230EA30FE0F1401000D9C
:10962000DD9E46200081DD4C0411000D9649FE0FA1
:109630001401000DDD9E462000810411000E9230C1
:10964000EA30FE0F1401000EDD9E46200081DD4C45
:109650000411000E9649FE0F1401000EDD9E4620F7
:109660000081041100119230EA30FE0F1401001144
:10967000DD9E46200081962F04310012EB4C440FF2
:1096800081FFFE1EFE0FEBF4DD9E46200080962734
:10969000041100709225944DFE4714110070DD9E58
:1096A00046000080040000709627DD9E4620008062
:1096B0009637EA370431009DEBE2DD41FE1EFE0FD6
:1096C0001401009DDD9E46200081843E043100137C
:1096D0009606FE5EFE0F14010013DD9E460000811B
:1096E000040000139606DD9E462000819606043194
:1096F0000012EA82EA58FE1EFE0FEBF4DD9E4620C1
:1097000000819606043100149441841DFE1EFE0F54
:10971000EBF5DD9E46200081960FEADE0431001253
:10972000460FFF3FDD41FE1EFE0FEBF4DD9E4600BF
:109730000081040000129212960FDD9E440480C046
:109740008421B4004020400944048024B4009210D5
:109750009606FE16C00844048026AE403E17F1EA85
:109760003E17F1E9DD9EDD9EDD9EFC4044529340B4
:10977000446FBFFF443EFFFF442F7FFF441293D04E
:10978000B405444F7FFFFE36B605B405FE1EB60590
:10979000B405FE16AA2BD9F546300080040180706E
:1097A0009627C03C44029340503181C0B42084CC01
:1097B0005810C000B620B440EB84FE56B620B4204A
:1097C000447FBFFFFE66B620449100008421B4436D
:1097D00096A7E022E811804042209873B4A28C2121
:1097E000FF7EB6A2B4A296484052A404B6A2B4A288
:1097F000FF66B6A2D5ED844C44029340EAB9B4406A
:10980000441FBFFFFE56B620B440EB84FE56B62080
:10981000B44044108000FE57B620FCC04432928011
:10982000461FF3FFB443DD4F960F40005808FE8EED
:10983000FE87B643442292ACB462FE5EFE0FB602CF
:1098400044229330460FCFFFB422DD41FE0EEBA53C
:10985000FE0FB602DD9E442292D8960F40105808A3
:10986000B462460FF3FFDD41FE1EFE0FB602DD9E21
:1098700044429280463FFF3FB424960FEAFD405099
:109880004808FE5EFE6FB624B444461FFCFFDD4F61
:10989000EA54FE8EFE87B644442292ACB482FEE6C1
:1098A000FEEFB662B462FE5EFE47B622441293300B
:1098B000460000C0B441FE17B601DD9E443292D886
:1098C000462FFF3FB423960FDD5F40404808FE5609
:1098D000FE67B623B443461FFCFFDD4FEA54FE5635
:1098E000FE0FB603DD9E4620008184380431003B24
:1098F000FE5E1411003BC855FC2044529280460F76
:10990000CFFFB425DD41444292ACFE46B625B424D7
:10991000443292D8FE46B624B42346602000FE4668
:1099200044229304FE77B623B42246720000FE0E52
:10993000FE3744129330B602B4C146003000FE3701
:10994000B601B4C5460CFFFFDD41FF86B6C5B4C401
:10995000FF86B6C4B4C3FF86FFBFB6C3B4C2FE362B
:10996000FE3FB602B4C146030000FE37B601B4C5DF
:10997000460F3FFFDD41FF86B6C5B4A4FF46B6A43F
:10998000B48346508000FF06FF2FB683B462FE1EEC
:10999000FE2FB602B4414600C000FE17B601FCA07F
:1099A000DD9E462000819606043103939442841B79
:1099B000FE1EFE0F14010393DD9E4404502CB400E0
:1099C00092019606DD9E4404502CB4009214960633
:1099D000DD9E44048008B400920A9606DD9E46206F
:1099E0000081960604310015EA37EA7AFE1EFE0F62
:1099F00014010015DD9E2E07EA3BDD9E3E07EA3B83
:109A0000DD9E5A08010E44072100EBA5B440FE5725
:109A1000B6208020B40192199606C8FDDD9E5A0832
:109A2000020D44072140EBA5B440FE57B62080202C
:109A3000B40192199606C8FDDD9E5A180105442707
:109A40002100D5055A18020D442721409627EA37F0
:109A5000B462460FFE0FDD41FE1EFE0FB602DD9E14
:109A6000FC00EB698461B40140204009EB2BB40099
:109A700092109606FE16C005EB2CAEC03E37EA3CAF
:109A8000B40140104409EB2BB40092119606FE0E6F
:109A9000C00AEB2C8422AE4084013E07EA3B8400DE
:109AA000EB53EB9944048084B40040104809EB2B3D
:109AB000B40092129606FE0EC007EB2C8424AE4032
:109AC00084013E07EA3AFC80FC00EB2BEAE8B62072
:109AD000EB69EBADB441FE17B60144160030B4019A
:109AE000EAF1B6018401EB7AFC80FC40812080E140
:109AF0008400802981028143006F804449FFFF9FD9
:109B00008009EB7A4E92000A5A90010B84805A9891
:109B1000020A44472140D506444720C0D5034447A4
:109B20002100A021408430089214EA54930C408014
:109B30002004461FCFFFA02250108F00002F80343A
:109B400040300402220F801440216008FE17462096
:109B50003000502100FFFE16FE1FA822A02340A5C2
:109B600030089214A0E4EA54934C40A02804000F5B
:109B7000803840518402223F801640006008FEC7B2
:109B8000A025FED6FEEF9214A8E440305008F0085D
:109B90004073C008EA34920CFE1FA825A026223F7D
:109BA0008018FE46000F803C1482000140006008CF
:109BB000FE1FFE86FE8FA067460F0FE0FE46A8A69A
:109BC0004600F01FF210DD41FE16FE0FA8278400AC
:109BD00014020008461F8F0FB40450108FFEFE467B
:109BE000460000F0FFC6FFCF14A20003B6E45A9867
:109BF00001124417211C979FB44140036008466F2F
:109C00000FFFEB49FF96FF87B6C1EB69EBADB4419F
:109C1000D5125A9802134417215C979FB441400310
:109C20006008466F0FFFEB49FF96FF87B6C1EB69EF
:109C3000EBB6B441FE17B601FCC0442720C8461F4E
:109C4000CFFFB402DD4F920AEB14EA90B602B402E1
:109C500046302000FE0EFE1FB602442720D8B40274
:109C6000920AEB14EA90B602B402FE46FE5FB622F8
:109C7000441720DCEBC9B441DD41FE16B6014407B0
:109C800020E08420B620441720C0460FFE0FB441C8
:109C9000DD41FE16B601DD9E444720C4EA34403063
:109CA0003009B404EA6F9214EA54FE1F443720D4FA
:109CB000B6044000B009B423EB4F92344010D008F2
:109CC000FE47B623441720DC40013809B4419252C4
:109CD000EAE3FE87B641441720C0EAE0B441FE172C
:109CE000B60144148004B40192109606C0FDEB2C1A
:109CF0008421AE40DD9E46100086040080C2EA5DED
:109D0000140080C2460000885030005CB423EB068B
:109D1000B623B423EA21B623B443843DFE56B623CA
:109D2000DD9EFC40EBD4814044920D30448290385B
:109D3000EAFA5A00010DC0075A00030C5A08041C25
:109D40008403D508B4268410FE0ED5148400D502F1
:109D50008401EA3D80E0EA2E5A080105EA8D5A00A6
:109D6000010F38049C00B4465410000F8410FE16F6
:109D7000FE0FB606EA534C647FDDFCC08EE497F814
:109D8000D5F1FC4044629038812044720D3044A2E9
:109D90009248080480015A00010CC0065A00031DB5
:109DA0005A00041DD52EB4268410FE0ED51384004F
:109DB000EA3D8100EA2E5A080105EA8D5A00012683
:109DC0003803A000B4468C025410000F8410FE1615
:109DD000FE0FB606D5168401D5EC8403EA3D81005A
:109DE000EA2E5A080105EA8D5A0001133813A00023
:109DF00084108C225420800FB426FE46FE57B626CF
:109E0000EA534C657FC8FCC0EACEEA32D5DAEACE26
:109E1000EA32D5EDFC40469C003F814044728E18EA
:109E2000EBD450948FFFEAFA5A00010FC0065A0093
:109E3000032E5A000434D556B426EAD0FE0EB606D8
:109E4000B407EAD1D5218400EA3D9C4181009449C0
:109E500044029224542087FEB420922BEAF7FE5746
:109E6000B620B426EAD0FE0EB606EA2E5A08010540
:109E7000EA8D5A000140EBCB38002202EA42EADECA
:109E8000B407EAD1FE0FB607D52D8401EA3D9C4107
:109E9000810094494402923CD5DE8403EA3D9C4112
:109EA0008100440292309449542087FEB420922BC2
:109EB000EAF7FE57B620B426EAD0FE0EB606EA2E22
:109EC0005A080105EA8D5A000119EBCB381022021D
:109ED00054108FFF4020C808B4274010A402FE573A
:109EE000B627EA5344028F885073802C4C607F9DC4
:109EF000FCC0EACEEA32D5C0EACEEA32D5E7FC4071
:109F0000469C003F814044729028446290385094AF
:109F10008FFFEAFA5A00010FC0065A0003235A00C5
:109F20000423D53AB426EAD0FE0EB606B407EAD129
:109F3000D5168400EA3DB4268100EAD0FE0EB606AE
:109F4000EA2E5A080105EA8D5A00012FEBCB3800A2
:109F50002202EA42EADEB407EAD1FE0FB607D51CB8
:109F60008401D5E98403EA3DB4268100EAD0FE0EDF
:109F7000B606EA2E5A080105EA8D5A000119EBCB04
:109F80003810220254108FFF4020C808B427401018
:109F9000A402FE57B627EA53440291985073802CCE
:109FA0004C607FB9FCC0EACEEA32D5D1EACEEA32C3
:109FB000D5E7FC4085225A38020558210001852149
:109FC000814044628E249DD1EAFA5A00012EC028B5
:109FD0005A0003325A0804558403EA3D9C41443236
:109FE0009230FE7C542087FFB423922BEAF7FE5771
:109FF000B62344120D50A0B13810810144008000F6
:10A00000FE17A8314010A436440100004010043669
:10A010009689B4269230EA30FE57B626D52DB4067E
:10A020009210DD4CD5288400EA3D9C41FE7C4432F0
:10A030009224D5078401EA3D9C41FE7C4432923C47
:10A04000542087FFB423922BEAF7FE57B62344121D
:10A050000D50A0B13800810144108000FE57EAEB9A
:10A0600044210000A871400100169641B4069210E8
:10A07000DD4CFE0FB606A0718410FE0EA831EA5327
:10A0800044028F844C607FA2FCC0FC4085225A3879
:10A0900002038521814044629038447290344482A6
:10A0A0000D5045C08000EAFA5A00010DC0075A0061
:10A0B000030C5A0804208403D508B4079210DD4C21
:10A0C000D5148400D5028401EA3DB4263804010188
:10A0D0004010F004B626EAEB442040004011003660
:10A0E000B4079210DD4CFE0FB607B4268410FE0EA6
:10A0F000B6065073802C44029194EA534C707FD57D
:10A10000FCC0FC438420844C8140B1C3801FDD44EB
:10A1100080078420844CDD4484C0549300FF800970
:10A12000EA9A380F9808800949FFFA5CEAAC8CC1BA
:10A130005A680CF5801F5AA8010E84208041846261
:10A1400049FFFF39842080078041846249FFFF9FD7
:10A15000FCC349FFFE61800749FFFED3801F49FF12
:10A16000FDE2800749FFFE0FFCC3443480909484D5
:10A1700040102808B483FE57FE47442FFBEEFEA68E
:10A1800054108411FE57B623461000808458505056
:10A19000826CB4859606FEA658210006B645B485A5
:10A1A000442FE0FFFEA658210600B645B48544289A
:10A1B000FFFFFEA6B645B485462E0FFFDD5FFEA667
:10A1C00046407000FEA7B645B48340202C08440FDB
:10A1D000F7FFFE26FE1746200081B6030431006F0C
:10A1E000841EFE1E1401006FA0AB841BFE16A82B5C
:10A1F000DD9E3E07EA3EDD9E2E07EA3EDD9E4437A9
:10A200002000EA7BB4834020A408441FFDFFFE66C3
:10A21000FE57B6233E07EA3EDD9E4610008204202C
:10A2200080085A080106841CFE16EA5DD503841DC9
:10A23000FE1614008008DD9E44329224EA7BB4832B
:10A240004020F008EBB1DD4FFE66FE57B623441206
:10A250009220E601B40140F7FC0894019201EB580A
:10A26000B601DD9E4432923CEA7BB4834020F00884
:10A27000EBB1DD4FFE66FE57B62344129238E6017D
:10A28000B40140F7FC0894019201EB58B601DD9E41
:10A2900044329230EA7BB4834020F008EBB1DD4FCA
:10A2A000FE66FE57B6234412922CE601B40140F735
:10A2B000FC0894019201EB58B601DD9E442720680A
:10A2C0009601B4229230EA30FE47B622442720702D
:10A2D000B4229230EA30FE0FB602DD9E4427200001
:10A2E000961740105008B462460FF8FFDD41FE1E7D
:10A2F000FE0FB602DD9E44072000B40092149617AC
:10A30000DD9E44272000843EB4629606FE5EFE0F6A
:10A31000B602DD9E44272004843EB4629606FE5EAB
:10A32000FE0FB602DD9E442720009606B462EA378F
:10A33000EA7AFE1EFE0FB602DD9E44272000960636
:10A3400040105C08B462460FF7FFDD41FE1EFE0FB1
:10A35000B602DD9E44172000EBADB441FE17B601F6
:10A3600084073E07EA3DDD9E2E07EA3DDD9E440759
:10A3700020ACB40096173E07EA3DDD9E442720003E
:10A38000960640107008B462EB13DD41FE1EFE0F0E
:10A39000B602DD9E84013E07EA40DD9E2E07EA40BC
:10A3A000DD9E84003E07EA40DD9E84013E07EA3FD1
:10A3B000DD9E2E07EA3FDD9E84003E07EA3FDD9EDC
:10A3C00044029224B400921C9606DD9E44248090A0
:10A3D0009606B4629444440FFFEFFE1EFE0FB602D1
:10A3E000DD9E44248090843EB4629606FE5EFE0F9D
:10A3F000B602DD9E4600008150200E64B422EA21A0
:10A40000B622B422EA98B622DD9EC906442710007F
:10A41000B422FE0FD5085A18010844271000FE0385
:10A42000B422FE0EB602DD9E5A180107442710041E
:10A43000B422FE0FD507C90744271004FE03B42237
:10A44000FE0EB602DD9E5A18010744271008B422FA
:10A45000FE0FD507C90744271008FE03B422FE0EDD
:10A46000B602DD9E44071008B40054000100EA6AF9
:10A47000DD9EC80744171018841EB441FE16D50788
:10A480005A08010D44171018B401DD5BB6014417DA
:10A49000100CB401EAF1B601DD9E5A08020C441713
:10A4A0001018B401DD5BB6014407100CB420842001
:10A4B000B620DD9E442710189606B462EA82EA5858
:10A4C000FE1EFE0FB602DD9E44071014B400DD9E92
:10A4D00044260000843EB4629606FE5EFE0FB6027D
:10A4E000DD9EFC00EAA7FC80FC002E17F311442738
:10A4F000211C5A180107B42292324010C808D5090D
:10A500008E014000380840103809B4029212EABDAA
:10A51000FE0FB6028400EA79840049FFFA71FC80DC
:10A52000FC0049FFFA6DEB99FC80FC0049FFFA65DD
:10A53000FC80DD9E4404808C8420B620DD9E443661
:10A540003000461FEFFFB443DD4F96064000600821
:10A55000FE8EFE87B64344263400B462FE5EFE0FD4
:10A56000B602DD9E84408022EBBB4031880C8C41DA
:10A5700088235A2819FBEB24944F40009C090411AE
:10A5800000B392394010E408FE47141100B3DD9E79
:10A5900084408022EBBB4031880C8C4188235A28B0
:10A5A00019FBEB24944F40009C09041100B292392E
:10A5B0004010E408FE47141100B2DD9EFC49EAA6F3
:10A5C000B18151C001C0B4FCB93B509F802CEA98C6
:10A5D000B9BBBA3A46104000FE57B9BAA083EB4D5A
:10A5E000FE57A843BA06441FDFFFFE56B986BA3BA2
:10A5F00044120000FE57B9BBBA3BEAE8FE57B9BBAC
:10A60000BA48843DFE56B9C8B948844CEA21B9C855
:10A6100084208006DD44440293408420B400FA493B
:10A62000920E9606EB634402934C97E7B4008CE1DC
:10A63000920E9606AE3144029358B400920E9606DE
:10A64000AE3244029364B400920E9606AE334402D6
:10A650009370B400920E9606AE344402937CB4001C
:10A66000920E9606AE3544029388B400920E96067A
:10A67000AE3644029394B400920E9606AE3744026E
:10A6800093A0B400920E960610030008440293AC07
:10A69000B400920E960610030009440293B8B40069
:10A6A000920E96061003000A440293C4B400920E60
:10A6B00096061003000BB004DD448420FA4980099B
:10A6C000DD4484208441B004382004088C2196089D
:10A6D000E207E9FA84208041380304005A080107A0
:10A6E000B0C438048408382184088C215A180CF628
:10A6F000B00449FFFF39800949FFFF4CFCC9FC2029
:10A70000466000834052AC08FE2F404244088386D6
:10A71000BF144010E008FE27463FF7FF4620080020
:10A72000FE0F503189FF50210600FE1EFEBE401074
:10A730000804B994FCA046200083961F043100143D
:10A740009441440FFFE1FE1EFE0FEBF5DD9E9606E1
:10A75000462FDFFFEB4A40006408DD5F443290384B
:10A76000B425EB1AFE56FE471412FFF50412807949
:10A77000FE56FE4714128079DBF4DD9E460000830E
:10A78000040000169600DD9E4600008304000016BB
:10A790009600DD9EFC4080C4812280E384008423F7
:10A7A00049FFF713381499018401EA6138039800CE
:10A7B0008422EA49FCC0C90846200091843EB46264
:10A7C0009606FE5ED50A5A18010B462000919606A1
:10A7D000B4629441841DFE1EFE0FB602DD9E46103B
:10A7E0000081845050508068B465A129FEA658218C
:10A7F0000004A8A9C808042080199252EAE358214D
:10A800007294D5095A08010A042080199252EAE389
:10A810005821599414208019460FFE0E500000E074
:10A82000EBEAFE1E580000031400801A44142C0C9E
:10A83000EB13B441DD41FE16B601B44146020000FF
:10A84000FE17B60144042C10EB23B440FE56B6208C
:10A85000B42058108020B62044042C44461F3FFFEB
:10A86000B440DD4FFE56B620B440EBFFFE57B62095
:10A87000B4404619FFFFDD4FFE56B62044142C4865
:10A88000B401DD5BB601DD9EFC003C1DF878840060
:10A8900049FFFFA7DD51FC805A000114C0045A0093
:10A8A0000219DD9EEB5CEB46B4029210DD4CFE0F0C
:10A8B000EBCAB602B4019208EA2558000098D512F6
:10A8C000EB5CEB46B4029210DD4CFE0FB602D506EF
:10A8D000EBBCB4019210DD4CB601EBCAB401920896
:10A8E000EA25B601DD9E44142C10440FFFEFB4415D
:10A8F000FE16B601DD9E4414808846005000B44127
:10A90000FE17B60144140018EB13B441DD41FE16E6
:10A91000B601DD9E2E17EC9244047000B4405A1824
:10A920000105EB84FE56D503EAE8FE57B620DD9E0E
:10A93000FC0044142C20440FFFB3B441FE16580011
:10A940000048B60144142C34EAE0B441FE17B601C5
:10A9500044142C18EAA6B441FE17B601EAF3DD5AF6
:10A9600044242C1C460FFB3FB422DD41FE0E461052
:10A970000480FE0FB602EAF3DD5A44242C08460C8C
:10A98000FFFFB422DD41FE0E46120000FE0FB602AC
:10A99000DD4EEA8144142C0C46030000B441FE173E
:10A9A000B601DD4EEA814414500C841EB441FE16FB
:10A9B000B601840FEB5AFC80FC0044142C20440F99
:10A9C000FFB7B441466FDFFFFE16B601EAF3DD5A6A
:10A9D00044142C1C460FFB7FB441DD41FE16B6012A
:10A9E00044142C34EA8EB441DD41FE16B601441401
:10A9F0002C18460FFF7FB441DD41FE16B601EAF385
:10AA0000DD5A44142C08EB49B401FE36B601DD4E84
:10AA1000EA8144042C0CB420FF8EB6C0DD4EEA81DE
:10AA20004414500CB401DD5BB601840FEB5AFC807A
:10AA3000442470189442B4629401FE0F8439540087
:10AA40000006FE5EFE0FB602DD9E4424020C44109A
:10AA50009898B4029210DD4CFE0F44147004B602B4
:10AA6000B401EB5C9210DD4CB601B402EB469210DF
:10AA7000DD4CFE0FB602DD9E4414020CB4019210B0
:10AA8000DD4CB601EBBCB4019210DD4CB601EB72AB
:10AA9000EA7AB441FE16B601DD9E442470044410E7
:10AAA0008912B4029210DD4CFE0FB602DD9E4424E2
:10AAB00000109601B4229230EA30FE47B622DD9EA5
:10AAC00044240018960640107008B462EB13DD4170
:10AAD000FE1EFE0FB602DD9E442400189606B462E8
:10AAE000EADE440BFFFFFE1EFE0FB602DD9E44248D
:10AAF0000018843EB4629606FE5EFE0FB602DD9E2E
:10AB00004414008C44240020B4019208EA25580023
:10AB1000008AB601460CA23950000890B602B40172
:10AB20004628A0009208EA25B601EAA6A047922886
:10AB3000EA5958108047A84750400020A067EA59BA
:10AB40009228FE57A867A06744240108EA21A86755
:10AB5000A067EB06A867A06758108010A867A067D9
:10AB6000EAF2A867A06758108400A867A067EA59AE
:10AB70009228A867B462EB84FE5EB62244272000C8
:10AB8000EB23B462FE5E443720C0B622B443441FB8
:10AB9000FDFFFE8EB64344372100B443FE8EB6431C
:10ABA00044272140B462FE5EB622A087441F07FFFF
:10ABB000FE565810D800A847B424EA21B624B4247D
:10ABC000EA98B624DD9E442720009606B462944499
:10ABD000440FFFEFFE1EFE0FB602DD9E46200081F1
:10ABE00046080FFF0411001ADD41FE0E4612A000B8
:10ABF000FE0F1401001ADD9E44142C1C440CFFFFB0
:10AC0000B441FE16B601DD9E44042C10441FFBFF28
:10AC1000B440FE56B620B42058108800B620B44088
:10AC2000441F7FFFFE56B620B440EAE8FE57B62028
:10AC3000DD9EFC0046100085460710FF8381BA2088
:10AC4000500007FFFE1658000800B8A08401DD5A26
:10AC5000FC8046100085460710FF0420802050002D
:10AC60000BFFFE165800040014008020DD9E4600F5
:10AC70000085A0435810A000A84350400080B46451
:10AC8000461710F850208FFFFE9E58214000B64412
:10AC9000B4448E21FE56EB24B6240431007B4610CA
:10ACA0001000FE5F1411007BB444461710FF5010D3
:10ACB0008BFFFE5658108400B624DD9E40003008FD
:10ACC000920CEB4A443EFFFF44410000442290387E
:10ACD000EA7BC104B425FE67D503B425FE5EB62524
:10ACE000EB1A9201DAF6DD9E40003008920C4452D5
:10ACF0009038443EFFFF4441000044229248EA7BE2
:10AD0000C104B425FE67D503B425FE5EB625EB1A53
:10AD10009201DAF6DD9EFC408520468C003F44A27D
:10AD2000945C80E980C950840FFF8009EA9A5A0830
:10AD300001148406401300179600FA28FE0C5000F8
:10AD400006E054000FF8EADEB40A8CC1EB30FE0FC7
:10AD5000B60A97B0D51B8009EA9A5A08041554130D
:10AD60008001FA488C26FE54501086E054108FF86B
:10AD70004020C808B42A8CE14010A002FE57B62A31
:10AD800097F8D504B40AEB30B60AEA5CEA508D4C69
:10AD90005A980CCDFCC0A041B460EB244010B80818
:10ADA000922E50410100B664A861A042A003A8649D
:10ADB00040003808920EA825DD9E8C0C44528E1C53
:10ADC0004432902C00107FF4EB1A4020E8085042E7
:10ADD000FFD4B4248C01944E9226FE57B624001062
:10ADE0007FFF4020E808A061944E9226FE57A8619C
:10ADF000DBEADD9E5A00010DC0085A00030D5A0817
:10AE00000410440292E4D50944029260D50644023B
:10AE100092B8D5034402928CB4009215DD9E840052
:10AE2000DD9E5A000125C0065A00033F5A00045A0D
:10AE3000DD9E44029260B40092155EF0017D4402F2
:10AE40009284E80BB420EAF2B620B440843EFE5669
:10AE5000B62044129280D557B4408437FE56B620AF
:10AE6000B420EA21B62044129280D55A440292B806
:10AE7000B40092155EF0017D440292DCE80BB42030
:10AE8000EAF2B620B440843EFE56B620441292D870
:10AE9000D53AB4408437FE56B620B420EA21B62015
:10AEA000441292D8D53D4402928CB40092155EF0C3
:10AEB000017D440292B0E80BB420EAF2B620B4401F
:10AEC000843EFE56B620441292ACD51DB440843761
:10AED000FE56B620B420EA21B620441292ACD5200A
:10AEE000440292E4B40092155EF000C54402930857
:10AEF000E80EB420EAF2B620B440843EFE56B620F6
:10AF000044129304B40194019201D50EB4408437E5
:10AF1000FE56B620B420EA21B62044129304B44170
:10AF200046080000FE17B601DD9EFC005A00021321
:10AF3000E603E805C0095A00010BFC805A00032211
:10AF40005A000423FC8044329260D520443292B8E7
:10AF5000D51D46200084541087FF50510C00B48545
:10AF6000440C007F94CFFE26FE1FB605B465460E46
:10AF7000003FDD414010C808FE1EFE47B625FC809C
:10AF80004432928CD503443292E4B4434010D40846
:10AF900040212C08924BFE57B62349FFFF44FC800A
:10AFA000462000869606EAE5043100C0EA8EDD41BF
:10AFB000FE1EFE0F140100C0DD9E46200086960690
:10AFC00040106408043100C0EB9DDD41FE1EFE0F01
:10AFD000140100C0DD9EFC4046AFFEFFEBD484E0D0
:10AFE0005C80000150A50FFFB426460001008126B9
:10AFF000FE471C14808450230210B422FE0FB602B8
:10B00000B426EAE0FE47B626B422FE0FB602800759
:10B01000EA9A9E439648E622E9035A080111B426AB
:10B02000EB594010A802FE0FB606B446461FEFFFCC
:10B03000DD4F40046008FE56FE0FB606800749FF4C
:10B04000F2D19E439648E622E9035A080111B42939
:10B05000EB594010A802FE0FB609B409462FEFFFC6
:10B06000DD5F40146008FE86FE57B6298CE197F834
:10B07000EA535A780CBBFCC0FC4046AFF7FF838014
:10B08000EBD4852050A50FFF5C800001B40646106C
:10B09000010080E6FE0F1C03808450330210B403CD
:10B0A000FE0FB603B446EAA6FE87B646B443FE17C3
:10B0B000B603B406EBC0B606B403EBC0B603800912
:10B0C000EA9A9E839690E642E9035A080138B466EC
:10B0D000462FFEFFDD5FFE9EEB59FE17B606B466F7
:10B0E000462FFF7FDD5FFE9E40044C08FE17B6062C
:10B0F000B466462FFBFFDD5FFE9E40045808FE1736
:10B10000B606540E000140205C08B406EBC0FE17E2
:10B11000B6065BC801149E74B441EBE2DD41FE1635
:10B1200046200300FE17B601B441460C07FFDD417F
:10B13000FE1646218000FE17B601800949FFF25233
:10B140009E839690E642E9035A080139B467462F78
:10B15000FEFFDD5FFE9EEB59FE17B607B467462F74
:10B16000FF7FDD5FFE9E40044C08FE17B607B46704
:10B17000462FFBFFDD5FFE9E40045808FE17B60712
:10B18000540E000140205C08B407EBC0FE17B60760
:10B190005BC801155013020CB441EBE2DD41FE1611
:10B1A00046200300FE17B601B441460C07FFDD41FF
:10B1B000FE1646218000FE17B601EA5CEA50EA530B
:10B1C0005A900C0448FFFF64FCC05A00010DC008EF
:10B1D0005A00030D5A08041044029300D509440292
:10B1E000927CD506440292D4D503440292A8B400BE
:10B1F0009637DD9E8400DD9E4402927CB400963733
:10B200008C01DD9E44420F3C4452927CA6A0EBBBD5
:10B21000A6A1A722886138200800380010008841C4
:10B220008820B40596D892075441807F9407FE2762
:10B2300044429224B60594D99C1AB4649690926BB9
:10B240004031AC08FEC7B664444292D45431007F0A
:10B25000B404949192079407FE1F4432923CB604C2
:10B260009C12B4439648924B40212C08FE87B6436B
:10B27000443292A85420807FB403944992079407E3
:10B28000FE1744229230B6039C0AB422922BEAF7AE
:10B29000FE47B622DD9E46200081843E0431002216
:10B2A0009606FE5EFE0F14010022DD9E5A10021665
:10B2B0005A100325C939EBB74432927C3E07ECD4CF
:10B2C000EA46B4235420007F9227944FFE57B623BA
:10B2D000940144229224D522EBB7443292D43E0703
:10B2E000ECD5EA46B4235420007F9227944FFE57B2
:10B2F000B62394014422923CD511EBB7443292A874
:10B300003E07ECD6EA46B4235420007F9227944FA0
:10B31000FE57B6239401442292309C42B402920B11
:10B32000EA88FE0FB602DD9E5A0002085A000309A1
:10B33000C80B2E07ECD4D5062E07ECD5D5032E0767
:10B34000ECD69600DD9E440000FFDD9E8400DD9E6D
:10B35000FC00842084CC4452933880853820050139
:10B360004240987354313FFFB4448C21924EEB4FCE
:10B37000FE9FB6445A180CF3FC805A000213E603F1
:10B38000E805C0095A00010BDD9E5A0003225A004D
:10B390000423DD9E44229268D520442292C0D51D0C
:10B3A00046300084462FFC0050518C08B4055410E0
:10B3B00083FFDD5F4040B008FE16FE27B605B405EA
:10B3C0004010D808EB14920AFE47B625DD9E4422B1
:10B3D0009294D503442292EC541083FF4000D40889
:10B3E000B462461801FFDD4FFE5EFE47B622DD9EC9
:10B3F000960644529340EB12442DFFFF443293D003
:10B40000B4258CACFE56FE471412FFFD04128021B9
:10B41000FE56FE4714128021DBF4DD9E46100081AB
:10B42000463E000F50508F1CB445EAFD924D40211E
:10B430003408B645B44546400F00FE9EFEA7B6450B
:10B44000A0A9924D402134085821003CA8A9A0A9E8
:10B45000FED646200780FED7A8E95A08010E4422EE
:10B460009340EBADB422FE47B6224412934CB44154
:10B47000FE17B601DD9EFC00840049FFFFBBFC8087
:10B480005A00010BC0065A00020B5A00030CDD9E45
:10B4900044229280D509442292D8D506442292AC07
:10B4A000D50344229304965FB4624000B808441C5C
:10B4B0003FFFFE5EFE47B622DD9E54208007965E6B
:10B4C00092235A000113C0065A00021B5A00032B94
:10B4D000DD9E44329284EA58B483EA59FE26FE4740
:10B4E000B6234412926CD516443292DCEA58B483E7
:10B4F000EA59FE26FE47B623441292C4D50B4432C5
:10B5000092B0EA58B483EA59FE26FE47B6234412A5
:10B510009298B4014021740894039203FE17B60177
:10B52000DD9E44329308EA58B483EA59FE26FE476A
:10B53000B623441292F040217408B401940392039C
:10B54000FE87B641DD9E46000081040000F59208AA
:10B55000962FDD9E8C0144529458444294E8A68074
:10B5600000307FFF94938843A6C18CAC94DE88435F
:10B57000A6C28C264031A4088843A6C38C0640315D
:10B58000B008884300307FFE4031BC088843EB4F51
:10B59000403138090422FFFD9252EAE3FE9F142253
:10B5A000FFFD0020FFFB0030FFFA9493884300303A
:10B5B000FFFC94DE88430030FFFD4031A40888433F
:10B5C0000030FFFE4031B00888430030FFFF4031BB
:10B5D000BC088843EB4F403138090422FFFE9252E9
:10B5E000EAE3FE9F1422FFFEDCBBDD9EFC5E8120B1
:10B5F00080C180E2842044200048B018DD448420CB
:10B60000B02A44200048DD448420806138448E0202
:10B61000B00C5452003FB09854420FC0928640F193
:10B620000400B0AA38400E0A385F8E0A840040A198
:10B63000040054228001C20438830E02D5033883EB
:10B640008E023887800854220001C20438830E021B
:10B65000D50338838E02388500088C0192A192812F
:10B660005A0806E9B00C385F8E0A38400E0A8C6121
:10B670008C265A380CCDB018B06A49FFFF6DFCDE3D
:10B6800044528E00849E44329010B445843EFEA6FF
:10B690001C22800BDBFBB4459606FE8EFE874432EF
:10B6A000903CB645B443FE8EFE87B6434432906864
:10B6B000B443FE8EFE87B64344329094B443FE8E6C
:10B6C000FE87B643443290C0B443FE8EFE87B64335
:10B6D000443290ECB443FE8EFE87B6434432911858
:10B6E000B443FE8EFE87B64344229144B462FE5EAC
:10B6F000FE0FB602DD9E44128E0044228F60B4011C
:10B70000EA4FB60144128E2CB401EA4FB60144123E
:10B710008E58B401EA4FB60144128E84B401EA4F48
:10B72000B60144128EB0B401EA4FB60144128EDC69
:10B73000B401EA4FB60144128F08B401EA4FB601D2
:10B7400044128F34B401EA4FB601B4228417FE4686
:10B75000B62244228F8CB422FE46B62244228FB8F1
:10B76000B422FE46B62244128FE4B441FE16B6015E
:10B77000DD9E46300080462EFFFF50518290B4255A
:10B78000E601DD5F4047F008FE56FE67B625B425AA
:10B79000462BFFFFDD5F4047F808FE56FE67B625E3
:10B7A000EBEA847E042080729606FE9E40213C04D3
:10B7B000142080720420806AFED61430806A04301F
:10B7C000806A8459FE9EEAB0EB87442FFFDF94C560
:10B7D000FEA6FE9FEAB00430806A442FFFBFFE9EA3
:10B7E000EAB0EB87442FFF7F94C7FEA6FE9FEAB026
:10B7F000EB87442FFDFF40302408FEA6FE9FEAB0F1
:10B80000EB87442FFEFF40302008FEA6FE9FEAB0E3
:10B810000430806A442FF7FFFE9EEA88FE1714006A
:10B82000806A04208013460FFF0FDD41FE1646207C
:10B8300000A0FE171400801304208014841DFE163F
:10B84000140080140420806A440DFFFFFE161400CB
:10B85000806A0420800946000400FE171400800955
:10B8600004208072440FFF87FE1658000018140051
:10B8700080720400839958000010140083990420FA
:10B8800083A6460FFC00500001FFFE16580014006E
:10B89000140083A6DD9E44362004461FF00FB443F7
:10B8A000DD4FFE5646200A30FE57B62344148080F2
:10B8B0008468B4418E0158210800B64144248001B7
:10B8C0009600AED0B481EBAFFEE6B661FA60AED0C2
:10B8D000B461E60358318200B6618462AED0B461CF
:10B8E00058318100B6618461AED0B481443FFBFF22
:10B8F000FEE6B6618424AE5044162000B4414618DA
:10B900000000E8064431261C38018202D50280017D
:10B910008C23FE0E8E27FE56FE474406200044264A
:10B92000200CB620B422460FF00F50000EFFFE0E82
:10B9300046100400FE0FB602DD9EFC002E07F1ED5E
:10B94000C0034900165844148000B401920B9606B7
:10B95000C004EAB68448AE80B401920C9606C004D6
:10B96000EAB6FA20AE40EB27B40092099606C02250
:10B97000EBA6C002EADD2E07F1EDC813441620083D
:10B98000B401920896005A08A307B40192109600D9
:10B990005A00A30844062008B40096005A08A304DD
:10B9A00049001629EAB68422AE408402EB7A4900A7
:10B9B00017A444148000B40192089606C004EAB6A5
:10B9C0008441AE80B401920A9606C004EAB684248B
:10B9D000AE40FC8044062010B40092019606DD9E25
:10B9E00044062010B4009606DD9E4404400CB400CA
:10B9F00092019606DD9E50308080B4418840AA892D
:10BA00004C11FFFDDD9E5010006080A0845FAAA94C
:10BA1000D9FFDD9EC80444072014D503440720182D
:10BA2000B400EA34920CDD9EC8044407200CD51201
:10BA30005A08010544072010D50D5A08020544078D
:10BA400020A0D5085A080305440720A4D5034407BD
:10BA500020A8B400EA34920CDD9EFC0080C1EA7F8D
:10BA600084408022E246E805381009098C41D5FB64
:10BA7000FC80FC0080C1EA7F84405000048080226A
:10BA8000E246E8051A1000018C41D5FBFC804427F2
:10BA90002014EA34EAF8B4029214EA54FE0FB60213
:10BAA000DD9E44272018EA34EAF8B4029214EA54DE
:10BAB000FE0FB602DD9E4427201CEA42B422922CDF
:10BAC000EA6FFE47B622DD9E44272020EA42B422D8
:10BAD000922CEA6FFE47B622DD9E44272034EA42CC
:10BAE000B422922CEA6FFE47B622DD9E4427200C3A
:10BAF000EA34EAF8B4029214EA54FE0FB602DD9E6C
:10BB0000442720A8EA34EAF8B4029214EA54FE0F5B
:10BB1000B602DD9E4427201CEA42EA37B462460F93
:10BB2000000FDD41FE1EFE0FB602DD9E44272020E1
:10BB3000EA42EA37B462460F000FDD41FE1EFE0FF7
:10BB4000B602DD9E44272034EA42EA37B462460F4B
:10BB5000000FDD41FE1EFE0FB602DD9E442720547D
:10BB60008430B462961FFE5EFE0FB602DD9E44274F
:10BB70002054961FB462EA82440FF0FFFE1EFE0FAF
:10BB8000B602DD9E44272058961FEA37B462460F5E
:10BB9000FF0FDD41FE1EFE0FB602DD9E4600008057
:10BBA000441FFEFF042000E8FE56141000E8A083A6
:10BBB00046100200FE57A843DD9EFC4044A292546A
:10BBC00046180000B40A4492923CFE0FB60AB4092B
:10BBD00044829248FE0FB609B40844729224FE0FC4
:10BBE000B608B40744629230FE0FB607B40644426A
:10BBF0009244FE0FB606B46446080FFFDD414620AE
:10BC00001000FEC6FED7B6644442925044529318C8
:10BC1000B46444F292C0FEC6FED7B6644442923881
:10BC200045E292F0B464FEC6FED7B6644442922068
:10BC3000B464FEC6FED7B6644432922CB483FE26AA
:10BC4000FE17B603443292E044010842B443444232
:10BC500093109255EA20FE87B6434432930CB443C6
:10BC60009255EA20FE87B643443292B4B4439255CB
:10BC7000EA20FE87B6434432925CB4439255EA20F0
:10BC8000FE87B64344329288B4439255EA20FE8739
:10BC9000B643443292E4B4439255EA20FE87B64359
:10BCA000B4449255EA20FE87B644444292B8B44464
:10BCB0009255EA20FE87B64444429260B4449255BD
:10BCC000EA20FE87B6444442928CB4449255EA205E
:10BCD000FE87B644444292E8B4449255EA20FE8777
:10BCE000B64444429314B4449255EA20FE87B644C5
:10BCF000444292BCB4449255EA20FE87B644444282
:10BD00009264B4449255EA20FE87B644444292902D
:10BD1000B4449255EA20FE87B644442292ECB482A1
:10BD20009295EB6DFF07B682B4859295EB6DFF0798
:10BD3000B685B48F445292689295EB6DFF07B68F2B
:10BD4000B4859295EB6DFF07B6854442929405C287
:10BD50000000EB18EAEFEAC715C20000EB7CEB1815
:10BD6000EAEFEAC7EB4E45E2931CEB7CEB18EAEFF7
:10BD7000EAC7EB4E45E292C4EB7CEB18EAEFEAC768
:10BD8000EB4E45E2926CEB7CEB18EAEFEAC7EB4E28
:10BD900045C2929805EE000041EF540941EF540866
:10BDA000400F0004B61C05E40000460FF83FDD41DB
:10BDB00045C4000041EF000241EF700415E40000AB
:10BDC000B50A4084000240847004B70AB549468031
:10BDD0000C0040A5000240A57004B749B52746A154
:10BDE000B800409480024094F004B727B4E646912E
:10BDF0009000FE3E40007004B606B40F466C03FF90
:10BE0000FE0FB60FB405467FF03FFE0FB605B40433
:10BE1000EB49FE0FB604B402464C003FFE47B62283
:10BE2000441292DC50420FFFB40147C0C0005800DA
:10BE30001000B601B40346117800EA88920BFE0F99
:10BE4000B603B422460801FFDD41FE0E4610E000B5
:10BE5000FE0F44129300B602B441440FC07FFE1699
:10BE600058000380462FC03FB601846044028E1CF8
:10BE700044129458DD5F50738FFFB4A1E668FF66EB
:10BE80004052A404B6A104508024FF664052A4048A
:10BE900014508024A149FF664052A804A9490450C7
:10BEA0008025FF664052A80414508025B4A0FF5698
:10BEB000E80F4052A004B6A0A141FF564052A00492
:10BEC000A94104507FF9FF764052F004D508B6A08E
:10BED000A141FF56A94104507FF9FF7614507FF924
:10BEE0000450008446F00280FF5614500084045031
:10BEF00000858C61FF56145000850450007D96D853
:10BF0000FF761450007D0450FFB95000002CFF7ED6
:10BF10004052BC041450FFB90450FFDD8C2CFF7E4E
:10BF20004052BC041450FFDA5A380CA9FCC0FC4043
:10BF300044676000EAE0B42646708000FE0FB60653
:10BF4000B42646002000FE0FB606B4264600400088
:10BF5000FE0FB606B40644944014FE3FB60649FFF1
:10BF6000EE6E4407700044128E00844BEA4744078B
:10BF7000702C441292208443EA47B4094412925C24
:10BF8000FFC7B6E944076C00844BEA4744076C2CB2
:10BF9000441293388443EA47467F7FFFB4095073C5
:10BFA0008FFFFE3EB6094412945844078000844334
:10BFB000EA47B426EA8EDD41FE0EB606B426EB9DB6
:10BFC000DD41FE0EB606B426460FBFFFDD41FE0E74
:10BFD000B606B406FFC6B6E644628E2C44729220C2
:10BFE000802644028E00844BEA53EA474C63FFFAF2
:10BFF0004462922C4472925C8026440292208443D4
:10C000008CCCEA474C63FFFA4462928844729338BE
:10C0100080264402925C844BEA53EA474C63FFFA61
:10C020004462934444729458802644029338844373
:10C030008CCCEA474C63FFFA44629464447295786E
:10C0400080264402945884438CCCEA474C63FFFA20
:10C05000800644128E0044200778DD5C44128E0076
:10C060004420077844029CF0DD5CFCC04427600457
:10C0700044176020B4024640B000920CEA34B60285
:10C08000B40144530000920D40003408580001DE12
:10C09000B60144076018B4209228EA595810800B62
:10C0A000B620B460441F00FFFECE58318300B66056
:10C0B000B460EAD79268FEE7B660B460464FF00F0E
:10C0C00050420FFFFEE6FEEFB6604407601C46508C
:10C0D000014EB4609268EAD758318003B660B4600C
:10C0E000FECEB660B460FF1E44340000FF1FB68071
:10C0F000B46046418000EAD79268FEE7B6604437F4
:10C1000060004447600CB4039208EA255800000D13
:10C11000B603B403FE4658108600B62344364820C2
:10C120004411DB0DB4039212EABDFE0FB603443690
:10C130004420B4039212EABDFE0FB603B422460FA8
:10C14000F000DD41FE46B6224427601046300084F0
:10C15000B422FE46FE5F44376008B622B423922C18
:10C16000EA6F58108108B623B424922CEA6F581055
:10C170008117B624B423FE46FE6FB62344376014FD
:10C1800046500196B423922CEA6F58108172B62360
:10C19000B424FE46FE6FB624B423FE0E461001BA48
:10C1A000FE0FB603B402920CEA34580001DEB60268
:10C1B000DD9EFC00EBE449FFFEBC49FFFD0049FFAA
:10C1C000FF578386B951EBB6FE0FB8D14402C700C2
:10C1D00049FFFC1B4400059A44120CB049FFFC0DBA
:10C1E000B90946000800FE0FB88946000082441FC6
:10C1F0007FFF50300DFCB443FE56B623B4434410C9
:10C200008000FE57B62346100080460FFEFFA08B2D
:10C21000DD41FE16A80B040080E8EAF1140080E876
:10C22000FC80462000819606043100749447440F38
:10C23000FF7FFE1EFE0F14010074DD9EFC4044646F
:10C2400000644600808044740C40B606852084015A
:10C25000DD5ADD4EB726DD5AB40746A00080844182
:10C26000400028048062B607441404404404084097
:10C27000EA45B427460FFF7FDD418441FE0E806210
:10C2800044140440B60744040840EA458401B74614
:10C29000DD5A440720C0B726B440EBA5FE57B620B0
:10C2A000B4C092D99786CEFD840149FFEFA48006E1
:10C2B00049FFF147FCC0FC0049FFFFC249FFF4CB36
:10C2C000FC80FC004404589C441458A0462124924D
:10C2D0005021045044400492B640B681441458A4FE
:10C2E0008460B6614414551CB641EB76B682EB6FA0
:10C2F000B66284438062EA45FC80FC0049FFE9F0B5
:10C300005A08012249FFEB6180C0C81DDD405A0870
:10C31000011B441458A04404589C462124925021E7
:10C32000045044300492B640B661441458A4B6C1D7
:10C330004414551CB641EB76B662EB6FB6C284432B
:10C340008062EA45FC804424005044119878B4028D
:10C350009211EB12FE0FB602DD9E443480909606D9
:10C36000B483843D9481FE66FE57B623EBEA845E77
:10C3700004308015FE9EFE1714008015042080DC1A
:10C3800046080FFFDD41FE1646233000FE1714005D
:10C3900080DC84003E07F1E8EB3F8422AE40DD9E66
:10C3A00044240018C80CB422440BFFFFFE0EEBCA55
:10C3B000B602B4019208EA25B601D515B462EBB60F
:10C3C000FE1FB6024424020CB4029208EA25C10AF8
:10C3D00058000098EB72B602B44144010000FE1709
:10C3E000D506B602EB72EA7AB441FE16B601DD9EBE
:10C3F00044048010FA20AE40DD9E44048009842469
:10C40000AE40DD9E440480108421AE40DD9E440495
:10C4100080118424AE40DD9EDD9EFC004464808853
:10C42000EA8EB426DD41FE0E44140040B606B44147
:10C4300046002000FE17B601B441EB9DDD41FE161B
:10C44000B6018405EA81EB348421AE40B426EAE0EB
:10C45000FE0FB606FC80FC004404588C462FF00FFB
:10C46000B420DD5F44310000FE56FE5FB620441468
:10C47000550CB481FEA6FE9FB64184418062EA4518
:10C48000FC80460000810410039958108040EBB8EE
:10C49000041003995810C000EBB804200399EBB1C5
:10C4A000DD4FFE56EBB804200399EBBADD4FFE5684
:10C4B000EBB804200296441FE0FFFE8E58210F00C7
:10C4C0001420029604200196FE5658108F00141076
:10C4D0000196DD9EFC40442480108421B462B502A4
:10C4E0009279B54240F18402B4A2403460092E70C2
:10C4F0000243B522B402B482B44240818402403582
:10C50000440940A1840292834034D409924292B4F7
:10C5100092164091840240620402FF4EFE0EFE56C7
:10C5200046200081944D043100F540242C08926887
:10C530005441803F4037B008FED7FEE74025280829
:10C54000FED74024A008FED7948740018804953682
:10C55000FE2740239404FE4740212408400088041D
:10C560009601FCC044051010B400EA259208DD9E37
:10C5700044348088EAE540206408B483FE8F461F77
:10C58000CFFF46003000DD4FFE86FE66400104040A
:10C59000B603DD9E44242C0CEBC9B422DD41FE0E13
:10C5A00046103000FE0FB602DD9E44242C2CEBC951
:10C5B000B422DD41FE0E46103000FE0FB602DD9EB5
:10C5C0004414500CB401DD5BB601DD9E44240090A0
:10C5D000EA42B422922CEA6FFE47B622DD9E441452
:10C5E0002C04460FFBFFB441DD41FE16B601B441F9
:10C5F00046000800FE17B60144142C0C460FFEFF3F
:10C60000B441DD41FE16B60144042C004610020080
:10C61000B440FE57B620B42058109000B620DD9EDE
:10C6200044442C1C462FFEFFB4249606DD5F4030A8
:10C630005008FE56FE5F44242C20B624B462EB233F
:10C64000FE5E9404FE0F44342C0CB602B423EBC9F6
:10C65000DD41FE4646201000FE57B62344142C2C24
:10C66000B461FE1EFE17B601DD9E44142414460F6D
:10C670003FFFB441DD41FE16B601B441460CFFFF59
:10C68000DD41FE16B601DD9E4424588CB4025410E0
:10C6900000FEB4029208EA25FE0FB6024424550CAF
:10C6A000B402541000FEB4029208EA25FE0FB6024E
:10C6B00046000081461FDFFF042003A5DD4FFE5624
:10C6C000141003A5042003A546104000FE571410C3
:10C6D00003A504200392441FFFDFFE5614100392AB
:10C6E00004200392441FFFBFFE5614100392DD9EE8
:10C6F00044142C445A080122B4014432927C58005C
:10C700000200B60144042C40EBFFB440FE57B620B3
:10C71000B44046120000FE57B620B423460FFF0374
:10C72000DD41FE4644208000FE57B623441292A805
:10C73000B461FE1EFE17D522B40158000200B601F6
:10C7400044142C40EB13B441DD41FE16B601B44154
:10C75000460DFFFFDD41FE164422927CB601B42255
:10C76000460FFF03DD41FE465810C000B6224412BA
:10C7700092A8B441FE165800400046200081B60140
:10C78000041102AC460E3FFFDD41FE46463040003C
:10C79000FE5F141102AC041101ACFE0EFE1F140169
:10C7A00001ACDD9EFC004900038B4410004984412C
:10C7B0008405EA608461544000F880A38405FA2F60
:10C7C00044200049EA634410004A84418405EA6039
:10C7D0008461544000F8FA2F84054420004A80A365
:10C7E000EA63FC80FC004404501C8422B6204414FC
:10C7F000503C844FB4019211EB12B6014414502006
:10C80000B4019212EABD58000600B6014414503437
:10C81000B4019211EB12B60144145038B4019211D4
:10C82000EB12B601440458E444145564B640B641D2
:10C8300084418062EA45FC804E0300A8FC0046214A
:10C84000B6DB80C044045900502106D8B6404404E9
:10C850005904443006DBB66044045908441458ECCB
:10C86000B6C044045580B64044045584B6604404C0
:10C870005588B6C0440458F4B640440458F8B6602D
:10C88000440458FCB6C044045574B640440455787A
:10C89000B6604404557CB6C0440458E8B640B6615E
:10C8A000441458F0B6C144145568B6414424556C3C
:10C8B000B66244245570B6C284498062EA45441485
:10C8C000589C4601249250000450442458A0B601BC
:10C8D00044100492B622442458A4B6C24424551CE1
:10C8E000B602EB76B622EB6FB6C244245890B6027D
:10C8F00044245894B62244245898B6C2442455106F
:10C90000B60244045514442458D0B62044045518A3
:10C91000441458CCB6C04600924950000248B601B3
:10C9200044100249B622442458D4B6C24424554C7B
:10C93000B60244245550B62244245554B6C2442469
:10C9400058C0B602442458C4B622442458C8B6C2BB
:10C9500044245540B60244245544B6224424554844
:10C96000B6C2442458D8B602442458DCB622442423
:10C9700058E0B6C244245558B6024404555CB6206B
:10C9800044045560B6C0FC80DD9EFC004444590C54
:10C990008441B424FE1694C5440FFFDFFE46FE5FBB
:10C9A000B6244414558CB4A1FE2EFEC7B661B464FF
:10C9B000440FFFBFFEC6B664B461FE1EB6018062BE
:10C9C0008004EA45FC8046000081EB4D042003AD65
:10C9D000FE56C10446160000D5034612000014108E
:10C9E00003ADDD9E46000081EB4D042003ADFE56F5
:10C9F000C10446150000D502EBFF141003ADDD9E07
:10CA0000FC00EB22FC8046200080960F043100A43D
:10CA10009445440FFF9FFE1EFE0F140100A4DD9EEF
:10CA2000442400849606B462EA37EA7AFE1EFE0FBA
:10CA3000B602DD9E442400849606B4624010440889
:10CA4000440DFFFFFE1EFE0FB602DD9E442400844F
:10CA50009606EAE5B462EA8EDD41FE1EFE0FB602DE
:10CA6000DD9EFC004404589C441458A04621B6DBCB
:10CA7000502106D8444006DBB640B681441458A481
:10CA80008460B6614414551CB641EB76B682EB6FF8
:10CA9000B66284438062EA45FC804404802084229C
:10CAA000AE40441480A0B401EA5DB601DD9E4404AA
:10CAB00080188421AE4044148098B401DD5BB60137
:10CAC000DD9EFC0049FFFFEB49FFFFF3FC8044249F
:10CAD000001046198780B4029601FE0FB602DD9E53
:10CAE000FC004404001846100480B4405010847EBA
:10CAF000FE56462EEA6950210881FE574434001044
:10CB0000B620B423442098789230EA30FE57B623FA
:10CB1000B440461FFEFFDD4FFE56B620B440EAE8A3
:10CB2000FE57B62084008020EB7DFC804424001852
:10CB3000C820B4029606AE08B40292089606AE0962
:10CB4000B40292129606AE0AB402921C9606AE0B7E
:10CB50004404020CB4009208AE0DB402921B960677
:10CB6000AE0E44047000B40092109606AE0FDD9E27
:10CB70005A080135A709A6CA404220084031C80812
:10CB8000FF1FA6C8B402FF1FA6CB4031F008FF1F4D
:10CB9000A6CE4031EC08FF1F463180405031810164
:10CBA000FF1E463E7FBF50318EFEFE1EFE274444D0
:10CBB000020CB602B404A6CD442F00FFEAD7FE163D
:10CBC000FE1FB604A60F442470009606B462EA372E
:10CBD000EA7AFE1EFE0FB602DD9EB422460EFFBFAD
:10CBE00050000EFEFE0EEBCAB602B441440F00FF29
:10CBF000FE16B601EB72EA7AB441FE16B601DD9E6E
:10CC0000FC0049FFF6F45A00010849FFEC5F920E60
:10CC1000560000019606FC80462000919627A054FD
:10CC20009225944DFE47A854DD9EFC4044640018B4
:10CC300040207808EA82B4E6409104045A080126AC
:10CC4000DD405A08010E44240000461400405010F4
:10CC5000810040248804FE8E461BFFBFD508462471
:10CC600000005021010040248802EBBA50108EFFD2
:10CC700040038402FE17EB5CB606B402EB4692104A
:10CC8000DD4CFE0FB602FCC0EB4D5010810040247D
:10CC90008402EBBA50108EFF40038402FE17EBBCF7
:10CCA000B606B4019210DD4CB601FCC0442730102A
:10CCB0004414701CB4029606C806B401920196068C
:10CCC0005A0001FA44173010B401920396065A0034
:10CCD00001FDDD9E84A0D004EBB58CA1D5FDDD9EC9
:10CCE000FC00443730104424701CB4239221964633
:10CCF0005A180107B422922196465A1001F8441797
:10CD00003000B6018402EA8149FFFFD2FC80FC00BA
:10CD10004611FFFF50108F00FE0FEBCEFC80FC0091
:10CD20004611FFFFFE0FEBCEFC80FC004601FFFF2B
:10CD3000500002BBEBCEFC80FC0044373010442492
:10CD4000701CB423922196465A180107B4229221EE
:10CD500096465A1001F844173000B6018402EA8161
:10CD6000FC80FC004661FFF950030527EB8B500364
:10CD70000487EB8B49FFFF9CFC80FC004661FFF9B8
:10CD800050030500EB8B50030400EB8B49FFFF9031
:10CD9000FC80FC4180E180C2838381048145F08175
:10CDA00064930402441180006413040349FFFFDB11
:10CDB000F0015A00FF03EBA441CE2008408E20046E
:10CDC00040634008406418044003E008FE37EBCE9F
:10CDD0005AA80104840FEBA449FFFFD16493040314
:10CDE000FCC1FC20443730104424701CB423922131
:10CDF00096465A180107B422922196465A1001F815
:10CE00004417300044601000B60144748008B40731
:10CE100092119606C8082E07F1F8C80584018EC144
:10CE2000EA81CEF64404800A8422AE4044073014DE
:10CE3000B40092109600FCA0FC41F08164A30402AF
:10CE40004401800064030403407120084602F0009E
:10CE5000FFC7EA3084C0FFCF810649FFFF84F0019D
:10CE6000EBA4800749FFFFBF81202E07F1F85A0885
:10CE700001088CC197B03E87F1F85A6804F0840F1E
:10CE8000EBA449FFFF7C64A304035A6004048009F7
:10CE9000FCC18400FCC14414701CB40192019606CC
:10CEA000C80DFC0080C149001F84B406920196069B
:10CEB0005A0801FB840AEB5AFC80DD9E44173008B7
:10CEC000B40192059405DD5BB6014404800A842414
:10CED000AE408422AE4044148088EBB6B441FE17C5
:10CEE000B601DD9E44073004843EB440FE56B620B1
:10CEF000B420EA21B620DD9EC907EAEC843EB46284
:10CF00009606FE5ED5115A180108EAEC9606944181
:10CF1000B462841DD5085A18020AEAEC96069442B7
:10CF2000B462841BFE1EFE0FB602DD9EC903EB48F1
:10CF3000D50A5A18010544250010D5055A18020DC6
:10CF400044250040961FEA37B462460FFF0FDD41CB
:10CF5000FE1EFE0FB602DD9E64230402846064336D
:10CF60000403C908443480809606EAE5B483EA8E57
:10CF7000D5155A18010A443480809606401064087A
:10CF8000B483EB9DD50B5A18020E4434808096066C
:10CF900040106808B483460FBFFFDD41FE26FE0F38
:10CFA000B60364230403DD9EC90444250008D50AA2
:10CFB0005A18010544250018D5055A18020C4425B5
:10CFC00000489606EAE5B462EA8EDD41FE1EFE0FD9
:10CFD000B602DD9EC90444250004D5085A1801058F
:10CFE00044250014D50344250044B4229230EA308D
:10CFF000FE0FB602DD9EFC01F381EB26CA0544203C
:10D00000C800FE14D5104420FFFFDA0C44F003E8FA
:10D0100040423C97EBEDFE2440000CB79061E2A348
:10D02000D507FE2CEBED40000CB69061E0A3E902C1
:10D030008C019601C0038E019601F10149FFFFCCDE
:10D04000FC81C807EA3A8421AE4044150008D51097
:10D050005A080108EA3A8422AE4044150018D5085F
:10D060005A08020AEA3A8424AE4044150048B40142
:10D07000EAF1B601DD9EFC01842080C08443B0014A
:10D08000DD44CE1644050000B4209646101F8004EF
:10D09000B420EA21B62044050008B420EB06B620EF
:10D0A000B42096465A1001FEEB60EB48D5325A6820
:10D0B000011944050010B4209646101F8005B420C5
:10D0C000EA21B62044050018B420EB06B620B420AF
:10D0D00096465A1001FE000F800544250010D51910
:10D0E0005A68021E44050040B4209646101F800670
:10D0F000B420EA21B62044050048B420EB06B6204F
:10D10000B42096465A1001FE000F800644250040C8
:10D11000B462EA7B841EFE1EFE0FB602FC81C80DBF
:10D12000EA3A8421AE4044050008B420EA98B620CB
:10D13000B4209646C1FEDD9E5A08010EEA3A8422CA
:10D14000AE4044050018B420EA98B620B4209646B4
:10D15000C1FEDD9E5A08020DEA3A8424AE40440521
:10D160000048B420EA98B620B4209646C1FEDD9E61
:10D17000C903EB48D50A5A18010544250010D50506
:10D180005A18020A44250040B462843E9606FE5EA8
:10D19000FE0FB602DD9E8421C00784225A000105DD
:10D1A0005A0802058424EA3AAE40DD9E4404808099
:10D1B000B40040106009EB27B40092189606FE0EEA
:10D1C000C010FC00EA3A8421AE40DD405A08010458
:10D1D00049001113EB808C0196003E07F1E3FC80BF
:10D1E000DD9E44048080B40040106409EB27B40045
:10D1F00092199606FE0EC05DFC00EA3A8422AE400B
:10D20000DD40C803490010F9DD485A0802193C0303
:10D21000F8E48C0196013C0BF8E43C03F8E6960335
:10D22000E4028400E9053C03F8E68E019603EB98DE
:10D230003C03F8E6C83DEAC29603EB98DD405A0885
:10D2400001272E100246C1193E0002454404001871
:10D25000441BFFFFB440FE56B620B440441FFEFFFF
:10D26000FE56B620B440EBBADD4FFE56B620EBBCFE
:10D27000B4019210DD4CB601DD485A080309840060
:10D280003E07F1E68402EB4049000089EAAE5A0805
:10D290000110EA33C80ADD40C808840449FFDA26D1
:10D2A000C0078404EB02FC8084003E07F1CEFC80C2
:10D2B000DD9E4424005CB4229230EA30FE0FB602B8
:10D2C000DD9E4404005CB4009601DD9E4650009251
:10D2D0008481A0E9402140084012040CFE57401010
:10D2E000B8089272922E4031C808FECFEAECA8E945
:10D2F000FE26B462EB4C440FFDFFFE1EFE0FB6028D
:10D30000DD9E442480949606B462EA82EA58FE1EAA
:10D31000FE0FB602DD9E442480949606B462EB4C68
:10D32000440FFDFFFE1EFE0FB602DD9E462000925A
:10D33000843EB4629606FE5EFE0FB602DD9EFC02DF
:10D340008420B001844CDD44460000928C14B4204B
:10D35000F181B420F182B420F183F203F102E241C1
:10D36000E9F7F202F101E241E9F3F002FC82FC008C
:10D370004404000CB400920996065A08010649FFBD
:10D38000FFE08423D50749FFFFDC842AFE0C44100C
:10D39000C800400004179601FC80FC00EBE4040385
:10D3A000001396065A08011249FFE30FC80E49FF01
:10D3B000F7A68386B917841EFE46B997B917EA21E6
:10D3C000B997B917FE0EB897FC8046200081843EBD
:10D3D000043100149606FE5EFE0FEBF5DD9E46203E
:10D3E0000081843EA0D59606FE5EFE0FA815DD9E48
:10D3F00046000081A0059606DD9E441470085A0878
:10D400000108B4019210DD4C58007823D504B40112
:10D410009210DD4CB601DD9E44245014843EB4626B
:10D420009606FE5EFE0FB602DD9E4424000C9606B4
:10D43000B462EA82EA58FE1EFE0FB602DD9E440583
:10D440001000B40092089617DD9E44251000961730
:10D45000B462EA82440FF8FFFE1EFE0FB602DD9EA4
:10D46000442480849606B462EA82EA58FE1EFE0FC7
:10D47000B602DD9E44251000843EB4629606FE5E30
:10D48000FE0FB602DD9E44251004B4229230EA302D
:10D49000FE0FB602DD9E4415100CB401EAF1B60190
:10D4A000DD9E4415100CB401DD5BB6014415101867
:10D4B000B40196005A005AFEDD9EFC404400012C47
:10D4C000DD5A4475100C449FFF988400AE38FA185A
:10D4D00010938000DD5A440510184465100CB40008
:10D4E00096005A00A5F4B426841EFE0EB606FCC0B3
:10D4F0008402EB8C3E07EA44DD9E3CF7F1102E10CF
:10D500000615E02FE809DD57DD55EAA1C805EB8CCB
:10D5100084083E07EA442E07F1FE2E17EA448C01E8
:10D520009600E201EB8CE9088400EB8C84023E0754
:10D53000EA448401DD9E8400DD9EFC2284E3C9026E
:10D5400084E5C808EBFBEA7F80C0EB17EAD2F083E2
:10D55000D50384C0F6838460B67FEAC08026F203D8
:10D56000808780A349000175FCA2FC412E67026EF2
:10D570002E77026F2E07EC995A08010D84003E07A2
:10D58000EC993E07F1FD3E07F1FC3E07F1FB3E073B
:10D59000F1FADD408521C802FB202E17F1FA2E0F8B
:10D5A000F1FDC91BC00CEBFBF08184208401F2016A
:10D5B000EA4B2E17F1FBFE0F3E07F1FB2E57F1FB56
:10D5C00084024C54C00984013E07F1FA84003E07EE
:10D5D000F1FB8400EBBDD52D2E17EC9BE020E92953
:10D5E0002EFFF1FC2E17EC9AE02FE9234900130FD0
:10D5F000EA2A2E3006158423FECC8440E047E81545
:10D60000424118248420E026E80D994C38F0151189
:10D61000E06FE80584003E07F1FCD5078C21964BAE
:10D62000D5F38C419693D5EB8400842149FFFF8785
:10D630002E1FF1FD2E07EC9BE001E90F2E0FF1FCF0
:10D640002E27EC9AE040E9098C218C013E07F1FC81
:10D650003E17F1FD8400FCC184C084003E67F1FAEE
:10D660003E67F1FBEBBD3E67F1FD3E67F1FC8401D7
:10D67000FCC1FC0049FFFE2780A04460C9AED61A59
:10D680004400F38AD80844004E1DEA8CEA3CDD5B76
:10D69000EAA3FC804400A67CD80649FFF765C80AC7
:10D6A0008006D50744008411D80549FFF75DC802FC
:10D6B000EA8CFC80FC0044008411EA8CEA3C96066B
:10D6C000C00B4400A67CEA8CEA3CEA90EAA3EA3C60
:10D6D000540000FEEAA3FC80FC008400EA8CFC807D
:10D6E0004412057844F00060380081018E0140103A
:10D6F0003C565EF1003044100030E804402004360F
:10D70000D50A5EF1004040200436E803EB97D503CC
:10D710005210802FEAB49649EA91844CEAB99601F6
:10D72000DD9EFC4044027600EA8A44200600DD4289
:10D73000447276004410023F44027A801A1380013A
:10D740004C707FFE84C04482760085204003240014
:10D7500040A00013541480FF800A49FFFFC38D21AD
:10D7600038A401095A9812F48CD297B15A6A40EF42
:10D770008400581030008C0196011A1380015A0859
:10D78000C0FA44172080442720B0B401920CEA3438
:10D7900058000240B601B402441276009214EA54D2
:10D7A000FE0F4417207CB602B401920CEA34B60195
:10D7B000FCC0FC00840049FFEA83840049FFEA962C
:10D7C000FC80FC003C0DFB1749FFEA7AFC80FC4220
:10D7D00080C08400F083800380E1F481EAD2F0838A
:10D7E000F001EA7F8120F003F083EB645A08030420
:10D7F0003C9FFC9684608480989C9691C605F003BB
:10D80000EA8738030909C709F00338548901380049
:10D8100009018AA0385389098C815A4812EF8C7209
:10D8200096D95A3A40EAFCC2FC4184C08120800269
:10D8300080E1F681EA7FF08180469651E227E80791
:10D84000F001EA87380489098C41D5F8FCC1FC4015
:10D8500084C14063100C007F802090C1449100007F
:10D86000C03622510000CF084052C40840528C0CF0
:10D8700088A6FF6AD50922A080008AAA4052C4085F
:10D8800040528C0C88A64052900E81E54E54000404
:10D8900052F2800040F7C00AE90D028080004E5627
:10D8A000000740579406FF6A9769D50284A188A8AB
:10D8B000D50822A0800040A5440888AA88A990B174
:10D8C0008E01AD488C428C229601D5CBFCC02E1720
:10D8D000E1B88801960154100003C1048C048A0148
:10D8E0009601DD9EEB15DD9E3E07F2F6DD9EFC0007
:10D8F000490011AB80C0EA334E0200A0EB3944125C
:10D900000C5050000384AC30EB15AC313800810171
:10D91000AC3249FFEC73AC333C03F916AC343C0336
:10D92000F912EA42AC353C03F979AC3649FFE728F5
:10D93000AC37EBF2EBC8EA8B9606C80444000190C2
:10D94000D503440001911203000F3C0003031203AE
:10D9500000123C03F85C1203001049FFF5BD1203EE
:10D960000011440022B8EAB23C03F8E81203000AAE
:10D97000DD451203000B3C03F900120300133C03C6
:10D98000F901120300143C03F902120300153C03D1
:10D99000F903120300163C03F904120300173C03B9
:10D9A000F905120300183C03F906120300193C03A1
:10D9B000F9071203001A3C03F9081203001B3C0389
:10D9C000F9091203001C3C03F90A1203001D3C0371
:10D9D000F90B1203001E3C03F90C1203001F3C0359
:10D9E000F90D120300203C03F90E1203000C3C0356
:10D9F000F90F1203000D3C03F9101203000E44004E
:10DA000010A2120300292E000FEF1203002A2E008D
:10DA100011271203002BEAF01203002C3C03F85EDE
:10DA20001203002DEA9D1203002E2E07ED6A120349
:10DA3000002FEB0B12030030FC80FC0094425410CA
:10DA400080FC44020C8C49FFEBDFFC80FC00EB4ABD
:10DA50004660010046401000463000804620040029
:10DA600044129038B405FE37B605B405FE27B60556
:10DA7000B405FE1FB605B405FE17EAE7D9F4FC802D
:10DA8000FC01F08149FFFFE4F00149FFEAA6F00143
:10DA900049FFEAF4FC81FC0180C0F1813E07F2F706
:10DAA00049FFFFF08006F10149FFFFC9FC81FC40FE
:10DAB0002E47F2F644920C5044720C7880C08400D9
:10DAC0008049806780A4802049FFE6662E17F2F621
:10DAD000840038148501EA612E17F2F684033814A5
:10DAE0008501EA61EB15842038038000EA49EB15D3
:10DAF000842338038000EA49E6C28400E8062E2722
:10DB0000F2F68E415C010001802649FFFFC68006C7
:10DB100049000FD9FCC0FC0480C0DD40F081F10158
:10DB20008400EABBB00244120DA8FA48CE07DD5CBF
:10DB3000B002EB108006EA5BD506DD5CB002EB10AC
:10DB40008401EA5B800649FFFFB4EAC049FFEFC7E2
:10DB5000840249FFF0198006490012D4FC84FC00BD
:10DB6000440241C4842044200100DD428400EBC50E
:10DB7000FC803C23F912C105FE873C2BF912DD9E87
:10DB8000FE03FE863C2BF912DD9EFC432E3702700D
:10DB90002E070271F0813C03F1885CF00121E90756
:10DBA000440020008421F382DD49F302941984E0CB
:10DBB000F08280C7444204E44C6180418520943166
:10DBC000F083838981098149F0014CA000298400F8
:10DBD00038520000DE059844A7494C55001A8C02C3
:10DBE0005A0808F8F103440205788809F4853820BA
:10DBF0000401440000308E4140010056842084011D
:10DC0000F384EA4BEAC740840404F304F405F00209
:10DC10005055000154A280FF8920D5D7E2E3E80BDC
:10DC2000943B441214C888018CE115C00000148094
:10DC3000000197F88CC197B0D5C0FCC33C23F91202
:10DC400084214010800CFE564000800E9606DD9E1A
:10DC5000FC412E07ED0E2E77026E2E17ED0D3C4384
:10DC6000813440421C962E97026FC4363C23813586
:10DC700040212456C2335064FFFF4452313C84603B
:10DC800054A300FF9FB951C28D6883C3548300FF22
:10DC90000062811BC61C0462800D4E640003FFB24B
:10DCA00040FF1806E814220280222212802340003E
:10DCB0001017960040108837E207964840043C1A37
:10DCC000E22940153C1A2232805683C650528138D0
:10DCD0004C5E7FE0D5048064D5028062E6093E1781
:10DCE000F228E9055270001197F8D50280E0B18161
:10DCF000AFF1CF068402107F8004AE32D538E4E85D
:10DD0000E9068406AE308408AE32D531E6E28420DE
:10DD1000E9039E7A964884485A7007049CBA969004
:10DD2000E6094E37000A4013BC1B4023BC1A101FE3
:10DD30008004AEB2D5084013BC1A4023BC1B101F90
:10DD40008004AEB22E07F2288420E61038030500C6
:10DD50005A0001065A0004045A080706E9048C0117
:10DD6000380305085A1001048421D5F18404842065
:10DD7000DD492E97F2294E9300208009DD5881203D
:10DD8000C841EA8B9606C03E2E57EB2CD73B840247
:10DD90008029DD49440004058421DD492E07F2284D
:10DDA0008441E6108009EBCD3E77EB2C3E07F2264E
:10DDB0003E07F227D5275A980126EABC80099646E5
:10DDC000DD492E07F228E610E80584003E07F2261A
:10DDD000D5033E97F2262E57EB2CDF0A2E57F2275B
:10DDE0002E07F226D80584028420DD49D507440099
:10DDF00004048421DD493E77EB2C2E07F2263E07F2
:10DE0000F2278402DD58C00E001F800444020DC0BA
:10DE1000381006023C1FFACFA672380006023C0FEB
:10DE2000FACE840ADD58C00AEB603E07EB33A63118
:10DE30003E07EB34A6323E07EB35FCC1FC44EB1742
:10DE4000EAD250000480F085EA7484E0F087840010
:10DE5000F0839638F086F00584C0F084F006549381
:10DE600000FF8A09960240107C0AFE0D9A41442266
:10DE70000D98840D38A10500DD58400480019600FE
:10DE800096424E1500A5806AFA41423088754E359B
:10DE900000AFFA21FE0C96004005000196004412E6
:10DEA00014C894038801F2073A0004003A0F842052
:10DEB0005A20013D9409F50484408480F082D50401
:10DEC0008CA85A203026F30240810805B43F4081D7
:10DED000A00CF301EAF454A100204091880D4014F5
:10DEE0000404942188064014A81B9401964650828D
:10DEF000000188078C41C1E5544400FF443241C40D
:10DF0000229280005CF2002038918109E9DAF00465
:10DF10008C04F0845A60010484C1D5A1F0058C0200
:10DF2000F0855A70016184E1D595F001F404940103
:10DF3000842084A0F082D51AF30343CF702440AE2E
:10DF4000001340A1A80641C1A81A403E0013F38364
:10DF5000C20A545400FF443241C45CF2802038911C
:10DF60008109E8D68C885A1030D4942940A0180032
:10DF7000F3024080840540A504084081A00C894735
:10DF8000443241C4B45F38F1A911F3014021040DBA
:10DF900055C0802040A1840D402408042292000036
:10DFA0004025701B88069401968640A4BC015082CF
:10DFB000800188078C2141E5001341C100134EA464
:10DFC000FFBD40F7A40141E78013D5B7804A443F25
:10DFD000FFEF42208C754E25003FEB23FE0C960090
:10DFE00048FFFF5CF0075A00010AFCC4FA21FE0C4E
:10DFF00096008A0A960048FFFF54F4033C33F90761
:10E00000EABCE283840AFE24EB96FA4140200857DA
:10E01000540080023C3BF9073C4BF90B3C2BF90CBC
:10E02000C81E3C000326EABAFE14DD4A96012E17EC
:10E03000E9E43C0BF90D5A10060DEB16E220E91A43
:10E04000844DFE148447FA64FE54EBD5EAED880152
:10E05000EBC5FCC4EB23FE0C9600D5CC2E17F228A2
:10E0600044023F043810050142010424920A96013B
:10E07000D5DF3C23F97AE24040013C1BEBC5FCC4F0
:10E0800084003E07F22A3E07F229DD9EFC0049FF8C
:10E09000FED7EA745A0001048400FC808403DD5832
:10E0A000C8FC2E27F2F6EB81EB1638300901E2238B
:10E0B000E902CB03381009093C23F979E241E8125F
:10E0C0002E07F25F84C08C013E07F25F84043E6736
:10E0D000F25EDD58C030FA008420DD493E67F2F080
:10E0E000D52A84003E07F25FEA8B44420C98960ED4
:10E0F0002E37F114C00F2E07F2F1C00C2E07F25E7E
:10E1000038120C00E001E8038C0196403E17F25EE5
:10E11000D50484003E07F25E2E17F25E38020C0032
:10E12000E220E9038400EB733C53EF8FD204FA0042
:10E130008421DD492E67F25F84073C6BF90ADD58C4
:10E14000C8193C13EF8F3C23F9169221E241E912E2
:10E150002E17F25D8C219648E623E8043E17F25D07
:10E16000D50C3E07F25D3E07F25C8421EB3DDD49B4
:10E17000D50484003E07F25D8407DD58C016EA8BA3
:10E18000960EC013EB95EB169201E220E80E2E07D7
:10E19000F25C8C0196005CF0003F3E07F25CE908FF
:10E1A000EB3D8420DD49D50484003E07F25C840702
:10E1B000DD582E17F25C442003E8EA3F3C03F9796E
:10E1C0003C1BF9035CF003203C03EF90E90484233B
:10E1D000FE0CD5072E57F22A2E17F229D9028C01F0
:10E1E000E0C04EF3FF5B84003E07F25E3E07F25F45
:10E1F000842144000088DD4984028420DD49EAA9A5
:10E200008401FC80FC01DD40F081F1018400EABB67
:10E21000FC818400EB73DD9EFA243C0BF9798C02BF
:10E22000FE0C842DDD4A3C0BF97A8400EB73DD9EF5
:10E23000FC00446203A484010013008100230085D4
:10E2400000330084004300820053008349FFE259F9
:10E25000840149FFE27E000300803E07F2F6EB9561
:10E2600049FFFFDCEB09EAA949FFFC91FC80FC02B5
:10E27000EB152E17E1D6E001E8048C019600D502DB
:10E2800084003E07F2F6EA2BEB11EA2BF081EAE478
:10E29000F082EAABF083F102F001F203EACFFC82F4
:10E2A000FC402E17F11544720C5081203813850163
:10E2B0008401EA61EB0844620C7884223803000090
:10E2C000EA495A9006182E17F11584003813850173
:10E2D000EA612E17F115840338138501EA61EB0812
:10E2E000842038030000EA49EB0884233803000047
:10E2F000EA498400EBC5EAA984028420DD49FCC018
:10E300002E07F3079600C00584003E07F30784013B
:10E31000DD9E2E07F3069600C00584003E07F30637
:10E320008401DD9EFC00840049FFF8518400EB2845
:10E33000840049FFF8643C03F0F88427844084613A
:10E34000EA52EB50E602E80484018420DD528400A6
:10E350008020EA2D84008421DD5284008421EA2D6E
:10E3600084018020EA96840049000BF38400EA3E91
:10E3700084003E07F30A84013E07EC61FC80FC0048
:10E380002E17F309E623E8482E07F303C803EBA88A
:10E39000C01D84013E07F301EBA8C00D2E67F1D923
:10E3A00097B0CE098401EB2249FFF30F8401802648
:10E3B000DD52D532EBA8C0302E07F1D95A08022D14
:10E3C0008401EB2249FFF310D5272E07F1C3C808BB
:10E3D00084413E27F1C35A10020449FFF31349FF59
:10E3E000F7724410F38A4C00800BDD51C0058400A5
:10E3F0003E07F301FC8084013E07F301840049FFDE
:10E40000DA39840249FFDA5CEA3C9606C0058401E9
:10E41000EB2249FFF2DA2E67F30597B0CE068401AE
:10E4200049000B978006EA3E2E67F309CE0D800661
:10E4300049FFF7E580068026DD5280068421DD5203
:10E440003E67F1CED54D5A68012B2E07F305960095
:10E45000C8038020DD522E07F303C01C49FFE25C95
:10E4600049FFE26849FFE3D2840049FFE2E3840008
:10E47000441186A0EA8349FFE2EA84003E07F303E1
:10E4800049FFEAAA5A0001FEEB9B5A0001FFEB3854
:10E49000D5F849FFE24F49FFE302D52284013C1D34
:10E4A000F87849FFE19E844180623C03F0FD8420BE
:10E4B000EA5284218400EA968401EB798401802069
:10E4C000DD5284018420DD5284018020DD528400ED
:10E4D000EB2884018420EA2D84018020EA2D84C168
:10E4E0003E67F30A49FFEF8BEB505A08020449FFDD
:10E4F00094573E67EC61FC80FC00C807441215602D
:10E5000049FFF3168407D5035A0801064412156023
:10E5100049FFF30EFC80FC00EB9BC83A49FFEA5C24
:10E520005A0001FEEB9BC834DD485A0802072E074B
:10E53000F306C803EB38FC80DD485A08031AEA9E4C
:10E54000C827DD485A000125840549FFD0CF5A0865
:10E5500001202E07EC605A08011C2E07F1E69600F8
:10E560005A0801043E07F1EDEB388400D50FDD4871
:10E570005A08040FEA9E9600C80B2E17F1DC5A10B9
:10E58000010884213E17F1EDEB383E07F1EDFC80E8
:10E590002E07F30ADD9EEB50DD9EFC0049FFE2B240
:10E5A000FC80FC20441000BE8441840BEA6080E0C3
:10E5B0004410003F84028441EA6054600001CE08A8
:10E5C00097EEC70649FFDA0740030006FCA0840166
:10E5D000FCA0FC0049FFE15AFC80FC0049FFEEB5BD
:10E5E000FC80FC0049FFE2FCFC80FC0049FFE306E4
:10E5F000FC80FC00FA0244100320DD50FA02842162
:10E60000DD438401EB53FC80FC002E67F3004400E3
:10E61000010097B08420CE15802649FFDF1649FF00
:10E62000FFB9C8123C0FFCC33C0DFCC35CF0006F8B
:10E63000E8053C0DFCC38C01D5F6440001008421A3
:10E6400049FFDF03FC803C6FFCC33C0DFCC35CF066
:10E650000456E8F43C0DFCC38C013C0FFCC3D5F61A
:10E660008440EBDD96D1E261E806EBBB3832080866
:10E670008C41D5F9DD9E4432157CE222E808384011
:10E680000400384184088C219648D5F8DD9E84200A
:10E690003C23F66E96094021040E9686CA058C210D
:10E6A0005A1806F884059600DD9EFC0049FFDF3FFE
:10E6B0005A080115EAC83C23F66EFE4BFE563C1B79
:10E6C000F66EEAC83C23F66FFE4BFE563C1BF66F17
:10E6D0008420DD4384038420DD43FC80FC2080E033
:10E6E0005A1803044800007AE624E8085A1801047E
:10E6F0004800006DE622E91ED5625A18050448005C
:10E700000078E6254EF300705A10060448000078A1
:10E7100084218400DD528400EB613C0BF66F8401A0
:10E7200049FFDF008401EA7684018020DD52480041
:10E730000067DD40C805EBFEC9038421DD5284017A
:10E74000EAC8EBB0FE83FE563C1BF66FEB66FE0F8D
:10E750009601EB61CF0E3C7BF66F2E07F125C809C1
:10E760003C03F66EEB6692039403FE03FE0EEB6130
:10E77000DD40C8452E67F1CE97B0CE418421DD52F1
:10E7800084218006EA968401EBC78401EA7684013D
:10E790008020DD525A780434EAC29603EB98840153
:10E7A0003C6BF8E43C6BF8E33C6BF8E53C6BF8E25F
:10E7B0003E07EA383E07F1CE8006FCA08401EB66F6
:10E7C000EBB0FE03FE0EEB61D51AEB665A08050DA1
:10E7D000840040000406FCA0EAC88401EBB0FE0FF0
:10E7E0009601D50BEAC840009C0E9606FCA0840159
:10E7F000EAC8EBB0FE03FE0E3C0BF66F8400FCA0F3
:10E80000FC0544021AA484608481B61FEB77F0886B
:10E81000F481F382F383F484F385F386F387F38939
:10E82000840284254426200880A349FFD960FC8502
:10E83000FC0549FFD94B4406200484604462157DE1
:10E84000B61F441005258401F081F082F1888046CE
:10E850008080F383F384F385F386F387F38984243C
:10E8600080A349FFD94480464400007918017FFF06
:10E87000440FFF84AE128419AE13FC854436200485
:10E880002E27F314B423EBDD9228EA59FE57844077
:10E89000B623802296D1E260E806383208008C4127
:10E8A0008823D5F9FC004422157CFE4A964838118D
:10E8B00000088C01960149FFDE198401EB7AFC8087
:10E8C000FC003C0010388E019601EBDAFC80FC0065
:10E8D0008401EA79440000DCEBDAFC80FC00EAA861
:10E8E000842149FFDDB2FC80FC00EADD8405DD5AAD
:10E8F00049FFFE8CFC80442620042E17F314B4023A
:10E900009208EA25FE0FB6022E07F83C96004E024A
:10E91000033BFC4084C13E6002475A082009440280
:10E920000EB48420844EEA4E84CEEA3B5A08212756
:10E930003C1DCEDE3E17EC41EBC13E07EC424000F1
:10E94000C0093E07EC434000E0093C1DFB1C3E07AC
:10E95000EC44EBC13E07EC464000C0093E07EC47E3
:10E960004000E0093E17EC453E07EC488420440295
:10E970000EA88449EA4E84C9EA3B5A08220544029B
:10E980000EA4D5055A08230944020EA0842084440D
:10E99000EA4E480001195A08240844020E988420BF
:10E9A0008445EA4ED5185A08280544020E84D51924
:10E9B0005A08290944020E7C84208446EA4E84C603
:10E9C000EA3B5A082B0B44020E7484208445EA4E1D
:10E9D0003E67F31184C5EA3B5A082C0944020E60D5
:10E9E0008420FA41EA4EFAC1EA3B5A082D03EA2F85
:10E9F0005A082E0B44020DE88420FA44EA4E8401A2
:10EA0000EA79FAC4EA3B5A082F113C0DCEDE3C0FDE
:10EA1000FAEA842044020E0044200060EA4E840199
:10EA2000EA7944600060EA3B5A08370944020DFC69
:10EA300084208442EA4E480001C85A08380FEAA0F0
:10EA400084C14402157C8420381018088CC15A688F
:10EA500013FD8401EA79EA3B5A086211DD4D960004
:10EA6000C00ADD4D96005A000107DD4D96005A00A0
:10EA70000203EA4349FFDCFFEA2F5A08D10C846104
:10EA8000DD4DFA2F2E27F83E80A32E47F83FEA638C
:10EA9000EA2F5A08D20B440FFFD2EAA0DD4D844181
:10EAA000EACCEA60480001905A08F30549FFD268B1
:10EAB000D5625A000104480000F7DD4D96005A085F
:10EAC0000112EACC96485A1801078400EBDC3E1785
:10EAD000F307EA2FEACC4E130250EBDC3E07F306B5
:10EAE000EA2FDD4D5A08022A2E27F83E9690CA05D5
:10EAF0008401802048000073DD4B5A080107842000
:10EB0000840180414800006BDD4B5A00030BDD4B54
:10EB10005A000408DD4B5A08050984013E07F30436
:10EB2000840180208040D55ADD4B5A000603EA4319
:10EB300084013E07F303D5F5DD4D5A08090549FF69
:10EB4000FD4EEA2FEB6C96485A100A0448000074F8
:10EB5000DD4B5A080606DD5EEA4FEA4DEA2FDD4B33
:10EB60005A08050D2E07F1C25A000104EB77D503B0
:10EB700044000091EAA084C1EA3BDD4B5A08071724
:10EB800084C044315DC44422157C96719222FE33C8
:10EB9000960F3811860294034000800D96003801CC
:10EBA00018088CC15A6814F3EA3BDD4B96005A08EA
:10EBB000240D84413E27F3143E17F3153E07F31648
:10EBC0003E27F31784C4EA3BDD4B4E02FF9ADD4B30
:10EBD0005A080207840180208442EAF9EA2FDD4BBB
:10EBE0005A080308DD5EDD5BEA4DDD5EEA90D5097B
:10EBF000DD4B5A080410DD5EDD5BEA4DDD5EEA5D4B
:10EC0000EA4DDD5E540000F7EA4D84003E07F1E076
:10EC1000EA2FDD4B5A000803EA432E27F83F2E0760
:10EC2000F8402E17F841EA25EA30FE0FFE173C0F98
:10EC3000F889EA2FDD4D5A081111DD4BC806EA2785
:10EC4000EA2658010002D51DDD4B5A000103EA43B4
:10EC5000EA27849DEA26D513DD4D5A081316DD4BAD
:10EC6000C806EA27EA2658010010D50BDD4B5A00EA
:10EC70000103EA43EA27444FFFEFEA26400110026E
:10EC8000EB04EBBFEA2FDD4D5A001B03EA43DD4BDB
:10EC90009600C006DD4B96005A000103EA433E078A
:10ECA000F300EA2F5A0830442E57F83D2E47F83F1C
:10ECB000DD4B404220082E37F8412E17F840FF0761
:10ECC0008446976896D89648840099A244721AA4FC
:10ECD000E0C2E90A8C4140911C00969100948000AA
:10ECE00088099600D5F6C8585A580257EAD7FE5FE9
:10ECF00044520000443200005C6081FC44721AA45B
:10ED0000886188A19681E244E847C60F9C878847BE
:10ED100040F00400009100005CF781FC389180080D
:10ED2000E904A690382280088C01D5ED5A083138C4
:10ED30008401EA792E67F83EDD4D40632008FF87A5
:10ED40002E07F8402E47F83FEA25FF072E07F83C2C
:10ED500044120000960044220000EAA05C7201FC0C
:10ED600084004452157C8824884496C1E266E810E9
:10ED70009CC1C70C40F010005CF781FCE80438012E
:10ED80000000D502EA4638028C088003D5EF8CC11A
:10ED900097B14E6300E38400EB53EA435A083517FA
:10EDA000EB6C5A18010EDD4B96005A0001065A080A
:10EDB00002F48404D50284023E07EA34D5EDEAA0C9
:10EDC000EAF69600EB8584C2EA3B5A08610EEB6CCA
:10EDD0009648C106EB6C96485A100103EA43EAA82C
:10EDE00049FFDB33D5D95A08A30549FFFC04EA43A0
:10EDF0005A08F028DD4D842196003E17EB7CC806AA
:10EE0000EB7E3E17EA378401D511DD4D96005A0896
:10EE10000108EB7E4400004049FFD0B5D5BDDD4D73
:10EE200096005A080207EB7E8400EA92EA83D5B482
:10EE3000DD4D5A00FA03EA4384013E07F310D5ACD6
:10EE40005A08F2512E67F83D840197B0EBABCE081B
:10EE5000EBBEEA9284013E67F8CCEA83D5292E778F
:10EE6000F83D97F85A78010A440000403E77F8CC04
:10EE700084C049FFD088D52FDD4D5A080213EACC53
:10EE8000EB7E5A10030BEACC5A1809048403D5040C
:10EE9000EACC5A180803EBAB8400EA92EA83D50760
:10EEA000DD4D5A08FA0884013E07F31084C084E15E
:10EEB000D512DD4D5A08050E2E07F83F5A000A06F6
:10EEC0002E07F8455A080A068400EAA084C1D50234
:10EED00084C080E6840149FFDB25EB99C65184C1DB
:10EEE000D5425A08F6092E77F83D5073FF0E5C7331
:10EEF0008001D5465A08FA0DDD4D5A0803048401F5
:10EF0000D505DD4D5A0808398402EBABEA2F5A08C3
:10EF1000FE348401843EEA793E17F314EB85440005
:10EF200000403E07F316441FFF9084003E07F3178E
:10EF300084CD3E07F3183E17F3193E07F31A3E0738
:10EF4000F31B3E07F31C3E07F31D3E07F31E3E076F
:10EF5000F31F3E07F320D5065CF3052784E1E8059F
:10EF6000D50284E18006EBDA49FFDABD8400EB02CA
:10EF7000C7034E62FF1284003E07F83CFCC04E738C
:10EF8000FF0CD5FADD9E2E07F8CCDD9E2E07EB7C1C
:10EF9000DD9EFC004462157C8006EA8A442005263A
:10EFA000DD422E47F0C68421FF0E4052040C2E474E
:10EFB000ED40440FFFBBFF0E9522FF2F2E57ED4172
:10EFC000AE30FF4EDD45FF2F2E57F0B0EA6CFE6EDF
:10EFD000944B9209EAB5FE679404EBB3FE478402B2
:10EFE000FEC6906196BE94DD9247FE5F9496FE57F2
:10EFF000AE71EBDAFC80FC005A00020CE603E80478
:10F000005A00010CFC805A00030E5A000410FC80C8
:10F0100049FFFFC1EAA7FC802E07ECE049FFCB27A0
:10F02000FC80840049FFCB07FC808400802049FFDE
:10F03000CABAFC80FC00EA8A4420052680C044024B
:10F04000157CDD422E30206E2E2020723C101038B0
:10F050003E37F314CE09EBC196483E27F317EB85F4
:10F060003E17F316D50BEBC1EB859648841F3E1770
:10F07000F3163E27F3173E07F3188401EA79FC8064
:10F08000FC200430002080E0000000804051A009F6
:10F09000975F5A080125926C96DF4C32C0089D5D3F
:10F0A000846640328CB69768D50F9DA984864063EC
:10F0B00010965462000F004380818402544200F095
:10F0C000FF3710438081AE10844C800180274212AC
:10F0D000887350108084DD5C8401FCA08400AE1035
:10F0E0008400FCA0FC433C60102EF0818420844C02
:10F0F000B003DD448CC1B0038420844C8780DD42A2
:10F10000449231708106815C4472157C8009B04361
:10F11000502F800B49FFFFB6C05F3C13F8884010AA
:10F12000F00E9646C159000480E75A080306001FF6
:10F13000800B5A100106001481335A18010900147B
:10F14000812F5A18010510148133D5468E02E6022C
:10F15000E843F103902A4E1700085EF080FFE905AE
:10F16000441000FED5028421F001C81C220F800843
:10F170009EB14030200A96D8960038338808EAAC11
:10F18000220F80099CB14030200A96D83833880875
:10F190009CB29600380388089C3396483813800840
:10F1A000D51A220F800850147FFF4020200A969025
:10F1B0009600382384083803A008220F80095014D1
:10F1C00000014020200A9690382384085014000241
:10F1D0009600EB1D854151CE0001509481388CC5BD
:10F1E0008D045BC80A95800AFCC3FC403C10102FBC
:10F1F00050500480409080018C21EBDD8A208040BB
:10F200004074800038310405926838321C08A6C06A
:10F210008C02383208084C02FFF4FCC0FC403C1061
:10F22000103050500064409080018C21EBDD8A202A
:10F2300080404074800038310405926838321C08E0
:10F24000A6C08C02383208084C02FFF4FCC0FC4017
:10F2500084003C6010354422157C806098468C0107
:10F26000383104084472157C5A0810FA2E57F0C63B
:10F27000EB0B97469606940295693C43F1422E3774
:10F28000ED41FF472E07F0B0EBB396C6DD59960669
:10F2900054420200FF5F94039289968EFE2F9524BC
:10F2A0009241967EFE2794959227FE17944EFE0F6C
:10F2B000EAACEB399CB196179443EAE194DB9617DC
:10F2C000FE0F380388082E07EDAD9C729617FEC717
:10F2D00038338408DD56812049FFCE50961750A35D
:10F2E0000003940354148007409004043893A80842
:10F2F000DD599C34964838138008840049FFE01695
:10F30000EBB750930005EA468C01962740A0001009
:10F31000840049FFDD7192089601940540050004C0
:10F3200096003803A408840049FFDD665093000668
:10F3300096003803A4083C07F85C9C774020200A1C
:10F34000969038238408501300089600EB1DEB7844
:10F35000EA27964F974A2E17ED4054010010964623
:10F36000944C50430009964AEA26C002FA102E2710
:10F37000F0C696869496FE57EA27FE6FFE0F968E8D
:10F380009602EA26C203442FFF80FE875003000A3C
:10F3900096902E17F0BC38239008381380083C074D
:10F3A000F8575023000B4010200A9648381388085D
:10F3B0005013000C9600EB1D3C03F8E85013000DB1
:10F3C0009208EB1D3C03F8E85013000E9600EB1D6D
:10F3D0002E07ECD88CCF9600EAACFCC0FC0049FFAD
:10F3E000D8A6C008EBA6C00549FFD83EEA6AD502F8
:10F3F00084019600FC80FC202E77F8CC49FFF94967
:10F4000080C0C80880208401DD4380068422EA721F
:10F41000D53FE605E82349FFFFE35A080141E6C36B
:10F42000E9042E07F1BCC83B80068424EA72C83781
:10F43000800649FFFDE249FFFFD3C80C8006842304
:10F44000EA722E07F8CC5A08021B84013E07F12409
:10F45000D51680068422EA72D52249FFFFC180C0FA
:10F460005A08011EDD40C805EBFEC9038026DD52A7
:10F4700084018420DD4384038420D5105A7802411E
:10F48000840144100190DD5084018020DD43840319
:10F49000441001F4DD5084038421DD438401DD4602
:10F4A0005A08011F49FFE29EC80A442620042E176D
:10F4B000F314B4029208EA25FE0FB602EBA6C002CE
:10F4C000EADDC7035A7803088401EA39EAC29603E1
:10F4D000EB98D5055A7802058401EA39EAA7840336
:10F4E000DD4680C05A08011049FFE27CC80C800646
:10F4F00049FFD818EB99EBA6C006EADDFCA0840111
:10F50000FA24D5C2FCA0FC0049FFCD3A5A084009B4
:10F5100049FFEFD54400004149FFCD35D500FC80BF
:10F52000FC00E619E80944112644386080004411C3
:10F530002628EA46D504FA04446000FF3C1DF889F9
:10F54000EB24502107FFFE564010800D9646C10760
:10F550005A60FF08FA1A8420DD43D503446000FF97
:10F560008006FC80FC00C0085A08020D440242C418
:10F5700044112660D505440242C444112678FA4855
:10F58000DD5CFC80FC008401842184C0EBAB840042
:10F590003E67F8CC49FFFFE83E67F30084C03C6B50
:10F5A000F98949FFF947840049FFE17749FFF92AC2
:10F5B0003E67F1EEFC80FC4051FFFD50509F8030D3
:10F5C0008420FA508009DD44842044200240B01C8D
:10F5D000DD44B1D4441126908007EBA1EA6BEA7DAB
:10F5E000EA4A440126B050AF8020B185EB253A2588
:10F5F00014208420844C8006DD448404100F801481
:10F60000AE318401AE32AE33AE34AE35AE36AE3747
:10F610008400EAE984003813000096895A20040423
:10F620005A28010738248602CA033814860A8C0136
:10F630005A080CF3463AAAAA4643333384C05031E1
:10F640008AAA50420333448001C038149A02C12769
:10F6500038251901840041C104099681E25CE80E55
:10F660005A180406B09C3841020AD5065A180105FA
:10F67000B09C3831020A8C01D5F138139A01F48319
:10F68000F382F18149FFCF69F1014210207396495D
:10F69000B01C805C49FFCF76F403F3028CC15A683A
:10F6A00008D68401EAE951FF82B0FCC0FC0084C0A6
:10F6B0003E67F1EC49FFD6773E67F1EBFC80FC003A
:10F6C000004F80145A40040544600348D503446049
:10F6D00003024053040950F2A710E00FE80652421B
:10F6E000A710E080E928D51740F3080944404000FE
:10F6F0008A8FE0048480E9048481AF188481CA047D
:10F70000503058F0D516523027109A9D40011816E7
:10F710009602D51340430809E0808480E90484817F
:10F72000AF188481CA04503058F0D5F052302710F9
:10F73000989DD5ED84808004965F88205A48010703
:10F7400085E4EABF88019642D502964AE4308001FA
:10F75000E902840F96424E14000384009600FC8058
:10F76000FC4051FFFC20F3888120F186F28749FF9D
:10F77000D629F0858420FA50B020DD44842044202E
:10F780000300B038DD448420FA50B028DD44EB7724
:10F79000F0ACB1F0440126C080273A201404EB5F9E
:10F7A000EB253A209420441126B0B01CEA7D441188
:10F7B00026E0EA4AB017B1993A208C003A200C2092
:10F7C00084208006844CDD448404100F8064AE31B4
:10F7D0008401AE32AE33AE34AE35AE36AE3787804E
:10F7E00044A224A45C8480013813700096095A0056
:10F7F00004045A080114B02038000602C80F380368
:10F800008602F183948138052000F282EAD2F20266
:10F81000F1038802B0A03801060A51CE00015BC88E
:10F820000CE5500480029402F089F109840F401025
:10F83000040CFE4BF19140148808F18A4010040C2E
:10F84000FE4BF19250148004944AF18B4010040C4A
:10F85000FE4BF19350148006944A4000040CFE03C2
:10F86000F18CF09484E0B02038001E02F0844E0247
:10F8700000C1B01738A01C0040050013F08DB0285F
:10F8800038601E0149FFCE69441001C0EBF0B01C86
:10F89000967138201D01B038924149FFCE65400570
:10F8A0000408F08FF00D85409401F08EF00FE140D8
:10F8B0004EF20090FA08421500249649F1908420F7
:10F8C00014AF8002F183F095F00340600409F00D5D
:10F8D000E340E831F010508F80E088C0F00397B12A
:10F8E000960638141A02C814F012F202EB70F004F3
:10F8F000F306F407EA87F20A80A9EAF4F208965FB1
:10F90000B65F96B8F281F205EB3AF10AD549F011EB
:10F91000F202EB70F004F306F407EA87F20980A91B
:10F92000EAF4F208965FB65F96B8F281F205EB3A18
:10F93000F109D536B017F11538001C00508F80E062
:10F9400094018A0A8E01EBF0F00397B19606381401
:10F950001A02C814F013F202EB70F004F306F40775
:10F96000EA87F20B80A9EAF4F208965FB65F96B8D0
:10F97000F281F205EB3AF10BD513F014F202EB70C1
:10F98000F004F306F407EA87F20C80A9EAF4F2081F
:10F99000965FB65F96B8F281F205EB3AF10C400043
:10F9A000040C4000700438041A0AF003F10E8C01B4
:10F9B0009601F083F00288019601F082F0035A006C
:10F9C000300448FFFF83EAD540A0001348FFFF70D2
:10F9D000B02838601E0149FFCDC0441001C0EBF0D3
:10F9E000B01C967138201D01B038924149FFCDCA34
:10F9F0008CE15A70080448FFFF3851FF83E0FCC0D7
:10FA0000FC004402820049FFE0444402880049FFB0
:10FA1000E04A44027C0049FFE06B840149FFD4B016
:10FA200044027C0049FFE06E840049FFE046EAC0E2
:10FA300049FFE055EAC049FFE049840049FFE06C16
:10FA4000EAC049FFE075840049FFE4E8EAC049FFE5
:10FA5000E07BFC80FC038420801FFA48DD448401A5
:10FA60008482846384448425100F8001100F8003F6
:10FA7000100F800D100F800F801F104F8004103F5B
:10FA80008005102F8006101F8007104F8010103F38
:10FA90008011102F8012101F8013EB10FC83FC02CA
:10FAA000441126E8801FEA7D3A2F942049FFD9753A
:10FAB000FC82FC00840649FFE053840249FFE059C0
:10FAC000FC80FC00DD4080C0C81349FFCD98800653
:10FAD00049FFCD9F800649FFCDA6800649FFCDADE9
:10FAE000800649FFCDB44400014049FFCDBAFC80F7
:10FAF000FC00C806840749FFCDCA8408D50F9E4282
:10FB0000E623E806840B49FFCDC2840CD5075A08CA
:10FB10000508840149FFCDBB840249FFCDC949FFD7
:10FB2000CDC18C01960049FFD60849FFCE2049FF80
:10FB3000D547FC80FC00E606E805441127B0EA46FC
:10FB4000D50284008C01960049FFCD95FC80FC0015
:10FB500080C0C0045A00010AFC8049FFEC5FEB0C36
:10FB600049FFFFB18006D51B49FFEC58DD4E49FF28
:10FB7000CD463C03F0CC49FFCD4C3C03F0CD49FFD2
:10FB8000CD523C03F0CE49FFCD583C03F0CF49FFA6
:10FB9000CD5E4400014049FFCD648400EAC1FC8091
:10FBA000FC008400EB4B8401EA978401EB21FC808C
:10FBB000FC008400EB4B8401EA978400EB21FC807D
:10FBC000FC008401EB4B8400EA978400EB21FC806D
:10FBD000FC008400EB4B8400EA978400EB21FC805E
:10FBE000FC005A00010BC0065A00020B5A00030C1D
:10FBF000FC8049FFFFD7FC8049FFFFDCFC8049FF08
:10FC0000FFE1FC8049FFFFE6FC80FC003C03F8E4D8
:10FC100096013C0BF65CEB1780603E000238441204
:10FC20001BA044022020442002402E47F8D049FF68
:10FC3000EDD0FC8044022020DD9E44021BA0DD9E0E
:10FC4000FC00EB57FC8044021B3CDD9EFC00840062
:10FC5000EB3CFC80FC008401EB3CFC80FC00C80415
:10FC600049FFFFF6D50349FFFFF7840049FFCD3E6A
:10FC700049FFCD7D49FFD4A449FFD3BEFC80FC00E1
:10FC80008400EA3E49FFD7E784003E07F8D03E07EC
:10FC9000F8CF840049FFD237FC80FC2280E0B1819C
:10FCA000C803FD03D5275A08011080068420844C20
:10FCB000DD448403EB63AE31AFF2AFF3AFF4AFF5E5
:10FCC000AFF6AFF7D5365A08020880068420844C78
:10FCD000DD448404D5125A08040A80068420844C2A
:10FCE000DD44107F8004AFF1D50A5A080611800662
:10FCF0008420844CDD448403EB63AE318401AE3256
:10FD0000AE33AE34AE35AE36AE37D5135A08050A2B
:10FD100080068420844CDD448404EB63AE31D50935
:10FD20005A08070B440126F83A2010003A23102005
:10FD3000800649FFCC36EB0CE602E91B84002E1747
:10FD4000F8D149FFEEAA80068420844CDD4484E08B
:10FD50009638EA9A38031C088CE15A780CFB800626
:10FD600049FFD05A800649FFCFDE49FFD7D6FCA213
:10FD7000EA2E8E01EA6AD5E4DD9EFC0049FFD31B22
:10FD8000C00449FFD31B8401FC80FC0049FFD30859
:10FD900080C0C80FEA36C005DD565A080205D509ED
:10FDA000DD51C0FBDD565A000105EA445A08010541
:10FDB00049FFD2F984C18006FC80EA849600C00520
:10FDC00084003E07F1EB8401DD9EEB0CDD9EEBE051
:10FDD000DD9E2E07F8D0DD9E2E07F8CFDD9E2E0784
:10FDE000F8CEDD9E3E07F8CEDD9EFC0049FFCBAB92
:10FDF0008402842A49FFDB6384018420EBA384010D
:10FE00008020EBA384008423EBA3FC80FC00800211
:10FE10005A200103840049FFD176FC80FC43800115
:10FE2000B1C3F381812249FFFFE280078420844C23
:10FE3000DD4484C0F3019630F381EA9AEAAC8CC1C8
:10FE4000F3015A680CFA5A98010C80075A380205D7
:10FE500084208049D5038029844049FFD0ACFCC36D
:10FE6000FC00840049FFD2B4446061A9EB4749FF1C
:10FE7000DB6CC0068EC1C6048401DD5AD5F9EB47A0
:10FE8000840149FFD2A5FC80FC0080C03E07EC60E5
:10FE900049000701800649FFCC18FC80FC015A0884
:10FEA000010AF081EBD7EB55EB82F00149FFFFEE41
:10FEB000FC81840049FFFFEA8401DD5A49FFFFD23B
:10FEC000EBD7FC81FC01B61F2E07F8D0EA7FF0814A
:10FED000B41FEAD82E6702712E070270FF848026B5
:10FEE000B41F49FFDDBC49FFFE6D8401DD47EA8494
:10FEF000C80FEA36C005DD565A080205D509DD519E
:10FF0000C0FBDD565A000105EA445A0801F284009C
:10FF1000DD47F0018026B45F49FFEC8849FFFE4AC7
:10FF2000DD40C0028401EB57FC81FC22B61F840037
:10FF3000100F800F8400F181EAE984208441806100
:10FF4000EB0C49FFFF6D8400EBF68401DD4784C0B4
:10FF5000447224A4EA84C80FEA36C005DD565A0864
:10FF60000205D509DD51C0FBDD565A000105EA4402
:10FF70005A0801F2EBD756030001EBF6EB82EB5582
:10FF8000EB17EAAC5A60010484C1D5E58400DD4773
:10FF90008400501F800FB45FF30149FFFBE380062C
:10FFA000501F800FB45FF30149FFFBDC8006EAE9D4
:10FFB000EA36C005DD565A080205D506DD51C0FBFC
:10FFC000DD565A0801068401EB358400FCA2EA44A0
:10FFD0005A0001FB8400EB35000F800FFCA2FC40AF
:10FFE00049FFFDE8DD4080C0C85E8401DD4780E652
:10FFF0002E17027185492E07027042908024EA84F0
:020000021000EC
:10000000C80FEA36C005DD565A080205D509DD518C
:10001000C0FBDD565A000105EA445A0801F2EBD74D
:100020002E07F8D0EA7F8100EB17EAD28440E0493E
:10003000E8253814091138F009118A2F4E140003ED
:10004000FE4A964B5EF08047E8048C419691D5F0CD
:100050008CE197F85A78031684018CC13E07ECF3C3
:1000600097B049FFF106840049FFFF2EE6C2E8027F
:1000700084E08401DD47E6E3E9C38400DD47FCC09A
:100080008420848AE029E8F894C98868382005111A
:10009000225180008C214222A87340211056AC9836
:1000A0009649D5F1FCC0FC0049FFCA3E49FFEB3B35
:1000B00049FFEB89EB0CEB118400EA3E2E07F8CFE9
:1000C0005A000103840049FFD01E840049FFFEFC52
:1000D000EA36C005DD565A080205D506DD51C0FBDB
:1000E000DD565A0801058401EB35FC80EA445A00CC
:1000F00001FC8400EB3549FFFF7449FFFD53FC8090
:10010000FC0080C0EBE049FFFDAB800649FFFCDB53
:10011000FC80FC0049FFCA27FC80FC5280E03E00C6
:100120000239C8313C0DFACF509F8030B61F3C0DCC
:10013000FACE44612704F08144000801F0824400B3
:100140000402F08344000204F08444000108F085B6
:10015000EB77F08644000060F0878009EAFBF788BF
:10016000F789F78AF78BEA6BEAFBEA6B3A2314000C
:10017000EA4A8027B018EAB4DD448404F098F09984
:10018000801FD5375A0801198420EAB4801FDD4446
:1001900044000E07B61F440001F8F0818420EAB441
:1001A000B00CDD448420B018EAB4F78CF78DDD4440
:1001B000801FB04CD51F5A08022144112734801FDC
:1001C000EBA1EA6BEBA1EA6BEA7D509F80304461C2
:1001D0002764EA4A8009EAFBEA6BEAFBEA6B3A2306
:1001E0001400EA4A8420B018EAB4DD4480FF801F7E
:1001F0008029B09849FFD9FCFCD2FC048420B002CD
:10020000FA48DD4484018482846384448425100F89
:100210008009100F800B100F8015100F8017B0028F
:10022000101F800F101F801B104F800C103F800D7F
:10023000102F800E104F8018103F8019102F801A39
:10024000EB10DD40F081F1018402EABBFC84FC018B
:10025000DD40F081F1018401EABBFC81FC01DD405D
:10026000F081F1018400EABBFC81FC218400DD47C0
:100270008400EAE649FFEA9F8400EAD88401EB574C
:10028000EA6E840049FFDBF749FFFC9C8400EA9793
:10029000840349FFD84BF081EA2E5A0001058400FF
:1002A0008423EA498405EA3E8405EAC18405EA5BC1
:1002B00049FFFFCF8401DD4784C284E03E77F1EB44
:1002C000EA84C80FEA36C005DD565A080205D5098A
:1002D000DD51C0FBDD565A000105EA445A0801F21F
:1002E0005A60010484C1D5EB8400DD478400EA3EF6
:1002F0008400EAC18400EA5BEB888423F001EA49C8
:100300008400EA3E8400EAC18400EA5BEB8849FF8E
:10031000EA5ADD40C0028006EB5749FFFC438401E6
:10032000EAE68401DD47FCA12E07EC615A080106CC
:10033000FC0049FFFF9CFC80DD9EFC0444112794D7
:10034000B1828006EBA1EA6B3A208C003A200C20A7
:10035000840049FFCFB58400EAD849FFFB5349FF29
:10036000FB7BEB8849FFFB9D49FFFBA5840449FF0C
:10037000E455EA6E8400EA94440000C0EBEEF0819C
:10038000F1018400EA61EA6E8401EA94440000C04D
:10039000EBEEF081F1018401EA61EA6E8403EA94F4
:1003A000440000C0EBEEF081F1018403EA618400B7
:1003B000802049FFD8678401842049FFD8638402E4
:1003C000842049FFD85F444203A400120094002215
:1003D000009500320096020200350042009749FF66
:1003E000C84B800649FFD7B6840049FFC98A8400FC
:1003F00049FFFE8849FFD7ACEBE049FFCC7EFC8487
:10040000FC0449FFE9D88420FA48B002DD448401A5
:100410008482846384448425100F8009100F800B2C
:10042000100F8015100F80178404104F800C103FA0
:10043000800D102F800E101F800F104F8018103F5E
:100440008019102F801A101F801BEA5B840049FF5F
:10045000FED684C049FFF8B18006842049FFFD67BD
:100460005A0801068CC197B05A6806F8EACA5A00C1
:10047000010B8400EA5BB002EB10DD40F081F1017A
:100480008400EABBFC84FC0049FFE51AFC80FC0008
:10049000840049FFC9C5840249FFC9DF840049FFC0
:1004A000C9E9840249FFCA0C840049FFCA1E8401BD
:1004B00049FFCA79840149FFCA94FC80FC0084008A
:1004C000EA6EEA948401EA6EEA948402EA6EEA949F
:1004D000EA6E8403EA94840149FFC79E8402842C57
:1004E00049FFD7ED84008423EBA3FC80FC0080C08F
:1004F00049FFDF355C0300018420EB7DFC80FC00BC
:1005000049FFE0F8FC80FC005A100203840349FF15
:10051000E195844680624404589044145510EA459D
:100520008449440458C0441455408062EA45FC8024
:10053000FC00840149FFCFCEFA22840149FFCE1787
:10054000840049FFFB068400EA3E8401EAE9840155
:10055000EBF6840149FFCE63840049FFCE85840118
:1005600049FFCE6C840149FFCE958400802049FF6D
:10057000E11B8422840049FFFFC849FFE135840163
:1005800049FFD68B840149FFE24D840149FFE254C3
:10059000840049FFE25D840049FFCFD3840049FF16
:1005A000E23449FFE290FC80FC0049FFE29B3C17EB
:1005B000EF9CEBD1FE0CDD53DD4A3C0801264400E4
:1005C00007D03C0E0092EABAFA1ADD50FC80FC40DB
:1005D00084C080E08401DD4781264C6380173E970C
:1005E000F1EBEA84C80FEA36C005DD565A08020569
:1005F000D509DD51C0FBDD565A000105EA445A0811
:1006000001F28CC197B0D5EA8400DD47FCC0FC0044
:100610008400EB3CFC80FC028420FA4080C0801FF8
:10062000DD443C23F0B384209609E202E80B960FE8
:1006300038330511384F82028C218864383F820A92
:10064000D5F4840044300030381F8202EAED381FB0
:10065000820A8C015A0804FA800684A0D20C541233
:1006600080038CA1383F8602A44097698A231A1020
:100670000001D5F5FC823C13F0B3944988204C006E
:1006800080092AF000015EF7FFB0E8FA8401DD9EE0
:100690008400DD9EFC428420844880C0B1C2801F5B
:1006A000DD44842080078448DD4484205A180407F0
:1006B0003C540126840084C1D55184609409409340
:1006C00000008043814380A3810340F40808EB6B62
:1006D00038448F11EB86961840F79007E90B40F2EB
:1006E0008808EB6BEB8640F79007E9074C5440070E
:1006F000D50480A88100D50280A040F50808EB6BE6
:10070000EB86E08FE90A40F10808EB6BEB86E08F9F
:10071000E9074C254007D504804A8140D502804036
:100720008C615A3830D4956A40340808886188A1B1
:1007300038030D013843150194924035080888416B
:1007400088618804380F85093823090138030D01B1
:100750008802380385098C21D5AA401F80002230E9
:100760008001381F801180834E340003FF1A8041BE
:100770004E140003FE8A8844E0A2E90F98B8224193
:1007800000014E440003FF22382380114E24000351
:10079000FE928844E0A2E80684003E000242840102
:1007A000FCC288234E140003FE4A5EF08029E90350
:1007B0003E6002428C025A0806D28400FCC23C23EE
:1007C000F0B384A8949188404C01000B2A3080013A
:1007D000A500403194769AE31A300001D5F6DD9EEB
:1007E000FC01B63F2E100242F2819648FA0CC10578
:1007F000EA22C804FA0C8421DD43FA0CDD46C8085D
:100800002E000242C8092E0002415A080106B41FF8
:10081000F10149FFFFD6FC81FC42FA0B3C1C00921F
:10082000DD50FA0B8421DD43FA0C441007D0DD5073
:100830003C03F0B3B61F8400EAD250600480DD4070
:10084000C8083C17EF9CEBD1FE0CDD53DD4AD50305
:100850004400005A3C08012684013E000246840000
:1008600049FFD147DD4080E08401CF0849FFCDBB7F
:10087000800749FFD1278007D5078020EA2D840112
:100880008020DD52840149FFD129840149FFCDA098
:1008900084043E07EC628401DD4745C48012FAE01F
:1008A00044A224B8107E000049000283EB47DD40DB
:1008B0005A080106EBC7EA3A8422AE4049FFD892B3
:1008C0005A0001FEEB9B5A0001052E000247C004AE
:1008D0008401EBC2D521DD405A0801043E07F1ED49
:1008E00084203E100245640000403E17F1ED2E00CA
:1008F00002455A0801053E100245D5D5EA84960006
:100900005A0801053E17F1EBD50284002E17F1E8D5
:10091000C902C80684013E07F1F04800007FEBFBE6
:10092000EA7F50000480F0812E0002475A0001F453
:10093000EA9E9600C8F08026B47F9681E243E807DD
:100940002A208001382501098C01D5F7DD57DD55B6
:100950004E05000FDD57DD559401408004098121CB
:10096000EB323C8FFB3A3C1FFB3B49FFFE56EB3220
:1009700049FFFE83F0828420EB323E100242F18375
:1009800049FFFE8AF1033E1002412E100242C90DBA
:100990002E17EC628E21964AC90984243E17EC6218
:1009A00084213E100241D50484243E17EC622E17A8
:1009B000F1E8C109FA0B44100055DD50FA0BDD4691
:1009C000C005D5135A08011DD5F62E0002408C0132
:1009D0009600E6033E000240E90B84003E00024020
:1009E00084013E07EC61D50784003E000240F0021E
:1009F0005A0001F5FA0C8420DD4348FFFF8DEB32ED
:100A0000F101804649FFFEEEFA0BDD465A00010473
:100A100048FFFF4A3E07F1EF44048012FA20AE403F
:100A2000FA0B8420DD4384003E0002463E0002456E
:100A3000FCC2FC2284003E000244EBC249FFC6799E
:100A4000B61F49FFCC5AF08149FFE4D4F0828400FC
:100A5000DD478400EAE649FFE6AE8401EBDB840073
:100A6000EAD8840049FFCBCD8400EA978401EB21CA
:100A7000840349FFD45BF083EA2E5A000105840009
:100A80008423EA498405EAC18405EA3E8405EA5BD9
:100A900049FFFBDFDD405A08010449FFFD9A49FF89
:100AA000FDB82E67026E8400802649FFCB6084006B
:100AB0008020DD5284008020EA2D8400EADC84005E
:100AC000EB798400EB28EA36C005DD565A080205AA
:100AD000D545DD51C0FBDD565A000141EA445A00BC
:100AE000013EDD4080405A0801073C03F0AB842002
:100AF0008062EA5249FFDFF6DD4080E05A08010FCC
:100B000084008020DD5284008020EA2D8400EADC0D
:100B10008400EB7980078027D504DD408020C8025F
:100B2000EB7DEA9EC0038401EBC2DD485A0001045C
:100B300049FFFE74DD4080E05A08010B8420DD523D
:100B400080078420EA2D8400EBC78400EA768400C5
:100B500049FFCFAF84008020EB7D2E07F1F0C00766
:100B600084003E07F1F084013E0002448400EBC2A1
:100B70008400DD478423F003EA498400EA3E8400D0
:100B8000EAC18400EA5BEB88B41FEB3CF002EB287F
:100B9000F001EAD88401EA9749FFE615DD40C0027A
:100BA0008401EBDB8400EBBD49FFDC2E49FFDC3127
:100BB000EB47EB09EAA98401EA92EA83EAFC5A08C6
:100BC0000108DD57DD55EAA1C0038402D5072E07D1
:100BD000F1EFC0038401D502840384203E0003D0DA
:100BE0008401DD52DD408020C00384018420EA2D91
:100BF0008400EBC78400EA768401802649FFCAB7E7
:100C0000DD4080405A0801073C03F0FD84208062EB
:100C1000EA522E07F1EFC00484003E07F1EF840191
:100C2000EAE649FFDF5FDD408401DD4749FFCBC6CF
:100C3000EAFCFCA2FC02F0838003F282B67FF18121
:100C4000EADCF002B43F49FFE159F001B43F49FF4B
:100C5000E16FF0033C53F521F101F202B47F3C4D0A
:100C6000FACA49FFE1CAB41FEA76FC82FC00842F6D
:100C70008440840149FFE32C840049FFE34484005D
:100C800049FFE34B840149FFE353FC80FC00EA4841
:100C9000FC80FC0080C05A08010C84003E07F1E98A
:100CA0003C13F10C8402DD5084028026D5038402BB
:100CB0008420DD43FC80FC002E07F1E9C00684029D
:100CC000EA3984003E07F1E98402DD465A08010B47
:100CD0004400FFFE49FFE3D949FFE3E549FFE3DDB7
:100CE000D500FC80FC0084013E07F1F98420841FBC
:100CF000806184413C0BF521440003E8EA52840002
:100D00008020EA9684008020EB8E84408461DD4E52
:100D10008427EA5284008421EA9684008421EB8EA1
:100D200084218400EA488400EADC8400EA768401B5
:100D3000EADC8401EA7684018020EA482E67F1F932
:100D400097B0CEFD80068026EA4880068421EA48D6
:100D50004900005DFC80FC0049FFFFC684208061E3
:100D60008441DD4EEA5284008020EA96840080208F
:100D7000EB8E8400EB7984208401EA488400EA76D3
:100D8000844084613C03F0F88427EA528400842183
:100D9000EA9684008421EB8E4900007EFC808A0163
:100DA000EB14920ADD9EFC0049FFE2CBFC80FC00C4
:100DB00049FFE373FC80FC005A0801263C53F521EF
:100DC000EAD380C1D80C49FFE33CFA4E4213082411
:100DD000EADA4003000C40008017D50B3C23F521D4
:100DE000FF9449FFE32EDD534000800C40030017C1
:100DF0009601FE03960149FFE34849FFE35449FF8A
:100E0000E34CFC8049FFE35BFC80FC00840149FF6C
:100E1000E30E840749FFE31B840049FFE3238400BA
:100E200049FFE32A8401EA92EA83FC80FC0049FF3F
:100E3000FFBCFC80FC213C6C00F6F0813C7C00F7A0
:100E4000C90CF201EA75EA67EA4BFE03FE4B40204B
:100E5000180240309C02D509F201EA75EA67EA4BB4
:100E60004020180440309C043C2E00F63C3E00F725
:100E7000FCA1FC21F0813C6C00F8EA753C7C00F997
:100E8000EA67F201EA4BFE7EFE36FE0F8420400048
:100E90008006FCA184003C0E00F83C0E00F9DD9EAB
:100EA000442226503811020ADD9EFC40812049FF71
:100EB000FF7C4412275080493800A60AEA75EA6789
:100EC000EA4B3C6C00F63C7C00F7FE03FE4B4020F6
:100ED000180240309C023C2E00F63C3E00F7FCC05D
:100EE000FC41F081646304028440642304035A18C3
:100EF0000110EA393C8C00F8F2013C9C00F9EA75DB
:100F0000EA67EA4B402020044030A404D50FF201E8
:100F1000EA75EA67EA4B3C8C00F83C9C00F9FE035A
:100F2000FE4B402020024030A4023C2E00F83C3E04
:100F300000F964630403FCC1FC4180C0EA2280E044
:100F40005A00010484E0D5388400B61FF0814402C1
:100F5000275038001A02F08149FFFF27B61FB41F3F
:100F6000F10149FFFF1E4412265038209A02FA2E42
:100F7000FE54E201E9123C8C00F680463C9C00F7EE
:100F8000EA75EA67EA4B402020044030A4043C2E76
:100F900000F63C3E00F7D5103C8C00F6EA753C9C10
:100FA00000F7EA678046EA4B8068FE1E8069FE5EB5
:100FB000FE47C1C9D5E18007FCC100003A1FA43C2F
:100FC0003AFFBFBC426E80203A6F983C6462A40234
:100FD0009DB4647204023A6F9C3C646200029FB24A
:100FE0006462000364000008490002553A6F9C04E3
:100FF0006462A403647204033A6F9804426E802111
:101000003AFFBF843A1FA404640000043A1FA43CC2
:101010003AFFBFBC426E80203A6F983C6462A402E3
:101020009DB4647204023A6F9C3C646200029FB2F9
:1010300064620003640000084900022E3A6F9C04B9
:101040006462A403647204033A6F9804426E8021C0
:101050003AFFBF843A1FA404640000043A1FA43C72
:101060003AFFBFBC426E80203A6F983C6462A40293
:101070009DB4647204023A6F9C3C646200029FB2A9
:101080006462000364000008490002073A6F9C0490
:101090006462A403647204033A6F9804426E802170
:1010A0003AFFBF843A1FA404640000043A1FA43C22
:1010B0003AFFBFBC426E80203A6F983C6462A40243
:1010C0009DB4647204023A6F9C3C646200029FB259
:1010D0006462000364000008490001E03A6F9C0468
:1010E0006462A403647204033A6F9804426E802120
:1010F0003AFFBF843A1FA404640000043A1FA43CD2
:101100003AFFBFBC426E80203A6F983C6462A402F2
:101110009DB4647204023A6F9C3C646200029FB208
:101120006462000364000008490001B93A6F9C043E
:101130006462A403647204033A6F9804426E8021CF
:101140003AFFBF843A1FA404640000043A1FA43C81
:101150003AFFBFBC426E80203A6F983C6462A402A2
:101160009DB4647204023A6F9C3C646200029FB2B8
:101170006462000364000008490001923A6F9C0415
:101180006462A403647204033A6F9804426E80217F
:101190003AFFBF843A1FA404640000043A1FA43C31
:1011A0003AFFBFBC426E80203A6F983C6462A40252
:1011B0009DB4647204023A6F9C3C646200029FB268
:1011C00064620003640000084900016B3A6F9C04EC
:1011D0006462A403647204033A6F9804426E80212F
:1011E0003AFFBF843A1FA404640000043A1FA43CE1
:1011F0003AFFBFBC426E80203A6F983C6462A40202
:101200009DB4647204023A6F9C3C646200029FB217
:101210006462000364000008490001443A6F9C04C2
:101220006462A403647204033A6F9804426E8021DE
:101230003AFFBF843A1FA404640000043A1F943CA0
:101240003AFFBFBC422E80203A2F8C3C6412A4028D
:10125000642204023A1F883C641200029E4A64120F
:101260000003441000A438108202DD213A0F8404E8
:1012700064020043640000086402A40364120403CF
:101280003A2F8C04422E80213AFFBF843A1F9404E7
:101290003A0F8004640000043A1F943C3AFFBFBC3C
:1012A000422E80203A2F8C3C441000A43810820239
:1012B000DD213A2F8C04422E80213AFFBF843A1F51
:1012C00094043A0F800464000004D5003A0F803C77
:1012D0008400D5E33A0F803C8401D5DF3A0F803C8F
:1012E0008402D5DB3A0F803C8403D5D73A0F803C8B
:1012F0008404D5D33A0F803C8405D5CF3A0F803C87
:101300008406D5CB3A0F803C8407D5C73A0F803C82
:101310008408D5C33A0F803C8409D5BF3A0F803C7E
:10132000840AD5BB3A0F803C840BD5B73A0F803C7A
:10133000840CD5B33A0F803C840DD5AF3A0F803C76
:10134000840ED5AB3A0F803C840FD5A73A0F803C72
:10135000FA00D5A33A0F803CFA01D59F3A0F803CA2
:10136000FA02D59B3A0F803CFA03D5973A0F803C9E
:10137000FA04D5933A0F803CFA05D58F3A0F803C9A
:10138000FA06D58B3A0F803CFA07D5873A0F803C96
:10139000FA08D5833A0F803CFA0948FFFF7F3A0FDD
:1013A000803CFA0A48FFFF7A3A0F803CFA0B48FF6C
:1013B000FF753A0F803CFA0C48FFFF703A0F803CF3
:1013C000FA0D48FFFF6B3A0F803CFA0E48FFFF66AC
:1013D0003A0F803C4400001F48FFFF608401640412
:1013E000C002440200016404E00345D222683FC801
:1013F000000045F271F444011CD0420E0021490066
:10140000003549000351D500FC00EAA8842149FFBA
:10141000C7FEEAA8842049FFC8098421EAA849FF39
:10142000C814840049FFC84844020EF4442242DC38
:1014300084208A40DD44FC8084006405E403841F2A
:10144000640304036403240364122402440F0FFFA3
:10145000FE0E64022403641200028418FE0E64026D
:10146000000364000008DD9EFC0049FFFFE7640004
:101470008002921EC00664008402962EC002D5002F
:1014800049FFFFC4641200436400000864000008C0
:10149000FC80DD9EDD9EDD9EDD9EDD9EDD9EDD9E73
:1014A000DD9E4404809844148018B440B40196062C
:1014B000FE16C009FC008401AE08DD51C00349FFDF
:1014C000DAD2FC80DD9EDD9EFC01EAB64414808108
:1014D000A600A648FE0EEBD2000F8007C00349FF0E
:1014E000D22EFC81FC0049FFDE6344048080B400FE
:1014F00040106809EB27B400921A9606FE0EC0044D
:10150000EA3A8424AE40FC80DD9EFC0044048080E6
:10151000B40040106409EB27B40092199606FE0E41
:10152000C0272E07F1F95A0801243C53F521EAD3CC
:1015300044250004D804B4029210D51484003E0758
:10154000F1F9B402EB5292108A014E040007EB52FB
:10155000B40292109A08D505B402EB5292108A0197
:1015600096013C0BF521EA3A8422AE40FC8049FF0B
:10157000DE3AFC80DD9EFC0049FFC274FC80DD9EEB
:10158000DD9E4414808844348008B481B4038441CF
:101590009606FE26C004AE983E27F1F0B40144241E
:1015A000800840100409B40292019606FE0EC0069F
:1015B0008402AE1084013E07F1EFDD9EDD9EFC004B
:1015C00049FFC0BEFC80FC0049FFC0CFFC80FC008E
:1015D00049FFC0CCFC8044148088B4014020240919
:1015E000EA9FB40092099606FE16C00544048009DD
:1015F0008442AE80B40140102009EA9FB4009208F2
:101600009606FE0EC005440480098421AE40DD9E8E
:10161000FC4144748088B40740104809EA9FB40034
:1016200092129606FE0EC04244A4800A840410055D
:101630000000B407449DFFFF92119606EBD2B40759
:1016400044673004EAD1B607B406851EEB30B6060F
:10165000840ADD5AB406DD5BB606840ADD5A49FF0A
:10166000DB664400008749FFDB5C840ADD5AB40670
:10167000EB30B606840ADD5AB406DD5BB606840A92
:10168000DD5A84013E07F1F8001F8007B407964633
:101690004010C408EAD1FE0FB6078402100500000E
:1016A0003C0DFC7D8C013C0FFC7DFCC1FC00441416
:1016B0008020B40192019606C0078402AE08DD5175
:1016C000C00349FFD9D044048088B40040106009A9
:1016D000EA9FB40092189606FE0EC01FEB348421D8
:1016E000AE40DD51C00FEAAD96005A08010C8420CF
:1016F0008041EAF944142C24440FFC03B441FE1643
:10170000B601DD405A08010849FFD59A49FFD6873E
:101710008400DD4749FFD5D744048088B4004010D9
:101720006409EA9FB40092199606FE0EC032EB34AB
:101730008422AE40DD51C82DDD4896005A080203D0
:10174000EB40FA04EADF8441EA605A08790C441459
:101750002C248440B401580003FCB601840180208D
:10176000D514FA04EADF8441EA605A087A06840153
:1017700080208040D50AFA04EADF8441EA605A08F2
:101780007B09840180208442EAF984013E07EC92BF
:1017900044048088B40040106809EA9FB400921A9B
:1017A0009606FE0EC012FA04EADF8441EA605A008F
:1017B000790A44147008B4019210DD4C5800782363
:1017C000B601EB348424AE40FC80DD9EDD9EDD9EC0
:1017D000DD9EDD9EDD9E4404809044248010B46034
:1017E000B40284219606FE1EC016FC00FA1BAE5001
:1017F0003E17F1ECEA39DD4896005A080203EB4047
:101800002E000246C00784013E000245840049FFC5
:10181000DA0EFC80DD9E44048090B400401028095C
:10182000EB3FB400920A9606FE0EC00544048011F8
:101830008424AE40DD9EDD9EDD9E440480904424E1
:101840008010B40040101009B40292049606FE0EF7
:10185000C04EFC00FA00AE10DD485A08020449FFF1
:10186000B531DD405A08010449FFD52DDD485A083D
:10187000020FEAAE5A08010C3C03F8E596013C0B56
:10188000F8E33C03F8E496013C0BF8E584C149FF1A
:10189000C5703E67F1E93E67F1EB49FFC57D2E1744
:1018A000F1DC460000815A180208040000F5920895
:1018B000962FC80ED50C2E17F1DC5A18030A040017
:1018C00000F59208962FC8043E67F1E6EB4046000B
:1018D0000081040000F09203960649FFC48C2E009C
:1018E0000246C004840149FFD9A2FC80DD9EDD9E32
:1018F0004414809044348010B40140200409B4039F
:1019000092019606FE16C0068402AE1884013E07B8
:10191000F1E8B40140106C09EB3FB400921B96064D
:10192000FE0EC005440480138428AE40DD9E4404AE
:101930008090B40040102C09EB3FB400920B960647
:10194000FE0EC00D440480118428AE402E07F1B570
:101950005A080106FC0049FFC52AFC80DD9E0000F4
:101960003C1C017AC905441242DC3C1E017A9C07EA
:10197000920394039808402F8006CA053C0E017A12
:101980008001DD9E840C3C0E017B841FDD9E920055
:101990008427FE0C8E015A07FF04EBB5D5FCDD9EB3
:1019A00044250008B4429686C24D44450004B44420
:1019B0009691C248FC028460B67FB4449250F28192
:1019C000EB48F383B44292505431000FEAECB482F6
:1019D000EA4C9706CC0640210C0C461004E2D50DCB
:1019E0004440FFFF4C12400740210C0C44100BB840
:1019F000D504FE5440210C0C40208856B65FB43FFD
:101A000044350004FE0CB61FB4039210F082F101BD
:101A1000F002E220E907F101F202F00388018A02F4
:101A2000D509F201F402B423F00396498802880133
:101A30008A04F083F103B41FE220E80DF002F08184
:101A4000D5E444101CC0FE0C8E015A07FF04EBB510
:101A5000D5FCDD9EFC82FC00EB5249FFFFA3FC801D
:101A6000FC0049FFF9D449FFC74049FFDA1649FF96
:101A7000DA3B49FFDA2549FFED8749FFD39C49FF4F
:101A8000DDFA49001F9449FFDC1E441036A74C00C4
:101A9000C0078400EA8C84013E07F1E449FFBBA63D
:101AA0008400FC80FC0049FFFFDD8400FC80C21242
:101AB000523100204E360007FEDA848040100C0CB4
:101AC000D50840300C0D4010880C4040080CFE5FDB
:101AD0008004DD9EFC01F081F10184004900009248
:101AE000FC81FC01F081F101840049000051FC817E
:101AF0008060E644E91C5441800354508003DC17A5
:101B00004E52000C525280049A9599690840800107
:101B1000184180014C12FFFC40510809C508956A24
:101B20009969968FA309AB194C12FFFEC208994A16
:101B300008408001184180014C12FFFCDD9E92009C
:101B40008060E644E91C54518003C5095252800468
:101B50009A959968181180014C32FFFE96484040D2
:101B6000A008FE674040C00840109004405108099A
:101B7000C506956A996B968FAA59DBFFC206995ADA
:101B8000181180014C32FFFEDD9E9200C1399E0C7F
:101B90000410FFFF4E14000388013C1C017DC10AA4
:101BA000E201E80FB4409942D905B4258822B62055
:101BB000A069A8413C0E017DDD9EE202E90480227D
:101BC000A089CAFCB461994BD80CB40080A18803E9
:101BD0003802800EDA15B4628803B601A011D50F61
:101BE000E205E805840C3C0E017BDD9EB48099443F
:101BF000DA05B462A0918864B660A881A809DD9E68
:101C0000FC219D8B845CFF968CC8E6CCE80384CCD9
:101C1000D5084E640007840C3C0E017B8400D54639
:101C2000E2C1E9FA3C5C017D8025C10CB4418A46E1
:101C30004E25001CE64CE91080A13822880EB6C55E
:101C4000CD2B3C1C017CF081C913F0014900003010
:101C50003C0E017CD50DD905A0293C0E017DD51C7B
:101C6000A009A82980A1D51880A1A049D5DFF0013D
:101C700080264900001D80A05A07FFCF9DC3841C09
:101C8000FFC64C728009F0019A7D490000115A0785
:101C9000FFC480A7B6C55022800B84189C6CFE162A
:101CA0009A41C104FE8A3822840AFCA1FC00840007
:101CB0003C0FFB39800149FFFE555A0FFF073C1DC1
:101CC000FB39C1033C1E017BFC80000000000000CA
:101CD000490072C850000FFF49002B2A4900877045
:101CE00049008DA03C03F1424900879C49007F4E8A
:101CF0002E07F1DC49006DB9400004162E07F83EAE
:101D0000400040082E07F83D4400006450108FFF4B
:101D10004900875049004CDD490086464410006464
:101D2000440001383C1DFB3B490043DD3C0DFB3AC0
:101D300049006E1E3C13F14249008CC85800000156
:101D400049008D78440000442E07F1C150210FFF57
:101D50004021540858108001490087394900383B18
:101D6000000300E7400020083C3DFB3B3C2DFB3AD4
:101D700041FF80010403804349007E1A49007EE54B
:101D80002E07026E490067D449006C72480076CB7A
:101D90004010C00854000060548000FF490077C321
:101DA0004000300849002AD62E07F1E840104008CC
:101DB0004402313C4900875544048003480077B110
:101DC0002E07F1FF490058E549007D78421008735D
:101DD0002E07026F501F839854000FFF480077BBF7
:101DE0002E07F8CD490052993800800049004E4C2A
:101DF000490067AC490059563A20142049008D57D4
:101E0000442000643E07F1C14900733B58000008BC
:101E1000549000FF500F83984900861A5063002C9D
:101E2000400050084010883644300138422080730A
:101E3000440FFEFF4010A0083E07F1DF49007E4D31
:101E4000500480015800000249003D1A4201047309
:101E50004900671C4900579540108036490066C903
:101E6000500F810C44F000642E000ED43C1DFB1B6F
:101E70003A239404100E010C5C0000013A20142453
:101E8000540002004472313C441000C04010B008BD
:101E9000440231703C0381354900736E100E0029F5
:101EA0002E07F2293C0DFB1A4900688F3C0BF142CA
:101EB0002E07EDBC3E07F311440EFFFF5410000146
:101EC0002E000ED93A2094004203A47349005D14F9
:101ED000442001384900666A40102008490086DB2A
:101EE0002E07F1EB421300734800266838000911F1
:101EF00040002C084001BC1A441000FF3C03F67E51
:101F0000490069592E07F2F7460FEFFF2E27026EA0
:101F100058000004400008163C1DF8790003013702
:101F2000490059BD54108200490068B849005181E8
:101F3000581080025063013849004AE42E0702809D
:101F400049002ACD2E07F0C62E07F1EE4404800882
:101F50003E07F314540004004800AB5A3E07F1FF5B
:101F600049003D053E07ED2146000080490074749C
:101F700044000100490070404420004449007EECC8
:101F8000380398082E07EC922E07F1CE0003011CAF
:101F90001420806A44007FFF12030009000E010C28
:101FA000442000303C33F142440480014213A473C6
:101FB00049002A9C42008873441003E84900808D40
:101FC0003C13F67E400048084000BC1B40003C1615
:101FD0004400024049007D9A3C03F0F94900349BDB
:101FE000441001383C0381340003011B41CE00043E
:101FF0003C13F66F44122B482E07F1BE480033CE37
:102000002E17F83E490006DB50047FFC49007F068E
:10201000440F7FFF4000240249005D0A4400FFFF97
:1020200044023F7050050001502F86C84031A0087F
:102030004900516E3C000782446000642E100ED9A6
:102040004900683B4900746E40104808441000F095
:10205000460010002E07EDAC2E17F0B140214808C5
:1020600049007EE94010600849005A0E1C02800BAE
:1020700044110000490057D02E07F10740002416F4
:102080004424000C40108C3640103C1A41CE5408B9
:102090002E07F0C35800010058108008440001F4D6
:1020A0004010880D000300292E07EA344010AC08C8
:1020B00040103009490044B5080500013A231404D2
:1020C0002E00024450318FFF3CF7F85C0203007889
:1020D0001003011A3C1381344900436249002B3438
:1020E0003C0FFB3A421500735810800404038047EC
:1020F0002E07F11549006DAF51FE7FE02E07ED4030
:102100002E07F8D13C0BF67E4412313C4462313C40
:10211000490056DD49006D8B40004408460EFFFF24
:10212000400028082E07F2F63C13F916490050FC2F
:1021300041CE5409020300715052802C4410012CEE
:1021400044300044380384085000002054100060DC
:1021500040113C1A4900518A490064C5441FFFEFF1
:10216000462000803A20140044300064440480007B
:10217000490069EF42010C733E07F0B24404800449
:1021800044048006000E0029021F8003140E7FF312
:102190004000200240F005F6440224B8490034CE45
:1021A0004404800B3E07F1BE1203002242FE3C2491
:1021B000640000202E07E9E449007B5F021F8007CE
:1021C00049004B8A44000080406300D644048010DC
:1021D0004900544C000301062E07F1C0001E000008
:1021E0002E07F1DF4000BC1A44109878490061F8CE
:1021F0004425000050630FFF44528E28490051933C
:10220000401024084614000015CF00004021380873
:102210002E07F309446001383C13F5213E07F1EE27
:10222000406308D6490056192E07F1034900519D15
:1022300040003C044004500849008D2B020F8006EA
:102240004424001002030070490034C43A2094244E
:10225000000F80043C0BF66E0003011A100F80047F
:10226000490077C6420400243C13F66E4210A824AD
:10227000490039D6441480843E07F10A40F78400AF
:102280002E17F83D404254082E17026F442455245F
:1022900041C08002540000FB441470003E07F2F17C
:1022A0002E100ED44400003C4424552044000090DD
:1022B0002E17F107490068CB49004D01140E7FF03D
:1022C00005CF0000490061D03E07F8CC4800197ED8
:1022D0002E07F1E34402149849005DCE2E17ED312C
:1022E000441EFFFF3E07F31538F33D110440806A9A
:1022F0004900812E420480244032BC1B4900669C68
:102300003E07F1FE58000080490053DB4800487D3D
:10231000120300232E27F0B2440231104900437902
:1023200049002AA03C03EF8F40323C1A5010802015
:102330003C0BF8E6490073554201087349006600FA
:102340003E000611460FDFFF400010163C17F6DF77
:102350002E07E2653A2094040030000C49004A162A
:1023600049006687461020002E07F30054A000FFA6
:102370002E07F30249007EEF44222BC83E07EB7C78
:1023800040603C1B440200000010802E443FEFFFE1
:1023900040001C0C461EFFFF2E07ED313C23F1428E
:1023A0003E07EDAC400000094404000044120C8CD0
:1023B000141003994442313C461BFFFF383008009B
:1023C0004414001049007DF03E07EA373C3FFB3BD8
:1023D000400028024000A0093E000247000300E63A
:1023E0003E07ED403C0BF9161030000C4900682107
:1023F00012030008460F0FFF4414020C44020CB0F5
:102400004021005640013C1A490066702E07ED211C
:102410002E07ED6044000078100F80072E17026E23
:1024200044628E2840000C163E07F1B949007B56E5
:102430002E97026E446210244900743E49007E20AB
:102440003E07F8CD4442157C3C03F65C3C17F85C33
:102450003E07F8D138001400460FF80F000E002791
:10246000466000811003011B3C1DF7964432313C4D
:10247000444000FF49000BF9461000813C138135B0
:10248000140E7FF14031840C49006C674010903687
:10249000426004733C0BF889490053C43E07ED6069
:1024A0001401001214010014490057DD4422313C8C
:1024B000220080004032BC1A2E27F0B1490051B4EE
:1024C0004402102410A080002E17F1CE4611000007
:1024D000721B843E1001122012200C003000FF07F6
:1024E000FF07400BA0190A0A0B010000F500ED02DE
:1024F0000F05EC06D608C60AA90CAB0E8210961280
:1025000069145D165318681A431C3F1EF51FF2210B
:10251000EF23EC25DE27D029C32BB72D602F1931EF
:102520000A33D834F33607391F3B3C3DFF009F0286
:1025300075049806AD08AF0A930C920E8710A4128A
:10254000751470163318271A1B1C101E0220F22156
:10255000E223D225BE27AB29982B842D742F453139
:1025600026333735EA3602390D3B553DD600280271
:1025700006049B051B078108140AA40B3D0D980E49
:102580003910C7114B13CD145516EA17A419A31A05
:1025900000FFFF00010000010101FF0101FFFFFF3B
:1025A00000FF0001FF0001000101FF0101FFFFFF2B
:1025B00000FFFF0001000001FFFF01FFFF0101011B
:1025C00000FFFF00010000010101FF0101FFFFFF0B
:1025D0009CFFFFFF9CFFFFFF00FFFF0001000001C9
:1025E000FFFF01FFFF010101FFFF00FF01FFFF00EF
:1025F00000000100FF010001010100009CFFFFFF3E
:102600009CFFFFFF64000000640000006400000005
:10261000640000003C5A7890B4F000000100008093
:102620000200008003000080001414141414141419
:10263000141414141414141414141414141414145A
:1026400013000000586061626364646465656667D6
:102650006869696A6B6C6D6EFF707071570000007D
:1026600005002D00AD041105150515051505150509
:102670002505A8002605F90004000000000036002A
:10268000370037000000370047005B004800F900C2
:10269000000000000000000000000000000000003A
:1026A000900000009000000000000000000000000A
:1026B0000000200120010000600060004000400098
:1026C000000000000000000000000000000000000A
:1026D000400200004002000092020000D20200000E
:1026E0000006060002000000FFFFFFFFFFFF0000E2
:1026F000FFFFFFFFFFFF00000101010000000000DD
:1027000000000000050000000500000001000000BE
:1027100001000000010000000100000001000000B5
:1027200001000000000000000000000000000000A8
:1027300000000000070E0000F80100000108000082
:1027400002040000040200000801000090000000E4
:102750006000000000000000000000000000000019
:102760000000000001000000010000000100000066
:102770000100000001000000010000000100000055
:102780000100000000000000000000000000000048
:102790000000000000010100010001000100010033
:1027A0000100010000000000000000000000000027
:1027B00007000B0B0B0100000000000000000000F0
:1027C000FFFFFFFFFFFFFFFFFFFFFFFFFFFFFFFF19
:1027D000FFFFFFFFFFFFFFFFFFFFFFFFFFFFFFFF09
:1027E000FFFFFFFFFFFFFFFFFFFFFFFFFFFFFFFFF9
:1027F000FFFFFFFFFFFFFFFFFFFFFFFFFFFFFFFFE9
:10280000FFFFFFFFFFFFFFFFFFFFFFFFFFFFFFFFD8
:10281000FFFFFFFFFFFFFFFFFFFFFFFFFFFFFFFFC8
:10282000FFFFFFFFFFFFFFFFFFFFFFFFFFFFFFFFB8
:10283000FFFFFFFFFFFFFFFFFFFFFFFFFFFFFFFFA8
:10284000FFFFFFFFFFFFFFFFFFFFFFFFFFFFFFFF98
:10285000FFFFFFFFFFFFFFFFFFFFFFFFFFFFFFFF88
:10286000FFFFFFFFFFFFFFFFFFFFFFFFFFFFFFFF78
:10287000FFFFFFFFFFFFFFFFFFFFFFFFFFFFFFFF68
:10288000FFFFFFFFFFFFFFFFFFFFFFFFFFFFFFFF58
:10289000FFFFFFFFFFFFFFFFFFFFFFFFFFFFFFFF48
:1028A000FFFFFFFFFFFFFFFFFFFFFFFFFFFFFFFF38
:1028B000FFFFFFFFFFFFFFFFFFFFFFFFFFFFFFFF28
:1028C000FFFFFFFFFFFFFFFFFFFFFFFFFFFFFFFF18
:1028D000FFFFFFFFFFFFFFFFFFFFFFFFFFFFFFFF08
:1028E000FFFFFFFFFFFFFFFFFFFFFFFFFFFFFFFFF8
:1028F000FFFFFFFFFFFFFFFFFFFFFFFFFFFFFFFFE8
:10290000FFFFFFFFFFFFFFFFFFFFFFFFFFFFFFFFD7
:10291000FFFFFFFFFFFFFFFFFFFFFFFFFFFFFFFFC7
:10292000FFFFFFFFFFFFFFFFFFFFFFFFFFFFFFFFB7
:10293000FFFFFFFFFFFFFFFFFFFFFFFFFFFFFFFFA7
:10294000FFFFFFFFFFFFFFFFFFFFFFFFFFFFFFFF97
:10295000FFFFFFFFFFFFFFFFFFFFFFFFFFFFFFFF87
:10296000FFFFFFFFFFFFFFFFFFFFFFFFFFFFFFFF77
:10297000FFFFFFFFFFFFFFFFFFFFFFFFFFFFFFFF67
:10298000FFFFFFFFFFFFFFFFFFFFFFFFFFFFFFFF57
:10299000FFFFFFFFFFFFFFFFFFFFFFFFFFFFFFFF47
:1029A000FFFFFFFFFFFFFFFFFFFFFFFFFFFFFFFF37
:1029B000FFFFFFFFFFFFFFFFFFFFFFFFFFFFFFFF27
:1029C000FFFFFFFFFFFFFFFFFFFFFFFFFFFFFFFF17
:1029D000FFFFFFFFFFFFFFFFFFFFFFFFFFFFFFFF07
:1029E000FFFFFFFFFFFFFFFFFFFFFFFFFFFFFFFFF7
:1029F000FFFFFFFFFFFFFFFFFFFFFFFFFFFFFFFFE7
:102A0000FFFFFFFFFFFFFFFFFFFFFFFFFFFFFFFFD6
:102A1000FFFFFFFFFFFFFFFFFFFFFFFFFFFFFFFFC6
:102A2000FFFFFFFFFFFFFFFFFFFFFFFFFFFFFFFFB6
:102A3000FFFFFFFFFFFFFFFFFFFFFFFFFFFFFFFFA6
:102A4000FFFFFFFFFFFFFFFFFFFFFFFFFFFFFFFF96
:102A5000FFFFFFFFFFFFFFFFFFFFFFFFFFFFFFFF86
:102A6000FFFFFFFFFFFFFFFFFFFFFFFFFFFFFFFF76
:102A7000FFFFFFFFFFFFFFFFFFFFFFFFFFFFFFFF66
:102A8000FFFFFFFFFFFFFFFFFFFFFFFFFFFFFFFF56
:102A9000FFFFFFFFFFFFFFFFFFFFFFFFFFFFFFFF46
:102AA000FFFFFFFFFFFFFFFFFFFFFFFFFFFFFFFF36
:102AB000FFFFFFFFFFFFFFFFFFFFFFFFFFFFFFFF26
:102AC000FFFFFFFFFFFFFFFFFFFFFFFFFFFFFFFF16
:102AD000FFFFFFFFFFFFFFFFFFFFFFFFFFFFFFFF06
:102AE000FFFFFFFFFFFFFFFFFFFFFFFFFFFFFFFFF6
:102AF000FFFFFFFFFFFFFFFFFFFFFFFFFFFFFFFFE6
:102B0000FFFFFFFFFFFFFFFFFFFFFFFFFFFFFFFFD5
:102B1000FFFFFFFFFFFFFFFFFFFFFFFFFFFFFFFFC5
:102B2000FFFFFFFFFFFFFFFFFFFFFFFFFFFFFFFFB5
:102B3000FFFFFFFFFFFFFFFFFFFFFFFFFFFFFFFFA5
:102B4000FFFFFFFFFFFFFFFFFFFFFFFFFFFFFFFF95
:102B5000FFFFFFFFFFFFFFFFFFFFFFFFFFFFFFFF85
:102B6000FFFFFFFFFFFFFFFFFFFFFFFFFFFFFFFF75
:102B7000FFFFFFFFFFFFFFFFFFFFFFFFFFFFFFFF65
:102B8000FFFFFFFFFFFFFFFFFFFFFFFFFFFFFFFF55
:102B9000FFFFFFFFFFFFFFFFFFFFFFFFFFFFFFFF45
:102BA000FFFFFFFFFFFFFFFFFFFFFFFFFFFFFFFF35
:102BB000FFFFFFFFFFFFFFFFFFFFFFFFFFFFFFFF25
:102BC000FFFFFFFFFFFFFFFFFFFFFFFFFFFFFFFF15
:102BD000FFFFFFFFFFFFFFFFFFFFFFFFFFFFFFFF05
:102BE000FFFFFFFFFFFFFFFFFFFFFFFFFFFFFFFFF5
:102BF000FFFFFFFFFFFFFFFFFFFFFFFFFFFFFFFFE5
:102C0000FFFFFFFFFFFFFFFFFFFFFFFFFFFFFFFFD4
:102C1000FFFFFFFFFFFFFFFFFFFFFFFFFFFFFFFFC4
:102C2000FFFFFFFFFFFFFFFFFFFFFFFFFFFFFFFFB4
:102C3000FFFFFFFFFFFFFFFFFFFFFFFFFFFFFFFFA4
:102C4000FFFFFFFFFFFFFFFFFFFFFFFFFFFFFFFF94
:102C5000FFFFFFFFFFFFFFFFFFFFFFFFFFFFFFFF84
:102C6000FFFFFFFFFFFFFFFFFFFFFFFFFFFFFFFF74
:102C7000FFFFFFFFFFFFFFFFFFFFFFFFFFFFFFFF64
:102C8000FFFFFFFFFFFFFFFFFFFFFFFFFFFFFFFF54
:102C9000FFFFFFFFFFFFFFFFFFFFFFFFFFFFFFFF44
:102CA000FFFFFFFFFFFFFFFFFFFFFFFFFFFFFFFF34
:102CB000FFFFFFFFFFFFFFFFFFFFFFFFFFFFFFFF24
:102CC000FFFFFFFFFFFFFFFFFFFFFFFFFFFFFFFF14
:102CD000FFFFFFFFFFFFFFFFFFFFFFFFFFFFFFFF04
:102CE000FFFFFFFFFFFFFFFFFFFFFFFFFFFFFFFFF4
:102CF000FFFFFFFFFFFFFFFFFFFFFFFFFFFFFFFFE4
:102D0000FFFFFFFFFFFFFFFFFFFFFFFFFFFFFFFFD3
:102D1000FFFFFFFFFFFFFFFFFFFFFFFFFFFFFFFFC3
:102D2000FFFFFFFFFFFFFFFFFFFFFFFFFFFFFFFFB3
:102D3000FFFFFFFFFFFFFFFFFFFFFFFFFFFFFFFFA3
:102D4000FFFFFFFFFFFFFFFFFFFFFFFFFFFFFFFF93
:102D5000FFFFFFFFFFFFFFFFFFFFFFFFFFFFFFFF83
:102D6000FFFFFFFFFFFFFFFFFFFFFFFFFFFFFFFF73
:102D7000FFFFFFFFFFFFFFFFFFFFFFFFFFFFFFFF63
:102D8000FFFFFFFFFFFFFFFFFFFFFFFFFFFFFFFF53
:102D9000FFFFFFFFFFFFFFFFFFFFFFFFFFFFFFFF43
:102DA000FFFFFFFFFFFFFFFFFFFFFFFFFFFFFFFF33
:102DB000FFFFFFFFFFFFFFFFFFFFFFFFFFFFFFFF23
:102DC000FFFFFFFFFFFFFFFFFFFFFFFFFFFFFFFF13
:102DD000FFFFFFFFFFFFFFFFFFFFFFFFFFFFFFFF03
:102DE000FFFFFFFFFFFFFFFFFFFFFFFFFFFFFFFFF3
:102DF000FFFFFFFFFFFFFFFFFFFFFFFFFFFFFFFFE3
:102E0000FFFFFFFFFFFFFFFFFFFFFFFFFFFFFFFFD2
:102E1000FFFFFFFFFFFFFFFFFFFFFFFFFFFFFFFFC2
:102E2000FFFFFFFFFFFFFFFFFFFFFFFFFFFFFFFFB2
:102E3000FFFFFFFFFFFFFFFFFFFFFFFFFFFFFFFFA2
:102E4000FFFFFFFFFFFFFFFFFFFFFFFFFFFFFFFF92
:102E5000FFFFFFFFFFFFFFFFFFFFFFFFFFFFFFFF82
:102E6000FFFFFFFFFFFFFFFFFFFFFFFFFFFFFFFF72
:102E7000FFFFFFFFFFFFFFFFFFFFFFFFFFFFFFFF62
:102E8000FFFFFFFFFFFFFFFFFFFFFFFFFFFFFFFF52
:102E9000FFFFFFFFFFFFFFFFFFFFFFFFFFFFFFFF42
:102EA000FFFFFFFFFFFFFFFFFFFFFFFFFFFFFFFF32
:102EB000FFFFFFFFFFFFFFFFFFFFFFFFFFFFFFFF22
:102EC000FFFFFFFFFFFFFFFFFFFFFFFFFFFFFFFF12
:102ED000FFFFFFFFFFFFFFFFFFFFFFFFFFFFFFFF02
:102EE000FFFFFFFFFFFFFFFFFFFFFFFFFFFFFFFFF2
:102EF000FFFFFFFFFFFFFFFFFFFFFFFFFFFFFFFFE2
:102F0000FFFFFFFFFFFFFFFFFFFFFFFFFFFFFFFFD1
:102F1000FFFFFFFFFFFFFFFFFFFFFFFFFFFFFFFFC1
:102F2000FFFFFFFFFFFFFFFFFFFFFFFFFFFFFFFFB1
:102F3000FFFFFFFFFFFFFFFFFFFFFFFFFFFFFFFFA1
:102F4000FFFFFFFFFFFFFFFFFFFFFFFFFFFFFFFF91
:102F5000FFFFFFFFFFFFFFFFFFFFFFFFFFFFFFFF81
:102F6000FFFFFFFFFFFFFFFFFFFFFFFFFFFFFFFF71
:102F7000FFFFFFFFFFFFFFFFFFFFFFFFFFFFFFFF61
:102F8000FFFFFFFFFFFFFFFFFFFFFFFFFFFFFFFF51
:102F9000FFFFFFFFFFFFFFFFFFFFFFFFFFFFFFFF41
:102FA000FFFFFFFFFFFFFFFFFFFFFFFFFFFFFFFF31
:102FB000FFFFFFFFFFFFFFFFFFFFFFFFFFFFFFFF21
:102FC000FFFFFFFFFFFFFFFFFFFFFFFFFFFFFFFF11
:102FD000FFFFFFFFFFFFFFFFFFFFFFFFFFFFFFFF01
:102FE000FFFFFFFFFFFFFFFFFFFFFFFFFFFFFFFFF1
:102FF000FFFFFFFFFFFFFFFFFFFFFFFFFFFFFFFFE1
:10300000FFFFFFFFFFFFFFFFFFFFFFFFFFFFFFFFD0
:10301000FFFFFFFFFFFFFFFFFFFFFFFFFFFFFFFFC0
:10302000FFFFFFFFFFFFFFFFFFFFFFFFFFFFFFFFB0
:10303000FFFFFFFFFFFFFFFFFFFFFFFFFFFFFFFFA0
:10304000FFFFFFFFFFFFFFFFFFFFFFFFFFFFFFFF90
:10305000FFFFFFFFFFFFFFFFFFFFFFFFFFFFFFFF80
:10306000FFFFFFFFFFFFFFFFFFFFFFFFFFFFFFFF70
:10307000FFFFFFFFFFFFFFFFFFFFFFFFFFFFFFFF60
:10308000FFFFFFFFFFFFFFFFFFFFFFFFFFFFFFFF50
:10309000FFFFFFFFFFFFFFFFFFFFFFFFFFFFFFFF40
:1030A000FFFFFFFFFFFFFFFFFFFFFFFFFFFFFFFF30
:1030B000FFFFFFFFFFFFFFFFFFFFFFFFFFFFFFFF20
:1030C000FFFFFFFFFFFFFFFFFFFFFFFFFFFFFFFF10
:1030D000FFFFFFFFFFFFFFFFFFFFFFFFFFFFFFFF00
:1030E000FFFFFFFFFFFFFFFFFFFFFFFFFFFFFFFFF0
:1030F000FFFFFFFFFFFFFFFFFFFFFFFFFFFFFFFFE0
:10310000FFFFFFFFFFFFFFFFFFFFFFFFFFFFFFFFCF
:10311000FFFFFFFFFFFFFFFFFFFFFFFFFFFFFFFFBF
:10312000FFFFFFFFFFFFFFFFFFFFFFFFFFFFFFFFAF
:10313000FFFFFFFFFFFFFFFFFFFFFFFFFFFFFFFF9F
:10314000FFFFFFFFFFFFFFFFFFFFFFFFFFFFFFFF8F
:10315000FFFFFFFFFFFFFFFFFFFFFFFFFFFFFFFF7F
:10316000FFFFFFFFFFFFFFFFFFFFFFFFFFFFFFFF6F
:10317000FFFFFFFFFFFFFFFFFFFFFFFFFFFFFFFF5F
:10318000FFFFFFFFFFFFFFFFFFFFFFFFFFFFFFFF4F
:10319000FFFFFFFFFFFFFFFFFFFFFFFFFFFFFFFF3F
:1031A000FFFFFFFFFFFFFFFFFFFFFFFFFFFFFFFF2F
:1031B000FFFFFFFFFFFFFFFFFFFFFFFFFFFFFFFF1F
:1031C000FFFFFFFFFFFFFFFFFFFFFFFFFFFFFFFF0F
:1031D000FFFFFFFFFFFFFFFFFFFFFFFFFFFFFFFFFF
:1031E000FFFFFFFFFFFFFFFFFFFFFFFFFFFFFFFFEF
:1031F000FFFFFFFFFFFFFFFFFFFFFFFFFFFFFFFFDF
:10320000FFFFFFFFFFFFFFFFFFFFFFFFFFFFFFFFCE
:10321000FFFFFFFFFFFFFFFFFFFFFFFFFFFFFFFFBE
:10322000FFFFFFFFFFFFFFFFFFFFFFFFFFFFFFFFAE
:10323000FFFFFFFFFFFFFFFFFFFFFFFFFFFFFFFF9E
:10324000FFFFFFFFFFFFFFFFFFFFFFFFFFFFFFFF8E
:10325000FFFFFFFFFFFFFFFFFFFFFFFFFFFFFFFF7E
:10326000FFFFFFFFFFFFFFFFFFFFFFFFFFFFFFFF6E
:10327000FFFFFFFFFFFFFFFFFFFFFFFFFFFFFFFF5E
:10328000FFFFFFFFFFFFFFFFFFFFFFFFFFFFFFFF4E
:10329000FFFFFFFFFFFFFFFFFFFFFFFFFFFFFFFF3E
:1032A000FFFFFFFFFFFFFFFFFFFFFFFFFFFFFFFF2E
:1032B000FFFFFFFFFFFFFFFFFFFFFFFFFFFFFFFF1E
:1032C000FFFFFFFFFFFFFFFFFFFFFFFFFFFFFFFF0E
:1032D000FFFFFFFFFFFFFFFFFFFFFFFFFFFFFFFFFE
:1032E000FFFFFFFFFFFFFFFFFFFFFFFFFFFFFFFFEE
:1032F000FFFFFFFFFFFFFFFFFFFFFFFFFFFFFFFFDE
:10330000FFFFFFFFFFFFFFFFFFFFFFFFFFFFFFFFCD
:10331000FFFFFFFFFFFFFFFFFFFFFFFFFFFFFFFFBD
:10332000FFFFFFFFFFFFFFFFFFFFFFFFFFFFFFFFAD
:10333000FFFFFFFFFFFFFFFFFFFFFFFFFFFFFFFF9D
:10334000FFFFFFFFFFFFFFFFFFFFFFFFFFFFFFFF8D
:10335000FFFFFFFFFFFFFFFFFFFFFFFFFFFFFFFF7D
:10336000FFFFFFFFFFFFFFFFFFFFFFFFFFFFFFFF6D
:10337000FFFFFFFFFFFFFFFFFFFFFFFFFFFFFFFF5D
:10338000FFFFFFFFFFFFFFFFFFFFFFFFFFFFFFFF4D
:10339000FFFFFFFFFFFFFFFFFFFFFFFFFFFFFFFF3D
:1033A000FFFFFFFFFFFFFFFFFFFFFFFFFFFFFFFF2D
:1033B000FFFFFFFFFFFFFFFFFFFFFFFFFFFFFFFF1D
:1033C000FFFFFFFFFFFFFFFFFFFFFFFFFFFFFFFF0D
:1033D000FFFFFFFFFFFFFFFFFFFFFFFFFFFFFFFFFD
:1033E000FFFFFFFFFFFFFFFFFFFFFFFFFFFFFFFFED
:1033F000FFFFFFFFFFFFFFFFFFFFFFFFFFFFFFFFDD
:10340000FFFFFFFFFFFFFFFFFFFFFFFFFFFFFFFFCC
:10341000FFFFFFFFFFFFFFFFFFFFFFFFFFFFFFFFBC
:10342000FFFFFFFFFFFFFFFFFFFFFFFFFFFFFFFFAC
:10343000FFFFFFFFFFFFFFFFFFFFFFFFFFFFFFFF9C
:10344000FFFFFFFFFFFFFFFFFFFFFFFFFFFFFFFF8C
:10345000FFFFFFFFFFFFFFFFFFFFFFFFFFFFFFFF7C
:10346000FFFFFFFFFFFFFFFFFFFFFFFFFFFFFFFF6C
:10347000FFFFFFFFFFFFFFFFFFFFFFFFFFFFFFFF5C
:10348000FFFFFFFFFFFFFFFFFFFFFFFFFFFFFFFF4C
:10349000FFFFFFFFFFFFFFFFFFFFFFFFFFFFFFFF3C
:1034A000FFFFFFFFFFFFFFFFFFFFFFFFFFFFFFFF2C
:1034B000FFFFFFFFFFFFFFFFFFFFFFFFFFFFFFFF1C
:1034C000FFFFFFFFFFFFFFFFFFFFFFFFFFFFFFFF0C
:1034D000FFFFFFFFFFFFFFFFFFFFFFFFFFFFFFFFFC
:1034E000FFFFFFFFFFFFFFFFFFFFFFFFFFFFFFFFEC
:1034F000FFFFFFFFFFFFFFFFFFFFFFFFFFFFFFFFDC
:10350000FFFFFFFFFFFFFFFFFFFFFFFFFFFFFFFFCB
:10351000FFFFFFFFFFFFFFFFFFFFFFFFFFFFFFFFBB
:10352000FFFFFFFFFFFFFFFFFFFFFFFFFFFFFFFFAB
:10353000FFFFFFFFFFFFFFFFFFFFFFFFFFFFFFFF9B
:10354000FFFFFFFFFFFFFFFFFFFFFFFFFFFFFFFF8B
:10355000FFFFFFFFFFFFFFFFFFFFFFFFFFFFFFFF7B
:10356000FFFFFFFFFFFFFFFFFFFFFFFFFFFFFFFF6B
:10357000FFFFFFFFFFFFFFFFFFFFFFFFFFFFFFFF5B
:10358000FFFFFFFFFFFFFFFFFFFFFFFFFFFFFFFF4B
:10359000FFFFFFFFFFFFFFFFFFFFFFFFFFFFFFFF3B
:1035A000FFFFFFFFFFFFFFFFFFFFFFFFFFFFFFFF2B
:1035B000FFFFFFFFFFFFFFFFFFFFFFFFFFFFFFFF1B
:1035C000FFFFFFFFFFFFFFFFFFFFFFFFFFFFFFFF0B
:1035D000FFFFFFFFFFFFFFFFFFFFFFFFFFFFFFFFFB
:1035E000FFFFFFFFFFFFFFFFFFFFFFFFFFFFFFFFEB
:1035F000FFFFFFFFFFFFFFFFFFFFFFFFFFFFFFFFDB
:10360000FFFFFFFFFFFFFFFFFFFFFFFFFFFFFFFFCA
:10361000FFFFFFFFFFFFFFFFFFFFFFFFFFFFFFFFBA
:10362000FFFFFFFFFFFFFFFFFFFFFFFFFFFFFFFFAA
:10363000FFFFFFFFFFFFFFFFFFFFFFFFFFFFFFFF9A
:10364000FFFFFFFFFFFFFFFFFFFFFFFFFFFFFFFF8A
:10365000FFFFFFFFFFFFFFFFFFFFFFFFFFFFFFFF7A
:10366000FFFFFFFFFFFFFFFFFFFFFFFFFFFFFFFF6A
:10367000FFFFFFFFFFFFFFFFFFFFFFFFFFFFFFFF5A
:10368000FFFFFFFFFFFFFFFFFFFFFFFFFFFFFFFF4A
:10369000FFFFFFFFFFFFFFFFFFFFFFFFFFFFFFFF3A
:1036A000FFFFFFFFFFFFFFFFFFFFFFFFFFFFFFFF2A
:1036B000FFFFFFFFFFFFFFFFFFFFFFFFFFFFFFFF1A
:1036C000FFFFFFFFFFFFFFFFFFFFFFFFFFFFFFFF0A
:1036D000FFFFFFFFFFFFFFFFFFFFFFFFFFFFFFFFFA
:1036E000FFFFFFFFFFFFFFFFFFFFFFFFFFFFFFFFEA
:1036F000FFFFFFFFFFFFFFFFFFFFFFFFFFFFFFFFDA
:10370000FFFFFFFFFFFFFFFFFFFFFFFFFFFFFFFFC9
:10371000FFFFFFFFFFFFFFFFFFFFFFFFFFFFFFFFB9
:10372000FFFFFFFFFFFFFFFFFFFFFFFFFFFFFFFFA9
:10373000FFFFFFFFFFFFFFFFFFFFFFFFFFFFFFFF99
:10374000FFFFFFFFFFFFFFFFFFFFFFFFFFFFFFFF89
:10375000FFFFFFFFFFFFFFFFFFFFFFFFFFFFFFFF79
:10376000FFFFFFFFFFFFFFFFFFFFFFFFFFFFFFFF69
:10377000FFFFFFFFFFFFFFFFFFFFFFFFFFFFFFFF59
:10378000FFFFFFFFFFFFFFFFFFFFFFFFFFFFFFFF49
:10379000FFFFFFFFFFFFFFFFFFFFFFFFFFFFFFFF39
:1037A000FFFFFFFFFFFFFFFFFFFFFFFFFFFFFFFF29
:1037B000FFFFFFFFFFFFFFFFFFFFFFFFFFFFFFFF19
:1037C000FFFFFFFFFFFFFFFFFFFFFFFFFFFFFFFF09
:1037D000FFFFFFFFFFFFFFFFFFFFFFFFFFFFFFFFF9
:1037E000FFFFFFFFFFFFFFFFFFFFFFFFFFFFFFFFE9
:1037F000FFFFFFFFFFFFFFFFFFFFFFFFFFFFFFFFD9
:10380000FFFFFFFFFFFFFFFFFFFFFFFFFFFFFFFFC8
:10381000FFFFFFFFFFFFFFFFFFFFFFFFFFFFFFFFB8
:10382000FFFFFFFFFFFFFFFFFFFFFFFFFFFFFFFFA8
:10383000FFFFFFFFFFFFFFFFFFFFFFFFFFFFFFFF98
:10384000FFFFFFFFFFFFFFFFFFFFFFFFFFFFFFFF88
:10385000FFFFFFFFFFFFFFFFFFFFFFFFFFFFFFFF78
:10386000FFFFFFFFFFFFFFFFFFFFFFFFFFFFFFFF68
:10387000FFFFFFFFFFFFFFFFFFFFFFFFFFFFFFFF58
:10388000FFFFFFFFFFFFFFFFFFFFFFFFFFFFFFFF48
:10389000FFFFFFFFFFFFFFFFFFFFFFFFFFFFFFFF38
:1038A000FFFFFFFFFFFFFFFFFFFFFFFFFFFFFFFF28
:1038B000FFFFFFFFFFFFFFFFFFFFFFFFFFFFFFFF18
:1038C000FFFFFFFFFFFFFFFFFFFFFFFFFFFFFFFF08
:1038D000FFFFFFFFFFFFFFFFFFFFFFFFFFFFFFFFF8
:1038E000FFFFFFFFFFFFFFFFFFFFFFFFFFFFFFFFE8
:1038F000FFFFFFFFFFFFFFFFFFFFFFFFFFFFFFFFD8
:10390000FFFFFFFFFFFFFFFFFFFFFFFFFFFFFFFFC7
:10391000FFFFFFFFFFFFFFFFFFFFFFFFFFFFFFFFB7
:10392000FFFFFFFFFFFFFFFFFFFFFFFFFFFFFFFFA7
:10393000FFFFFFFFFFFFFFFFFFFFFFFFFFFFFFFF97
:10394000FFFFFFFFFFFFFFFFFFFFFFFFFFFFFFFF87
:10395000FFFFFFFFFFFFFFFFFFFFFFFFFFFFFFFF77
:10396000FFFFFFFFFFFFFFFFFFFFFFFFFFFFFFFF67
:10397000FFFFFFFFFFFFFFFFFFFFFFFFFFFFFFFF57
:10398000FFFFFFFFFFFFFFFFFFFFFFFFFFFFFFFF47
:10399000FFFFFFFFFFFFFFFFFFFFFFFFFFFFFFFF37
:1039A000FFFFFFFFFFFFFFFFFFFFFFFFFFFFFFFF27
:1039B000FFFFFFFFFFFFFFFFFFFFFFFFFFFFFFFF17
:1039C000FFFFFFFFFFFFFFFFFFFFFFFFFFFFFFFF07
:1039D000FFFFFFFFFFFFFFFFFFFFFFFFFFFFFFFFF7
:1039E000FFFFFFFFFFFFFFFFFFFFFFFFFFFFFFFFE7
:1039F000FFFFFFFFFFFFFFFFFFFFFFFFFFFFFFFFD7
:103A0000FFFFFFFFFFFFFFFFFFFFFFFFFFFFFFFFC6
:103A1000FFFFFFFFFFFFFFFFFFFFFFFFFFFFFFFFB6
:103A2000FFFFFFFFFFFFFFFFFFFFFFFFFFFFFFFFA6
:103A3000FFFFFFFFFFFFFFFFFFFFFFFFFFFFFFFF96
:103A4000FFFFFFFFFFFFFFFFFFFFFFFFFFFFFFFF86
:103A5000FFFFFFFFFFFFFFFFFFFFFFFFFFFFFFFF76
:103A6000FFFFFFFFFFFFFFFFFFFFFFFFFFFFFFFF66
:103A7000FFFFFFFFFFFFFFFFFFFFFFFFFFFFFFFF56
:103A8000FFFFFFFFFFFFFFFFFFFFFFFFFFFFFFFF46
:103A9000FFFFFFFFFFFFFFFFFFFFFFFFFFFFFFFF36
:103AA000FFFFFFFFFFFFFFFFFFFFFFFFFFFFFFFF26
:103AB000FFFFFFFFFFFFFFFFFFFFFFFFFFFFFFFF16
:103AC000FFFFFFFFFFFFFFFFFFFFFFFFFFFFFFFF06
:103AD000FFFFFFFFFFFFFFFFFFFFFFFFFFFFFFFFF6
:103AE000FFFFFFFFFFFFFFFFFFFFFFFFFFFFFFFFE6
:103AF000FFFFFFFFFFFFFFFFFFFFFFFFFFFFFFFFD6
:103B0000FFFFFFFFFFFFFFFFFFFFFFFFFFFFFFFFC5
:103B1000FFFFFFFFFFFFFFFFFFFFFFFFFFFFFFFFB5
:103B2000FFFFFFFFFFFFFFFFFFFFFFFFFFFFFFFFA5
:103B3000FFFFFFFFFFFFFFFFFFFFFFFFFFFFFFFF95
:103B4000FFFFFFFFFFFFFFFFFFFFFFFFFFFFFFFF85
:103B5000FFFFFFFFFFFFFFFFFFFFFFFFFFFFFFFF75
:103B6000FFFFFFFFFFFFFFFFFFFFFFFFFFFFFFFF65
:103B7000FFFFFFFFFFFFFFFFFFFFFFFFFFFFFFFF55
:103B8000FFFFFFFFFFFFFFFFFFFFFFFFFFFFFFFF45
:103B9000FFFFFFFFFFFFFFFFFFFFFFFFFFFFFFFF35
:103BA000FFFFFFFFFFFFFFFFFFFFFFFFFFFFFFFF25
:103BB000FFFFFFFFFFFFFFFFFFFFFFFFFFFFFFFF15
:103BC000FFFFFFFFFFFFFFFFFFFFFFFFFFFFFFFF05
:103BD000FFFFFFFFFFFFFFFFFFFFFFFFFFFFFFFFF5
:103BE000FFFFFFFFFFFFFFFFFFFFFFFFFFFFFFFFE5
:103BF000FFFFFFFFFFFFFFFFFFFFFFFFFFFFFFFFD5
:103C0000FFFFFFFFFFFFFFFFFFFFFFFFFFFFFFFFC4
:103C1000FFFFFFFFFFFFFFFFFFFFFFFFFFFFFFFFB4
:103C2000FFFFFFFFFFFFFFFFFFFFFFFFFFFFFFFFA4
:103C3000FFFFFFFFFFFFFFFFFFFFFFFFFFFFFFFF94
:103C4000FFFFFFFFFFFFFFFFFFFFFFFFFFFFFFFF84
:103C5000FFFFFFFFFFFFFFFFFFFFFFFFFFFFFFFF74
:103C6000FFFFFFFFFFFFFFFFFFFFFFFFFFFFFFFF64
:103C7000FFFFFFFFFFFFFFFFFFFFFFFFFFFFFFFF54
:103C8000FFFFFFFFFFFFFFFFFFFFFFFFFFFFFFFF44
:103C9000FFFFFFFFFFFFFFFFFFFFFFFFFFFFFFFF34
:103CA000FFFFFFFFFFFFFFFFFFFFFFFFFFFFFFFF24
:103CB000FFFFFFFFFFFFFFFFFFFFFFFFFFFFFFFF14
:103CC000FFFFFFFFFFFFFFFFFFFFFFFFFFFFFFFF04
:103CD000FFFFFFFFFFFFFFFFFFFFFFFFFFFFFFFFF4
:103CE000FFFFFFFFFFFFFFFFFFFFFFFFFFFFFFFFE4
:103CF000FFFFFFFFFFFFFFFFFFFFFFFFFFFFFFFFD4
:103D0000FFFFFFFFFFFFFFFFFFFFFFFFFFFFFFFFC3
:103D1000FFFFFFFFFFFFFFFFFFFFFFFFFFFFFFFFB3
:103D2000FFFFFFFFFFFFFFFFFFFFFFFFFFFFFFFFA3
:103D3000FFFFFFFFFFFFFFFFFFFFFFFFFFFFFFFF93
:103D4000FFFFFFFFFFFFFFFFFFFFFFFFFFFFFFFF83
:103D5000FFFFFFFFFFFFFFFFFFFFFFFFFFFFFFFF73
:103D6000FFFFFFFFFFFFFFFFFFFFFFFFFFFFFFFF63
:103D7000FFFFFFFFFFFFFFFFFFFFFFFFFFFFFFFF53
:103D8000FFFFFFFFFFFFFFFFFFFFFFFFFFFFFFFF43
:103D9000FFFFFFFFFFFFFFFFFFFFFFFFFFFFFFFF33
:103DA000FC4651CF805081002E17ECFEEBD83CA78B
:103DB000EF742E77026F3C07EF768047503E7FB856
:103DC000A81F3C07EF75A8199C3F540001F8EA288A
:103DD0002E07ECFF4200A473380401118420B603BF
:103DE000801F15FE7FF7DD423C63F682C6058EC15B
:103DF0003C6BF68284C13C03F681C009EB3D842113
:103E0000DD493C03F6818E013C0BF6812E07ECFF69
:103E10005014FFFFEBEC2E07ECFE141E7FEC140E8B
:103E20007FF240050408EB2F40048408140E7FED58
:103E300052150000840083C8140E7FF6804080A0D5
:103E4000141E7FF0D758815E8480548200FFE309FE
:103E5000E84B2A150001E041806140313C1B804362
:103E6000043E7FF6E061E807145E7FF2148E7FF176
:103E7000141E7FF681E14E14000452F08000043ECF
:103E80007FEFE06FE809043E7FF738F1900050F7CC
:103E9000800138F19008043E7FEC4C4180244E8232
:103EA00000222235000022857FFE143E7FF4043E6E
:103EB0007FF34080A001E068E809043E7FF440F011
:103EC0008C01043E7FF3E06FE90B043E7FF0E103D9
:103ED000E809811CB2748A23B270E023E8038C01E4
:103EE00096018C81D5B3041E7FED8CA1976841EFBC
:103EF0000400D5A9001E7FC43E17ECFF001E7FC83A
:103F00003E17ECFE957A8425405284B68420044EF8
:103F10007FF700AE7FDC810187C140F2280154F7B2
:103F200080FF40F7A406E80D08F20001E0AFE806C4
:103F30008C2111E27FFF9648D5F110827FFFD5EEEC
:103F4000404384098887E004E90644000E103C0BD6
:103F5000F682D5322E400ED4CC02C614044E7FF524
:103F6000FF229521E044E80E3C47F6849B144E4422
:103F70000003FF22043E7FF552530004FF5CE0A4DF
:103F8000E91B5A18021640548409041E7FF740406A
:103F9000A8019720E285E80C08408001C4F9043E9E
:103FA0007FF74044840138420D00C4F2D505C6367F
:103FB0008CE3E0E0E81A84013C13F6843C1BF680B5
:103FC000021E7FEC3C2BF6843C1BF683C0293C137D
:103FD000F6818C25804196495CF0812DE9034420CF
:103FE000012C3C2BF681D51C3CF7F6835EF782EF63
:103FF000E906040E7FEE5EF07F92E9DE5EF17A2440
:104000008400E8DB3C07F6809A104E040003FE02B1
:10401000441005DC40008007D5D08006D5CEEB0AE1
:10402000FCC0FC00EAE15A000111C0045A00031070
:10403000FC80DD45963EC00484008421D5038400C5
:10404000802049FFCA7CFC80FA06D502FA07DD46CB
:104050005A0001F7FC80FC4980E1509F801C8009D8
:1040600081428420FA5C8105F38580C4DD42A43856
:1040700040502001962BF0814E0700AB0083800357
:104080004402055401C3800238002101804AF082B5
:1040900044020514EBE83800710184A0F083460067
:1040A0007FFFDD41F08440112801F0059648E220B1
:1040B000E8480841000183C6DD5D43E20073001F4C
:1040C000002B5A1801F238149202C9EEF302041FB1
:1040D0000001F0039A59043F00029AC3FEDC42300B
:1040E0008473001F002640140401964A4E140003F6
:1040F000FE4A00FF002740FE3C0140F780104EF4CE
:10410000000452F78000882F52F080024EF700071B
:10411000401784084031840DD5048E229449EBED7C
:1041200085E1C308F004E20346007FFFDD41EA8930
:1041300081E0F00440303C773834920A88A3D5B44B
:10414000C54784602E87028050230010802351CF02
:10415000801C54A180FFE348E827380E0E02C020DF
:10416000F40104F10000FE24F4024000141605E1FD
:104170007FFDFF04409780004247F8734042249639
:1041800014417FFDF40305E17FFEFE24420F3C73E2
:104190008C21EAEB964814017FFEB722808A8C615D
:1041A00050210044D5D75A180114DD5D42620073D6
:1041B000EAF5F11A8C0110030029A63BA6BA880182
:1041C000EBD3EA5F0013002458108020AE40FCC9F6
:1041D000FC458140440125D8B1C6F281F382EB252C
:1041E0003A2394208460812180C345C22BC8448235
:1041F0002A5038238C0000050003F3858840983B43
:104200009690A70100050002F28488809720800222
:104210008024F483EA9CF403F204F305C028885C4C
:10422000EA2C42220073A6105A002F2254100020BC
:10423000C11EF102961FC90F8029544480FF9B4C78
:104240009768D61108508001D0129A8C9690E2C2DD
:10425000E8F7D50DE60BE80B380400005A00FF081C
:10426000F101EA46380498088CC197B08C625A383C
:1042700010C28006FCC53A0F943C3A6FAABC51FFAD
:10428000FD84507F8298B6079619A879A8BAF08560
:104290008420844BB00E4061C009A8FBA93CA97DD5
:1042A000DD44B00EEA8A844BDD42B02684204420EF
:1042B00001E0DD42B01784204420003CDD42000FC5
:1042C00082A984E0F089F005F783E2C0EBACF688C0
:1042D00044922A5080C7040F80AEA600E2C0E86571
:1042E000041F80AE94324080800050040002B04C25
:1042F000B08E846049FFFF6E854045C21024148F44
:1043000080024CA0005050150001548080FF80A80E
:1043100045E00044D045B04CB08C3810A80038318E
:1043200014003844840038248C005A40FF375A2047
:10433000FF3581FC42F278732247801181FC42F103
:104340007873F20222F7801122210001C40EE80DD9
:1043500044700064FEBC4041109640213C56E0444D
:10436000E80397E0D50297D0F203E654E81604FF7D
:1043700080038443B117424788738044E2238083DB
:104380004040BC1BE2614011BC1AAE51F103AF10BA
:104390008C219648AFD2F1838CA19768D5BC814817
:1043A000D5B18CC197B0D5983C03F6572E100610A6
:1043B000E220EA78F0862E07EC8DF087E805DD45EF
:1043C00054000220C004EAF05A0801198420800138
:1043D000EB1C44421024F5069688E245E80C804424
:1043E00042208C7300510038F207DA038C019600EA
:1043F0008C21D5F28421E220D50285E04610089573
:1044000014FF80028780440210285010843F83DC10
:104410009E84EB1CF18BF406541E00FFE224F18411
:104420004EF200EAB04E004F8010384E0408F104FE
:104430009D49F10697684C5080D90040002A5A40A7
:10444000FF1A802242128C730060802E5A60FF1384
:10445000EAC4EA6D427204730073811B5A78020B3E
:10446000EA6D427304730013811B5A18020448005A
:1044700000BA5CFF00144EF200B680C242628C7338
:10448000A041A1F29BCF4E740003FFFAEBD94490F8
:1044900000444262A473A042A1B39B8E4E64000309
:1044A000FFB2FFB4F10B42639C73E026E812F10205
:1044B0005A1001044800009700100034F7074C130D
:1044C000C092802242128C73001080384C13C08B33
:1044D000FA28B1E6427F047380278122007F801092
:1044E00042928C731070801050748004A9C9A98AFC
:1044F00010508011B601B1D784C050948020F18A49
:10450000F1034C60801B20800024A6784C80C012F0
:1045100020848008A6794C80C00DF10A508080105C
:10452000A67A00A40003E22A40A0BC1A10A400034B
:104530008CC197B08CE3D5E5802242128C735A402F
:10454000FF2AEBAE5A10FF25EB51EA6D4272187349
:1045500050938110EA6D42709873507381100084FB
:10456000800B00A3800BFAC8E348E908E30AE90AD4
:1045700002948002A5FAE327E905B066421F18738A
:10458000D518B126424F187310120012D514FA280C
:10459000D5060040802EFA285A40FF07B1A6426F88
:1045A00004738026D506B126424F04738024849F6D
:1045B00010408012FA28B1E6427F04735043801005
:1045C000A6625A10FF0CEB51049F80AD4290987385
:1045D000B429A87B00148014AE64501F000155E07C
:1045E00080FF8CA148FFFF2751CE000150000044FE
:1045F00048FFFF1351CF8098801C84E04C7F00332C
:104600008CE197F881274C9F002CFA48B066421441
:104610008873A0C2A08AE043E81EB19181E08106C0
:104620003A2794043A2414243A278C0081413A24EE
:104630000C2080C03A2514043A2314243A250C0097
:104640003A278C20B09180C2EAFBEB5F3A240C0041
:104650003A250C2050148001549080FFD5D58C1839
:10466000D5CEF005B0668C0AFE04F086F0054482D3
:104670001024FE04F085F008FE04F084FA084213CA
:104680008073F187F0074DC002973C73F142F1054A
:10469000F006547380A040009C1A80E0000E0011C8
:1046A000B04E38908000000E0010386080004C93AF
:1046B000027F000E00125A00FF3CEAC404AF80AD36
:1046C00042A00473502500CCB55C8002802AF2839E
:1046D000EAC3F203C02DBC0180028024F483EAC344
:1046E000F403C026A024041500044430007D882073
:1046F000B803EA4CFEC440F189F6E02FE8074430E5
:10470000004BFE1CEA91E001E912000200290015AD
:104710000029002E0014882044000096EA65FE144B
:10472000EABFE001F00440703C1AD502F704E3262A
:104730008146DD4E40A4BC1BE2C9FFC44064BC1BE3
:10474000DD5D8028EA850020802E5A28FF0CDD5D83
:104750008028EA850000802E5A00FF12852080897B
:10476000D51BEA56EA38EB2900000161C8F10000C8
:10477000802AEB970010800BEA35C8EADD5D8028BF
:10478000EA85EBAE85205A10FF07EA80EA38EAB9DD
:104790000290008A8481DD5D8028EB050020802E58
:1047A0005A28FF0BDD5D8028EB050000802E5A00A3
:1047B000FF138400D51EEA56EA38EB290000016198
:1047C000C8F20000802AEB97F4830010800BEA35D2
:1047D000F403C8E9DD5D8028EB05EBAE84005A10D8
:1047E000FF07EA80EA38EAB90200008A9C6197096B
:1047F000EAAA802842150873EBAE5A18FF098068B0
:10480000423308730021802E5A20FF184004800193
:1048100096035EF07FFCE903E405E90F5A48020EB7
:10482000B802E0074EF301EB000E00135CF0005BF2
:104830004EF201E54800007DDD5D804842230073B3
:104840000021002E5A20FF055A18FF64D5035A1084
:10485000FF61443210244235007344421024424325
:1048600000732231801122020011955A848540F292
:1048700091F6E00FE906940240F011F6E06FE819B6
:10488000DD5D8068808842330073424500730051CB
:10489000803800020038D80D000F82AB003E0013B4
:1048A0008C14E003E806DD4554000222EA6AD502D2
:1048B00084005A20FF055A10FF05D52C5A10FF2BF3
:1048C000002E00125A20FF27EA56EB0E42110C73FD
:1048D0000020811A5A28011F0010814C5A18021B0F
:1048E000EB78C918B45CB90100510026001080268D
:1048F000D911441000448048806842230473423533
:1049000004730051003800118038D9044800017741
:104910008400B902E0274EF30172001E0013F20971
:10492000E2414EF3016CF1025A180172D507F00210
:104930005A0001044800013C8400001E0010B08EA3
:10494000EB1C38410400804842220C730011002EF9
:104950005A10FF2C005E00132E600612E2C5E825F7
:10496000005E0011B18E3853140022610011FA412B
:10497000FEB4FAC440F119F6804842228C73223109
:104980000011E06FE812EBE79D49EB5180E34272C2
:104990009873A77D5A58010A423098730211808B90
:1049A000C1360011002ED531002E0011B0CE80A8E6
:1049B00038218800EB1C42510C730022802E5A20B3
:1049C000FF27006E00132E700612E2E6E820226236
:1049D0008011FAA1FF74FAC440F299F680A84252FD
:1049E0000C7322328011E06FE812EBB99CD1445075
:1049F000013880C442619473A6F55A3801094241D6
:104A000014730222008BC2035A10FF065A000104DD
:104A1000480000CE000E0010B04EB08EEA46001ED8
:104A20000011386104008048E20680E640703C1BBB
:104A3000E2C0EBACDD5D4223007350210028A6D616
:104A40005A30FF448028421380735010802800A001
:104A5000800680A75AA0FF3DEBB9DD548124429126
:104A6000807380694205002400F4811B50948110FA
:104A700088805AF8011F00A2011B500201105AA899
:104A8000011102948002A402E209E919E320E90974
:104A900022F18093229200938402E12FE803D51043
:104AA00084021001811C841F80E6AE1680C5D510DB
:104AB0000002011B5A0001044800007A840210021F
:104AC000011C841FAE0ED504800780E680C0449090
:104AD00000448008EA7E50A00028842010150007BA
:104AE000A04505E00002F18380284213247350F0B2
:104AF0008010F30304278001F503991AA0CA144714
:104B00008001FED44232F87340319076A8CA50300A
:104B10008008A15905E00003FEACF5038C04422295
:104B2000F8734021105650408028A899A6E500252A
:104B300000058C248843AEA5A6E400250004F48378
:104B40008843AEA4804149FF8F0C00050006F403A2
:104B50005A00FF04AE26D504A6261005000644120E
:104B60001024EBFC42032473EAB7224000112220F8
:104B7000801150300018E082E80B0040802AEB974B
:104B80001040002A0010800BAC9D1010002BB08E3E
:104B90002E37EDBC80029A429648E223E8080810BE
:104BA00000014C70FFFA10607FFFD5F651CE00185F
:104BB00048FFFD6A84C044922BC8040F80AEA60053
:104BC000E2C0E824040F80AE95F288E08CE2B04C9D
:104BD000B08E8461800749FFFAFDF0823C57F0F700
:104BE000B73F040F80AF8027B08CF30244421028F7
:104BF0008CC149FFFA3297B0D5E1F0025A000104A6
:104C000048FFFF0AF00248FFFE9A51FF827C3A6F8C
:104C1000AA84EC18DD9EFC4EF085440125E8F18362
:104C2000B05281023A201404EB5FA400AC084E831A
:104C3000000FEB013C0002FCE201EB4596C33C0097
:104C400002FDE220EAEE960BEA8FD5103C3002FE20
:104C5000EA713C1002FFE26040303C1AE201401071
:104C60003C1B960B96DB2E27026F8E419690C20658
:104C70008A03EA919603F082D502F282EBD9F2031D
:104C8000DD5D802642110073F184EA408E02F087D8
:104C9000F0044C6001480003002F4E020140A03593
:104CA0004E07013D3C03F67C9606C00A0003002B2C
:104CB000E6024EF30134F107E0014EF201304E837B
:104CC000000E0003002A8421EA354E0301280093D8
:104CD000002A0073002B8402D54384010013002BAB
:104CE000D5F4B012F48B38207000881C40312400B9
:104CF00000A0000196D840551C00976880038025CD
:104D0000F28AF389F588EA9CF508F309F20AF40BB4
:104D1000C83551CE00025BC812E6B0D78440B04F10
:104D20008400385181114E83004038A08A0288AA3D
:104D300038508A0A8C015A0803F68C418C665A282E
:104D400003F1F0035A080148F00FF210E040E93295
:104D5000F311E043E92FF0015A00013E8401F08194
:104D60008420B00F844CDD42B0178420FA42DD422B
:104D70008780EA2C809CF086D5B5F006423280739D
:104D8000F00538100D114E1500048881D5028420DD
:104D9000EAD58C4196C09690840342310073B017D7
:104DA00038100D09D5B738A0820288AA3850820A77
:104DB000D5C2F211E0404E830009E8045004FFFF21
:104DC000D502EA5CEA50D5C8E8038EE1D5028CE151
:104DD00097F8D5C204A300053C27F0F4DD4EFE246D
:104DE00042F50824E00F4EF3009AE08AE8084000FC
:104DF000281641C0080152A00064D5038540878170
:104E0000B401A089E040E802A809B08FA0D2A05167
:104E1000E023E802A8D1A1118803DD533C37F0F666
:104E2000FE0C946142508C24E0A0E9183C57F0F548
:104E300042F09424E00FE914401004369B4D843E68
:104E4000FF0CEB9E88604211A82442FE1424E02F40
:104E500040A2BC1B41C1BC1BD50385418780846037
:104E6000B10DB00F38000E024E060006B04F84019F
:104E700038008E0A38010E028428F488F286F38105
:104E800049FF90CBF301F408F20638020D098C615A
:104E90005A3803E9A42122120002222200009401C0
:104EA0008A018A029603C0088A22F2029401FE5403
:104EB000400080169603402E28004E83001A4412AC
:104EC00005543810A5018801A0724215042442102F
:104ED000707340A089564EA500083C238134E04AF7
:104EE00040A13C1BD502814814A30002D5174412EF
:104EF000051438109D018801A07342150424421046
:104F0000707340A089564EA50007EA71E00A40A0E0
:104F10003C1BD502854014A300035063004448FFA6
:104F2000FEB9FCCEFC01EBD98440A670F08149FFAC
:104F3000FE74F001A670844149FFFE6FFC810420DD
:104F4000004AB4A1969F5A28012FFC002E67F0B1A9
:104F50008085A0895A6001100030012ECB0495296C
:104F60009491D516846240528CB640310C76B6A12D
:104F7000A8C9D50ECB0B846E848AFF5CFE9C405280
:104F800090B640211056B6A1A889B481A0892210FC
:104F900000148881221000158380BCB48841BAB502
:104FA0008401FC80CD03A089C20F223000140420AC
:104FB00000348A43B64122200015040000358A02DD
:104FC000A8098400DD9EB641A889D5FC3A2F943CFF
:104FD0003A6FAABCEFF4F70FB00B3A301420A77861
:104FE0004E5200AFB541049080014EA4000380836F
:104FF0004E95000505C00003D50305C000024FC251
:105000000003CC038403D50C80A44E440003FF624C
:10501000801C4FC40004520E0000D0038402AE383E
:10502000A63881015A080326800A4EA400045205BE
:105030000000E080E9048400B608D50884014EA48D
:105040000003841F42A20075B74880094E940004F3
:105050005204800040FE0007E9038400D56F8401FC
:105060004E940003841F429E007514940001D5687D
:105070005A00020480C2D531421E28244E14000377
:10508000FE4A422224244E240003FE9284C0500390
:10509000000F4030800DC3048CC197B0D5F940019A
:1050A000000DC8FB4010980D4021180D42008424CB
:1050B000EB9AF481EAB84060180CC6424204A4247A
:1050C00042052873EAB8F40142427024FE2440608D
:1050D00018D74E640003FFB28008EA23E0C0E90459
:1050E0008400B608D52B4030040A8043B4284225FA
:1050F0001873EBCC9A8A423498738088A06140017F
:1051000080169A08A678B648A8215A18011A501194
:105110000009E633E8048420B628D5074E270004AA
:105120008E4AD5028C4AB64850100009E633E996FB
:105130004E0700048E0AD5028C0A14040001EC0C00
:105140003A6FAA84EC10DD9EFC20A141B4C022413C
:105150000014220100154272942442731873FE4C0D
:10516000124100081201000988868805E0E19723B2
:105170009603E815E083E8034E650012EB018A23ED
:10518000E081E9034E66000CE003E8034E55000899
:10519000EBEB9ACBE003E9074E57000612410008FB
:1051A00012010009FCA0FC5380E144112604F08D9B
:1051B000B02281428103F497EA7DEA4A8400F09E9E
:1051C000F09FA53BEAC5A4FCF08AF10AEA71F08BD6
:1051D00022050000F085020500019A089603F0867A
:1051E00022040000F10BF087020400019A089603E4
:1051F000F088EAAEC0123C20077E3C0007810053D5
:10520000800F9A1096410003800E8805400080169A
:10521000422014753C28078042021024F09342017A
:105220008C24F094F00A85209201F095F00B149FE5
:1052300080099201F096EAC5F08EEA71F08FF00EC7
:105240009202F098F00F9202F0902E07E274E320A1
:105250004EF203ACDD54F60D42648073EA244E0234
:1052600003A1000301314E03039D0003800EF09162
:105270000003800FF092EB19E6024EF2008F02233A
:105280000070E6424EF3008AE6443C33813400432A
:1052900000CE000300CFEBEB4EF20080225300065D
:1052A000222500004C22807A222500019A9AD2758C
:1052B00022530007222400004C2280702224000187
:1052C0009A8AD26B2E27F107CA048A04E409E8659A
:1052D00022030004402188098A60224300054E34DD
:1052E0000003FEDA96DBE043E80E403088098A24AA
:1052F0004E140003FE4A964BE061E805E040E803E7
:10530000E064E94B22530010223300119A45844394
:105310008A83FE548402FEA4EA62EBCCF1A0F2A1DF
:10532000C902C23BB020F29BF19AF399F58CEA23B3
:105330005EF00168F50CF319F11AF21BE92E878073
:105340009A699A9A15CF8000801CB0E050430018EB
:105350005053003049FF904BF1203C1FFA77F12168
:105360003C1FFA78C01AEA245A0004188401120378
:105370000071100301308422800949FF93363C17E5
:10538000F4EE3C07F4F012130008EAB2AC76AC3746
:1053900011C3012A48000306021300715A18014F75
:1053A0000003012A5A080132F0175A08012F44025B
:1053B0000C3CF10AF20B49FF90E75A0801273C1D0B
:1053C000FA76220300073C2DFA75223300068A0183
:1053D0008A62FE0442018C73F313E003E816F314AF
:1053E000E003E80412230008D50C220300088840DB
:1053F0008402EBCC12230008222300098822EA62EF
:1054000012130009480002CE000301294E0202CA0D
:10541000EA245A080304480002B8EBC35A080204FD
:10542000480002B32E07ED304E0302AF0203007EA8
:10543000EBC80203007F480002B4E6224EF302B23A
:10544000B4A6B407E005E8042E07E232D505000350
:105450000105C0048E0110030105A136844240F20B
:1054600009F6E0AFE80CDD45EA6CC0070403001262
:1054700040F009F6E08FE8288403D524840785E806
:10548000FE24EABFE005E91DEB41C8038401D51AFB
:105490000433000C44200031FED445C0004040F1EC
:1054A000F1F6E0AFE80EEAB554318200C3080433E8
:1054B0000012FE9C40F171F6E08FE8068C01D502E7
:1054C0008400100301060003010584400033012A13
:1054D000400100061003012B3E27EC975A3801606B
:1054E000003300E75A38025C443241983821A60A5A
:1054F0004432418C3821A4085A08011E5A10021265
:10550000EB41E602E90EDD57DD5554100010840A28
:10551000C1043C13F0A8D502A47AFE0C480000CFC9
:10552000DD59840AEA95C1042E17E1DBD5F7001393
:105530008014D5F45A180204480000C32E37F1E253
:105540000003801BEA4CFE54FE1CE020E806DD57F9
:10555000DD5596264E0200B5EA270013012CEAFF1E
:10556000EA2696A65A18010FC2042E17E152EAA2A3
:10557000DD59EA95C1042E17E1D8EAA20013801183
:10558000EAA2C2042E17E153EAA2DD59EA95C1044A
:105590002E17E1D7EAA200138010EAA2E626E93529
:1055A0005A080134EB41E603E804EA245A08032EC2
:1055B000220300142213002022F300219A41220327
:1055C00000158A0FFE044200847344109C3FE020C3
:1055D000E91CDD45EA6CC80ADD57DD5554100010A2
:1055E000840AC10C3C13F0A8D50A8009EA5E5A0867
:1055F00001F5EB41E603E8F1D563A47AFE0C120352
:1056000000788401F089D55CEA245A080314DD5738
:10561000DD559626C005EAFF2E17E154D54CDD591D
:10562000EAFFEA95C1042E17E1DAD545001380138D
:10563000D54222530014F105D109F106D1072253B6
:105640000015F007D003F008D81ADD57DD5596266F
:10565000C0082E17E1558403FE449021EAFFD50DC2
:10566000DD59EAFFEA95C1042E27E1D9D5030023CD
:1056700080128423FE5490219648D51DDD57DD55B8
:105680009626C00703C30078F00D2E17E155D50DFF
:10569000DD5903C30078EA95C105801C2E17E1D9B6
:1056A000D50AF00D00138012804949FF8F7BF08CE2
:1056B000F10C801C844A49FF8F3F1203007884015B
:1056C000100F8077F00903C30078C834EA245A0029
:1056D000033222430014F106F0089A8CF10515CF2D
:1056E00080229A61E022EB202223001597499AC27A
:1056F000F00715CF80239A10E003EA89403E08089E
:10570000E0A315CF802415CF8025E809F51596492B
:10571000E0859222E803F1A2D502F1A39641E023AD
:10572000E809F1169601E0419202E803F0A4D502DF
:10573000F0A52213001404030034225300158A013B
:10574000F09E040300358A05F09F0003012EC0047B
:10575000EA245A08020D84001003012E22030006D9
:105760008A01F09E220300078A05F09FEA245A0866
:105770000208EBC35A00020584001003012E000347
:10578000012E4E0300B2EB5DE6034EF300860023CC
:1057900000E85A28010448000080E605E8048E016C
:1057A0009601D5028404023300723C23EF51F08C41
:1057B000E262E972222500004C20806F2225000160
:1057C000F30E9A9A4C110069222400004C22806545
:1057D00022240001F30F9A9AD25F22430010F20EA6
:1057E000223300118A4403EF80304E240003FE92DE
:1057F000969340FF0807E80FF20F8A434E240003F8
:10580000FE92F0109693E002E80640FF1007E803CE
:10581000E003E942F21ECA03F21FC23EF00CFA484E
:1058200081E642F0087323E780088E018A3EEA622F
:1058300022278009C9058AA2405280B6C52D2217A9
:105840008004222780059A619A9AEA62EBCC9449F7
:105850009491F1A0F2A1C902C21FB020F29BF19A6B
:10586000F399F48CEA233C53EF52E005E915EBC3BE
:10587000F40CF3198E02F11AF21BE60114FF8000FA
:10588000882488438401B0DE504300185053003010
:1058900049FF8DADC829502F8077F2814420003216
:1058A000F283F225B062B65FF682000380133A30CD
:1058B0009400805CB05E49FFFB8B000300E85A084F
:1058C000010C000F80775A000308B01EF111F2128C
:1058D00049FF8E21D512EA245A0803108006B05ED3
:1058E000EBFA8460D50884011003012EB05E8006B7
:1058F000EBFA846149FFFB25B01E00138018804637
:10590000EB2649FFFC2322030008F105E001E9062C
:10591000F106E00140103C1BD502F105220300090D
:10592000F20712130008E002E907F208E002402043
:105930003C1B8002D502F0070023012AEAB25A2854
:1059400001313C0FFA76F01E3C1FFA75C803F01FB8
:10595000C02884001003012A440FFF9C2213007EFC
:105960003C0FFA753C0FFA76220300048A01F09E80
:105970002213007F220300058A01F09FB01EEA2354
:1059800012030072D50EEA245A08030CEBC35A0026
:105990000209021300140203001512130008EAB2F0
:1059A000EA5CEA5048FFFC53FCD3FC0049FFD9D520
:1059B00049FFD95E4900003B49FFD56B49FFD580BF
:1059C00049FFD5B849FFC43649FFB660840149FF95
:1059D000D59849FFD5EB49FFD4B249FFC5E049FF4F
:1059E000C60249FFC60449FFD396840149FFB41B90
:1059F000840149FF9C67840049FF9C82840049FF21
:105A0000AEBA840049FFAE3E840049FF9CF7840093
:105A100049FF9CF549FF9C9049FF9C9949FF9CBF19
:105A200049FF9CC749FFAE69FC80FC00840149FF27
:105A3000B5A149FFB4E449FFB51049FFB52484017D
:105A400049FFB59849FFB5A849FFB5B149FFB5BAB7
:105A5000840A49FFB5BD840049FFA50D49FF9D504B
:105A600049FFB605840149FFB5DD49FFA90249FF99
:105A7000B830FC80FFFFFFFFFFFFFFFFFFFFFFFFCE
:105A8000FFFFFFFFFFFFFFFFFFFFFFFFFFFFFFFF26
:105A9000FFFFFFFFFFFFFFFFFFFFFFFFFFFFFFFF16
:105AA000FFFFFFFFFFFFFFFFFFFFFFFFFFFFFFFF06
:105AB000FFFFFFFFFFFFFFFFFFFFFFFFFFFFFFFFF6
:105AC000FFFFFFFFFFFFFFFFFFFFFFFFFFFFFFFFE6
:105AD000FFFFFFFFFFFFFFFFFFFFFFFFFFFFFFFFD6
:105AE000FFFFFFFFFFFFFFFFFFFFFFFFFFFFFFFFC6
:105AF000FFFFFFFFFFFFFFFFFFFFFFFFFFFFFFFFB6
:105B0000FFFFFFFFFFFFFFFFFFFFFFFFFFFFFFFFA5
:105B1000FFFFFFFFFFFFFFFFFFFFFFFFFFFFFFFF95
:105B2000FFFFFFFFFFFFFFFFFFFFFFFFFFFFFFFF85
:105B3000FFFFFFFFFFFFFFFFFFFFFFFFFFFFFFFF75
:105B4000FFFFFFFFFFFFFFFFFFFFFFFFFFFFFFFF65
:105B5000FFFFFFFFFFFFFFFFFFFFFFFFFFFFFFFF55
:105B6000FFFFFFFFFFFFFFFFFFFFFFFFFFFFFFFF45
:105B7000FFFFFFFFFFFFFFFFFFFFFFFFFFFFFFFF35
:105B8000FFFFFFFFFFFFFFFFFFFFFFFFFFFFFFFF25
:105B9000FFFFFFFFFFFFFFFFFFFFFFFFFFFFFFFF15
:105BA000FFFFFFFFFFFFFFFFFFFFFFFFFFFFFFFF05
:105BB000FFFFFFFFFFFFFFFFFFFFFFFFFFFFFFFFF5
:105BC000FFFFFFFFFFFFFFFFFFFFFFFFFFFFFFFFE5
:105BD000FFFFFFFFFFFFFFFFFFFFFFFFFFFFFFFFD5
:105BE000FFFFFFFFFFFFFFFFFFFFFFFFFFFFFFFFC5
:105BF000FFFFFFFFFFFFFFFFFFFFFFFFFFFFFFFFB5
:105C0000FFFFFFFFFFFFFFFFFFFFFFFFFFFFFFFFA4
:105C1000FFFFFFFFFFFFFFFFFFFFFFFFFFFFFFFF94
:105C2000FFFFFFFFFFFFFFFFFFFFFFFFFFFFFFFF84
:105C3000FFFFFFFFFFFFFFFFFFFFFFFFFFFFFFFF74
:105C4000FFFFFFFFFFFFFFFFFFFFFFFFFFFFFFFF64
:105C5000FFFFFFFFFFFFFFFFFFFFFFFFFFFFFFFF54
:105C6000FFFFFFFFFFFFFFFFFFFFFFFFFFFFFFFF44
:105C7000FFFFFFFFFFFFFFFFFFFFFFFFFFFFFFFF34
:105C8000FFFFFFFFFFFFFFFFFFFFFFFFFFFFFFFF24
:105C9000FFFFFFFFFFFFFFFFFFFFFFFFFFFFFFFF14
:105CA000FFFFFFFFFFFFFFFFFFFFFFFFFFFFFFFF04
:105CB000FFFFFFFFFFFFFFFFFFFFFFFFFFFFFFFFF4
:105CC000FFFFFFFFFFFFFFFFFFFFFFFFFFFFFFFFE4
:105CD000FFFFFFFFFFFFFFFFFFFFFFFFFFFFFFFFD4
:105CE000FFFFFFFFFFFFFFFFFFFFFFFFFFFFFFFFC4
:105CF000FFFFFFFFFFFFFFFFFFFFFFFFFFFFFFFFB4
:105D0000FFFFFFFFFFFFFFFFFFFFFFFFFFFFFFFFA3
:105D1000FFFFFFFFFFFFFFFFFFFFFFFFFFFFFFFF93
:105D2000FFFFFFFFFFFFFFFFFFFFFFFFFFFFFFFF83
:105D3000FFFFFFFFFFFFFFFFFFFFFFFFFFFFFFFF73
:105D4000FFFFFFFFFFFFFFFFFFFFFFFFFFFFFFFF63
:105D5000FFFFFFFFFFFFFFFFFFFFFFFFFFFFFFFF53
:105D6000FFFFFFFFFFFFFFFFFFFFFFFFFFFFFFFF43
:105D7000FFFFFFFFFFFFFFFFFFFFFFFFFFFFFFFF33
:105D8000FFFFFFFFFFFFFFFFFFFFFFFFFFFFFFFF23
:105D9000FFFFFFFFFFFFFFFFFFFFFFFFFFFFFFFF13
:105DA000494C01010000FFFFFFFFFFFFFFFFFFFF66
:105DB000EBF95BF900000000FF07FF07121220203B
:105DC000400BA019A03D0100A03D0100745A010044
:105DD00000C00200F4C802002401000024010000F9
:105DE00084A804000200091F0200091F5AA58400AC
:105DF00002000800020200000506000099DA31AC3A
:1060000048003A48480038364800385C4800388232
:10601000480038A8480038CE480038F44800391AFB
:1060200048003940480039AE480039B0480039B21C
:10603000480039B4480039B6480039B8480039BA80
:10604000480039BC480039BE480039C0480039C250
:10605000480039C4480039C6480039C8480039CA20
:10606000480039CC480039CE480039D0480039D2F0
:10607000480039D4480039D6480039D8480039DAC0
:10608000480039DC480039DE480039E0480039E38F
:10609000480039E6480039E9480039EC480039EF52
:1060A000480039F25E7500008275000084750000BA
:1060B000A2750000C6750000C87500002E760000AD
:1060C00030760000387600003A7600003C7600001A
:1060D00076760000787600008076000088760000F2
:1060E00090760000CA76000068770000E87700002C
:1060F000EA770000EC770000EE770000F077000010
:10610000F2770000F477000026780000467800005F
:10611000487800004A7800009A7800009C780000D7
:10612000DA780000FC4351CF803880E22E36724E80
:106130002E86724F402404088C48542103F841FFF6
:106140008801809F5A1801243C9339334E920022D3
:1061500084C03C23393241E3840852A1000080A668
:106160004221207354F280FF40F7A00688CAE8114C
:1061700040F1180040F7A1F652F783E842FF3C24B3
:1061800040F7A5F638F215098CA1D5EDC1028500BE
:106190009499142E7FF7812084409610E2084EF2E5
:1061A000007D5A180104387209013C53FCDC974EFB
:1061B0009769C5172FE7F29684A054A280FFE35E8B
:1061C000E80C8CA140A28408446200E0894600A546
:1061D0007FFF4CA07FF4D55B84A044007FFFD503F4
:1061E00044007FFF97A8E2C3E809386495118CA1A9
:1061F000E00640603C1B8006D5F684A080C5814542
:10620000880754F280FF40F78C06E80C39E49511BA
:1062100040FF0007E8058D4188DE54A500FF8CA1F2
:10622000D5F14EA20035141E7FF3144E7FF4143EB8
:106230007FF5142E7FF6DD44042E7FF6043E7FF5B5
:10624000044E7FF4041E7FF35A08010B406328D6E6
:106250004E650012E0E64063BC1B97B3D50D40A32A
:106260002956FFBAE146E905E0EA80CA4063BC1B53
:1062700097B3D50284C0800984A0D30902A000008E
:106280008CA18B461AA000019768D5F8040E7FF701
:106290008C41892048FFFF8351FE7FE0FCC0FC0059
:1062A00064630402846064330403DD4164630403B3
:1062B000FC80DD9EFC00DD445A0801068400441089
:1062C00003E8D504840044100BB8EAA584008421B7
:1062D000EB2CFC80FC00846180A38406FA2FEB1772
:1062E000444000B1DD54846180A38406FA2F442029
:1062F000007E444000FFDD5484618406FA2F442070
:10630000007F444000FF80A3DD54FC80FC00641249
:106310000043EA65EA65490035E0490034AEEB4FD9
:10632000490034E7490035204900217349001A5FCC
:1063300084004900350049002AD5490021FB490065
:1063400022164900221849002A2584014900184FC5
:106350008401490000FE84004900011984004900BD
:1063600012358400490011B984004900018F84006E
:106370004900018D490001274900013049000156BB
:106380004900015E490011E4FC802E07F9C0960027
:10639000C8142E17F9BB5A18010EFC003E07F9BBB2
:1063A000490021C55A0802048403D5028404EB0A7B
:1063B000FC808402EB0ADD9EDD9EDD9EDD9EFC02FC
:1063C00084003E07F9BEDD5B80C0C00C840ADD5747
:1063D000490021B14E0200784900344C490021C3E4
:1063E000D50F84023E07F9F68401EB25490021FF11
:1063F000840149001B7249001B8E3E67F9F249FF78
:10640000FF5A49002894840149002876EA2EC804DE
:106410002E07F246D5032E07F25E490020F7EA2E3A
:10642000EABDDD44C8062E07F9E5C81FEB29D51DD6
:106430002E07F9E19616C00D3C13F94484038441FC
:10644000FE0C960184208062EA31EB2949FFFF446B
:106450002E07F9E18441540000FB3E07F9E1842056
:106460003C03F9448062EA31DD44C80484014900F8
:106470001B34490009A884003E07F9E34900286459
:1064800049FFFF1AEA2EEABDEA2EF081EB14F082F2
:10649000EB11F083F102F001F203EB1F84013E07E0
:1064A000F9BE84043E07F9C63C03FCDCEAC23C0B9F
:1064B000FCDC8400DD45DD44C8048401490034313E
:1064C00049000046FC82FC00840149000B5549004C
:1064D0002493FC80FC002E07F9C69600C0045A00E5
:1064E0000406FC8049FFFF6DFC8049FFFFEEFC8045
:1064F000FC0084018420EB2C840149002452840098
:106500003E07F9BCFC80FC204470004084C02E078C
:10651000F9C496005A000111C0085A0802FA3E67F1
:10652000F9C749FFFFD9D5F484013E67F9BB3E673F
:10653000F9BAEB0AD5ED3E67F9C63E77F7803E67BC
:10654000F9C549FFFFD749FFFF22D5E2DD9E960638
:1065500044228E288420444FF7FFEA3CB462E628A8
:10656000FEE6E802FEC78C219648B6625021002C58
:106570005A180CF644529038442FF7FF44129248B0
:10658000B405FE16EA7ED9FDDD9E461DFFFFEAB486
:10659000EAD1DD4244229038B405FE1EB605B405AA
:1065A000FE0EEA7EDAFA461DFFFFEAD1DD42442202
:1065B0009248B405FE1EB605B405FE0EEA7EDAFA70
:1065C000DD9E44528E28442FF8FF44129038B405C3
:1065D000FE16EA7ED9FDDD9E462FFC0044528E0455
:1065E00084208C4F44329014B6250402FFFFEA62E7
:1065F000FE161402FFF41412FFF60402FFFA9212C0
:10660000EA291402FFFA1412807904028078FE1637
:10661000140280781412807A0402807E9212EA2991
:106620001402807EDBE2DD9E4452933C441293CC04
:10663000B40594019201AA2BD9FCDD9E4412933C2F
:106640008400443FF03FB441E608FE9EE803582131
:1066500000408C019600B6418C2C5A080CF6463F3F
:1066600003FF44129338840050318FFF4640C0002E
:10667000B441E608FE9EE802FEA78C019600B641F2
:106680008C2C5A080CF7DD9EDD9E960644529340F2
:10669000EA20EAD1442293D0B425FE5EFE47AA6BDD
:1066A000DAFCDD9E44129284E601B441440FDFFF20
:1066B00040F7B408FE16EACDB601DD9E5A1002136B
:1066C000E623E805C1095A10010BDD9E5A10030E9E
:1066D0005A10040FDD9E44229284D50C442292DC91
:1066E000D50944229334D506442292B0D5034422DE
:1066F00093089606B462EB69440FFDFFFE1EFE0F81
:10670000B602DD9E44142C145A080506B4415821E3
:106710001000D505B461442FEFFFFE9EB64144241E
:106720002C148430B462961FFE5EFE0FB602DD9E0E
:1067300044242C14961FB462EA7D440FF0FFFE1E21
:10674000FE0FB602DD9EFC00EAF7540007FF04537B
:1067500003914010D40892AB4052AC08FF47145349
:106760000391445292BC96AFB40596EFEA3C920B6B
:10677000FE0FB6054452926440426808B405EA3CF4
:10678000920BFE0FB60544529290B405EA3C920B70
:10679000FE47B625EB15B40192069406FE17B60126
:1067A000440292D8B4209226944EFE5FB620EB218C
:1067B000B40192069406FE87B6414412927CB4015D
:1067C00094069206FE27B601FC80FC0044042C14BB
:1067D000441FEFFFB440FE56B620B4408430FE564E
:1067E000B620B440441FF0FFFE56B620490016FC08
:1067F000FC8044242424460FC000B422500003FF30
:10680000FE46B62244142824B441FE16B601DD9E8D
:10681000462000829606A0D5DD58EA66FE1EFE0FD1
:10682000A815DD9E46000082A00592109606DD9E0A
:106830009606462BFFFFEB7240007808DD4344329A
:1068400094E8B425FE56FE47AA6BDBFCDD9EFC40B7
:1068500080E080C2EA485A78012B5423000F461F7B
:10686000F83F46AF07FF40712008404134084031EF
:10687000480844529460449FE0FF446C1FFFDD428F
:1068800040215C08EB6CB405EA39FE3FB605B4055F
:10689000FE36FE27B605B405FE0EFE1FB605B4058E
:1068A000EA7CFE17AA2B440294F0D8EEFCC0DD9ED1
:1068B00084604452C9809719E282E80799193842E6
:1068C0009202EB558C61D5F8DD9EFC008460445249
:1068D000C9809719E282E808991938600E02386277
:1068E000920A8C61D5F7FC80FC0046500080463F40
:1068F000FF009D999D2E94A98840381118003821D9
:106900000C00944CFE57964818128001DCF5FC8070
:10691000DD9E40200409461000809606381088004D
:1069200094024000800E961FDD9E4610008040209D
:1069300004098C2888229606A64894024000800EFE
:10694000961FDD9E46200081DD4704110011964907
:10695000FE0F14010011DD9E462000810411000D80
:106960009230DD59FE0F1401000DDD9E462000819E
:10697000DD470411000D9649FE0F1401000DDD9E48
:10698000462000810411000E9230DD59FE0F1401E3
:10699000000EDD9E46200081DD470411000E964961
:1069A000FE0F1401000EDD9E46200081041100112F
:1069B0009230DD59FE0F14010011DD9E462000814A
:1069C000962FEB06EB69440F81FFFE1EFE0FEB16C0
:1069D000DD9E462000809627041100709225944D7C
:1069E000FE4714110070DD9E460000800400007018
:1069F0009627DD9E462000809637DD580431009DA5
:106A0000EB2ADD40FE1EFE0F1401009DDD9E462098
:106A10000081843E043100139606FE5EFE0F1401D1
:106A20000013DD9E46000081040000139606DD9EE3
:106A3000462000819606EB06EA7DEA4AFE1EFE0F1E
:106A4000EB16DD9E462000819606EAF39441841DF4
:106A5000FE1EFE0FEB1CDD9E46200081960FEAA86D
:106A6000EB06460FFF3FDD40FE1EFE0FEB16DD9EE0
:106A700046000081040000129212960FDD9E44042D
:106A800080C08421B4004020400944048024B40024
:106A900092109606FE16C00844048026AE403E17AB
:106AA000F9CA3E17F9C9DD9EDD9EDD9EFC404452C9
:106AB0009340446FBFFFEB73442F7FFF441293D08A
:106AC000B405444F7FFFFE36B605B405FE1EB6057D
:106AD000B405FE16AA2BD9F5EAC8040180709627E2
:106AE000C03AEB36503181C0B42084CCEA4EB62097
:106AF000B440441EFFFFFE56B620B420447FBFFFC3
:106B0000FE66B620449100008421B44396A7E0229B
:106B1000E810804042209873B4A28C21FF7EB6A278
:106B2000B4A29648EB38B6A2B4A2FF66B6A2D5EEE0
:106B3000844CEB3642008873B440441FBFFFFE56BE
:106B4000B620B440441EFFFFFE56B620B440EB1BF7
:106B5000FE57B620FCC044329280461FF3FFB44378
:106B6000DD42960F40005808FE8EFE87B643EB5775
:106B7000B462FE5EFE0FB60244229330460FCFFF92
:106B8000B422DD40FE0EEB63FE0FB602DD9E442212
:106B900092D8960F40105808B462460FF3FFDD40BC
:106BA000FE1EFE0FB602DD9E44429280463FFF3F2E
:106BB000B424960F50318FFF40504808FE5EFE6FA0
:106BC000B624B444EB03DD42DD56FE8EFE87B644A8
:106BD000EB57B482FEE6FEEFB662B462FE5EFE479D
:106BE000B62244129330460000C0B441FE17B601ED
:106BF000DD9E443292D8462FFF3FB423960FDD43EB
:106C000040404808FE56FE67B623B443EB03DD421E
:106C1000DD56FE56FE0FB603DD9E46200081843809
:106C20000431003BFE5E1411003BC853FC2044526B
:106C30009280460FCFFFB425DD40444292ACFE4621
:106C4000B625B424443292D8FE46B624B423466016
:106C50002000FE4644229304FE77B623B4224672F7
:106C60000000FE0EFE3744129330B602B4C1460057
:106C70003000FE37B601B4C5EA37DD40FF86B6C541
:106C8000B4C4FF86B6C4B4C3FF86FFBFB6C3B4C2E4
:106C9000FE36FE3FB602B4C1EAB5FE37B601B4C552
:106CA000460F3FFFDD40FF86B6C5B4A4FF46B6A43D
:106CB000B48346508000FF06FF2FB683B462FE1EE9
:106CC000FE2FB602B4414600C000FE17B601FCA07C
:106CD000DD9E462000819606043103939442841B76
:106CE000FE1EFE0F14010393DD9E4404502CB400DD
:106CF00092019606DD9E4404502CB4009214960630
:106D0000DD9E44048008B400920A9606DD9EFC20B5
:106D100080E080C149000CB45A700F0DEB4B97CF47
:106D20004003D808B441467FF3FFEAF5FFD6FFC71A
:106D3000B6E15A600F15EB26461FFF3FB402978F4E
:106D4000DD4240334808FE0EFE1FB602B402EB03DC
:106D5000DD4240635008FE46FF8FB6C2FCA04620CD
:106D60000081960604310015DD58EA66FE1EFE0F0E
:106D700014010015DD9E3E07F782DD9E5A08010EC4
:106D800044072100EB63B440FE57B6208020B401D5
:106D900092199606C8FDDD9E5A08020D440721404F
:106DA000EB63B440FE57B6208020B40192199606DA
:106DB000C8FDDD9E5A18010544272100D5055A1843
:106DC000020D442721409627DD58B462460FFE0F7E
:106DD000DD40FE1EFE0FB602DD9E441480848461F9
:106DE000B40140204009EAA4B40092109606FE16B1
:106DF000C005EAADAEC03E37F783B4014010440988
:106E0000EAA4B40092119606FE0EC007EAAD8422F1
:106E1000AE4084013E07F78244048084B4004010F1
:106E20004809EAA4B40092129606FE0EC007EAAD25
:106E30008424AE4084013E07F781DD9EFC00EAA475
:106E4000EAF1B620EB3044020000B441FE17B6016F
:106E500044160030B401EAB0B6018401EA86FC8031
:106E6000FC40812080E18400802981028143006F01
:106E7000804449FFFFA18009EA864E92000A5A9099
:106E8000010B84805A98020A44472140D5064447A2
:106E900020C0D50344472100A0214084300892142B
:106EA000DD56930C40802004EAE4A02250108F00AD
:106EB000002F803440300402220F801440216008EB
:106EC000FE1746203000502100FFFE16FE1FA822AC
:106ED000A02340A530089214A0E4DD56934C40A0B6
:106EE0002804000F803840518402223F8016EB7541
:106EF000FEC7A025FED6FEEF9214A8E4403050084D
:106F0000F0084073C008EA20920CFE1FA825A026B6
:106F1000223F8018FE46000F803C14820001EB7572
:106F2000FE1FFE86FE8FA067460F0FE0FE46A8A656
:106F30004600F01FF210DD40FE16FE0FA827840069
:106F400014020008461F8F0FB40450108FFEFE4637
:106F5000460000F0FFC6FFCF14A20003B6E45A9823
:106F600001134417211C979FB44140036008466FEA
:106F70000FFFEAABFF96FF87B6C1EB30440200007B
:106F8000B441D5125A9802134417215C979FB4411B
:106F900040036008466F0FFFEAABFF96FF87B6C15C
:106FA000EB30EAA6B441FE17B601FCC0442720C866
:106FB000EAE4B402DD42920AEAFF58000004B60295
:106FC000B40246302000FE0EFE1FB602442720D831
:106FD000B402920AEAFF58000004B602B402FE4668
:106FE000FE5FB622441720DCEA96B441DD40FE166F
:106FF000B601440720E08420B620441720C0460F85
:10700000FE0FB441DD40FE16B601DD9E444720C4AC
:10701000EA2040303009B404EA289214DD56FE1FFD
:10702000443720D4B6044000B009B423EACA9234ED
:107030004010D008FE47B623441720DC4001380931
:10704000B4419252EA79FE87B641441720C0EB4121
:10705000B441FE17B60144148004B40192109606A0
:10706000C0FDEAAD8421AE40DD9E461000860400DE
:1070700080C2EAC2140080C2460000885030005C22
:10708000B423EA84B623B423DD48B623B443843D55
:10709000FE56B623DD9EFC40EA9A814044920638B3
:1070A00044829038EA7B5A00010DC0075A00030C55
:1070B0005A08041C8403D508B4268410FE0ED51487
:1070C0008400D5028401DD4B80E0EA3B5A080105CB
:1070D000EA355A00010F38049C00B4465410000FE2
:1070E0008410FE16FE0FB606DD5D4C647FDDFCC02D
:1070F0008EE497F8D5F1FC40EB54812044720638B9
:1071000044A29248080480015A00010CC0065A00AB
:10711000031D5A00041DD52EB4268410FE0ED5136F
:107120008400DD4B8100EA3B5A080105EA355A002C
:1071300001263803A000B4468C025410000F8410BE
:10714000FE16FE0FB606D5168401D5EC8403DD4B82
:107150008100EA3B5A080105EA355A000113381349
:10716000A00084108C225420800FB426FE46FE57C7
:10717000B626DD5D4C657FC8FCC0EA54EA38D5DA36
:10718000EA54EA38D5EDFC40469C003F8140447209
:107190008E18EA9A50948FFFEA7B5A00010FC006BE
:1071A0005A00032E5A000434D555B426EA55FE0E73
:1071B000B606B407EA39D5218400DD4B9C41810035
:1071C000944944029224542087FEB420922BEA6C06
:1071D000FE57B620B426EA55FE0EB606EA3B5A081C
:1071E0000105EA355A00013EEAD238002202EA2FB0
:1071F000EAA8B407EA39FE0FB607D52C8401DD4BA7
:107200009C41810094494402923CD5DE8403DD4BCD
:107210009C418100440292309449542087FEB4205E
:10722000922BEA6CFE57B620B426EA55FE0EB6063F
:10723000EA3B5A080105EA355A000117EAD238102C
:10724000220254108FFFEB5DB4274010A402FE57BA
:10725000B627DD5D44028F88EB2B4C607F9FFCC01E
:10726000EA54EA38D5C2EA54EA38D5E9FC40469CEB
:10727000003F814044729028EB5450948FFFEA7B8A
:107280005A00010FC0065A0003235A000423D539BF
:10729000B426EA55FE0EB606B407EA39D5168400C0
:1072A000DD4BB4268100EA55FE0EB606EA3B5A08CD
:1072B0000105EA355A00012DEAD238002202EA2FF0
:1072C000EAA8B407EA39FE0FB607D51B8401D5E951
:1072D0008403DD4BB4268100EA55FE0EB606EA3B78
:1072E0005A080105EA355A000117EAD2381022027D
:1072F00054108FFFEB5DB4274010A402FE57B62751
:10730000DD5D44029198EB2B4C607FBBFCC0EA54DE
:10731000EA38D5D3EA54EA38D5E9FC4085225A3810
:107320000205582100018521814044628E249DD1AF
:10733000EA7B5A00012EC0285A0003325A0804552D
:107340008403DD4B9C4144329230FE7C542087FF05
:10735000B423922BEA6CFE57B62344120658A0B110
:107360003810810144008000FE17A8314010A43677
:1073700044010000401004369689B4269230DD594D
:10738000FE57B626D52DB4069210DD47D5288400C9
:10739000DD4B9C41FE7C44329224D5078401DD4BB9
:1073A0009C41FE7C4432923C542087FFB423922BB4
:1073B000EA6CFE57B62344120658A0B1380081018A
:1073C000EB1BFE574000241644210000A871400129
:1073D00000169641B4069210DD47FE0FB606A07166
:1073E0008410FE0EA831DD5D44028F844C607FA2C4
:1073F000FCC0FC4085225A38020385218140EB54B1
:10740000447290344482065845C08000EA7B5A009A
:10741000010DC0075A00030C5A0804218403D50843
:10742000B4079210DD47D5158400D5028401DD4BE9
:10743000B426380401014010F004B626400024169A
:107440004420400040110036B4079210DD47FE0F83
:10745000B607B4268410FE0EB606EB2B44029194B8
:10746000DD5D4C707FD5FCC0FC438420844C8140A2
:10747000B1C3801FDD4180078420844CDD4184C07E
:10748000549300FF8009EA44380F98088009EB5FA5
:10749000EB318CC15A680CF6801F5AA8010E84206B
:1074A0008041846249FFFF3B8420800780418462E1
:1074B00049FFFFA1FCC349FFFE68800749FFFED8D2
:1074C000801F49FFFDEA800749FFFE17FCC34434D3
:1074D0008090401028089484B483FE8FFE17441FC8
:1074E000FBEEFE6654000411FE0FB603EB13843866
:1074F0005040026CB444FE5658108006B624B44482
:10750000441FE0FFFE565810860046200081B62436
:107510000431006F843EFE5E1411006FA0A3843B13
:10752000FE56A863DD9E3E07F784DD9E2E07F78496
:10753000DD9E44372000EA46B4834020A408441F5F
:10754000FDFFFE66FE57B6233E07F784DD9E46101C
:107550000082042080085A080106841CFE16EAC234
:10756000D503841DFE1614008008DD9E443292244B
:10757000EA46B483EB4CEABBDD42FE66FE57B62317
:1075800044129220E601B401EADC94019201EACDB2
:10759000B601DD9E4432923CEA46B483EB4CEABB32
:1075A000DD42FE66FE57B62344129238E601B4016E
:1075B000EADC94019201EACDB601DD9E44329230BC
:1075C000EA46B483EB4CEABBDD42FE66FE57B623C7
:1075D0004412922CE601B401EADC94019201EACD56
:1075E000B601DD9E442720689601B4229230DD5911
:1075F000FE47B62244272070B4229230DD59FE0F98
:10760000B602DD9E44272000961740105008B46251
:10761000460FF8FFDD40FE1EFE0FB602DD9E44273A
:107620002000843EB4629606FE5EFE0FB602DD9E2A
:1076300044272004843EB4629606FE5EFE0FB60226
:10764000DD9E442720009606B462DD58EA66FE1EE1
:10765000FE0FB602DD9E44272000960640105C080F
:10766000B462460FF7FFDD40FE1EFE0FB602DD9E40
:1076700084013E07F785DD9E84003E07F785DD9E89
:1076800044029224B400921C9606DD9E442480900D
:107690009606B4629444EB24FE1EFE0FB602DD9EF5
:1076A0004600008150200E64B422DD48B622B42288
:1076B000EA6AB622DD9EC90644271000B422FE0FF6
:1076C000D5085A18010844271000FE03B422FE0E04
:1076D000B602DD9E5A18010744271004B422FE0F9B
:1076E000D507C90744271004FE03B422FE0EB602D4
:1076F000DD9E5A18010744271008B422FE0FD50753
:10770000C90744271008FE03B422FE0EB602DD9E10
:10771000C806EB46841EB441FE16D5065A08010C75
:10772000EB46B401DD5EB6014417100CB401EAB0BB
:10773000B601DD9E5A08020BEB46B401DD5EB601D0
:107740004407100CB4208420B620DD9E4427101876
:107750009606B462EA7DEA4AFE1EFE0FB602DD9E80
:1077600044260000843EB4629606FE5EFE0FB6021A
:10777000DD9EFC0049001957FC80FC002E17F9ED36
:107780004427211C5A180106B4229232EA91D507E7
:107790008E01EA8DEAFAB4029212EA29FE0FB602CD
:1077A0008400EAAA840049FFFAE8FC80FC0049FF53
:1077B000FAE4FC8044060000B400921C9606DD9EAC
:1077C000DD9E4404808C8420B620DD9E443630004B
:1077D000461FEFFFB443DD429606EB75FE8EFE8733
:1077E000B64344263400B462FE5EFE0FB602DD9E50
:1077F00084408022EB624031880C8C4188235A28D7
:1078000019FBEAAF944F40009C09041100B3923970
:107810004010E408FE47141100B3DD9E844080222E
:10782000EB624031880C8C4188235A2819FBEAAF5F
:10783000944F40009C09041100B292394010E408B2
:10784000FE47141100B2DD9EFC49EB13B18151C01B
:1078500001C0B4FCB93B509F802CEA6AB9BBBA3A6C
:1078600046104000FE57B9BAA083EAE5FE57A84388
:10787000BA06441FDFFFFE56B986BA3B4412000029
:10788000FE57B9BBBA3BEAF1FE57B9BBBA48843DD3
:10789000FE56B9C8B948844CDD48B9C88420800672
:1078A000DD41EB368420B400FA49920E9606EA5A7E
:1078B0004402934C97E7B4008CE1920E9606AE31E9
:1078C00044029358B400920E9606AE32440293647A
:1078D000B400920E9606AE3344029370B400920E3A
:1078E0009606AE344402937CB400920E9606AE35F2
:1078F00044029388B400920E9606AE3644029394E6
:10790000B400920E9606AE37440293A0B400920ED5
:10791000960610030008440293ACB400920E96063B
:1079200010030009440293B8B400920E96061003A7
:10793000000A440293C4B400920E96061003000B92
:10794000B004DD418420FA498009DD41842084416E
:10795000B004382004088C219608E207E9FA842054
:107960008041380304005A080107B0C43804840871
:10797000382184088C215A180CF6B00449FFFF3ACC
:10798000800949FFFF4DFCC9FC204660008340523E
:10799000AC08FE2F404244088386BF144010E00824
:1079A000FE27463FF7FF46200800FE0F503189FFB3
:1079B00050210600FE1EFEBE40100804B994FCA033
:1079C00046200083961FEAF39441440FFFE1FE1E18
:1079D000FE0FEB1CDD9E9606462FDFFFEAB440004B
:1079E0006408DD4344329038B425EA62FE56FE470F
:1079F0001412FFF504128079FE56FE4714128079A6
:107A0000DBF4DD9E46000083040000169600DD9E38
:107A1000FC4080C4812280E38400842349FFF77AFC
:107A2000381499018401EA3E380398008422DD5A13
:107A3000FCC0C90846200091843EB4629606FE5EF2
:107A4000D50A5A18010B462000919606B46294415B
:107A5000841DFE1EFE0FB602DD9E4610008184507E
:107A600050508068B465A129FEA658210004A8A939
:107A7000C808042080199252EA7958217294D509D5
:107A80005A08010A042080199252EA79582159941F
:107A900014208019460FFE0E500000E0EA78FE1E0A
:107AA000580000031400801A44142C0C460EFFFFEB
:107AB000B441DD40FE16B601B44146020000FE1797
:107AC000B60144042C10441FFFEFB440FE56B6200C
:107AD000B42058108020B62044042C44461F3FFF99
:107AE000B440DD42FE56B620B44046110000FE57B9
:107AF000B620B4404619FFFFDD42FE56B6204414BE
:107B00002C48B401DD5EB601DD9EFC00EB6F840005
:107B1000EB60DD5BFC805A000114C0045A000219BE
:107B2000DD9EEB5BEB3BB4029210DD47FE0FEAF902
:107B3000B602B4019208DD4E58000098D513EB5BF5
:107B4000EB3BB4029210DD47FE0FB602D50744149A
:107B50000010B4019210DD47B601EAF9B4019208B1
:107B6000DD4EB601DD9E44142C10EB24B441FE160C
:107B7000B601DD9E442720009606B4629444EB24AF
:107B8000FE1EFE0FB602DD9E46200081EB040411AE
:107B9000001ADD40FE0E4612A000FE0F1401001A6E
:107BA000DD9E44142C1C440CFFFFB441FE16B601AC
:107BB000DD9EFC0046100085460710FF8381BA2039
:107BC000500007FFFE1658000800B8A08401DD51E0
:107BD000FC8046100085460710FF042080205000DE
:107BE0000BFFFE165800040014008020DD9E4600A6
:107BF0000085A0435810A000A84350400080B46402
:107C0000461710F850208FFFFE9E58214000B644C2
:107C1000B4448E21FE56EAAFB6240431007B4610F0
:107C20001000FE5F1411007BB444461710FF501083
:107C30008BFFFE5658108400B624DD9E40003008AD
:107C4000920CEAB4EB734441000044229038EA46B7
:107C5000C104B425FE67D503B425FE5EB625EA62ED
:107C60009201DAF6DD9E40003008920C44529038C2
:107C7000EB734441000044229248EA46C104B42513
:107C8000FE67D503B425FE5EB625EA629201DAF6F8
:107C9000DD9EFC408520468C003F44A2945C80E938
:107CA00080C950840FFF8009EA445A0801148406F1
:107CB000401300179600FA28FE0C500006E054000E
:107CC0000FF8EAA8B40A8CC1EA2CFE0FB60A97B0E6
:107CD000D5198009EA445A08041354138001FA485C
:107CE0008C26FE54501086E054108FF8EB5DB42AB9
:107CF0008CE1EB08FE57B62A97F8D504B40AEA2CB3
:107D0000B60AEAE3EAF68D4C5A980CCFFCC0A041C3
:107D1000B460EAAFEAE7922E50410100B664A86170
:107D2000A042A003A864EA8D920EA825DD9E8C0CCB
:107D300044528E1C4432902C00107FF4EA624020A2
:107D4000E8085042FFD4B4248C01944E9226FE578A
:107D5000B62400107FFF4020E808A061944E9226D0
:107D6000FE57A861DBEADD9E5A000122C0065A00D8
:107D700003395A000451DD9E44029260B40092150A
:107D8000EAD944029284E80AB420EAB2B620B440A8
:107D9000843EFE56B620EB15D550B4408437FE56CF
:107DA000B620B420DD48B620EB15D554440292B875
:107DB000B4009215EAD9440292DCE80AB420EAB28F
:107DC000B620B440843EFE56B620EB4BD536B440C8
:107DD0008437FE56B620B420DD48B620EB4BD53AAA
:107DE0004402928CB4009215EAD9440292B0E80A97
:107DF000B420EAB2B620B440843EFE56B620EB2151
:107E0000D51CB4408437FE56B620B420DD48B620D9
:107E1000EB21D520440292E4B40092155EF000C537
:107E200044029308E80EB420EAB2B620B440843E7F
:107E3000FE56B62044129304B40194019201D50E6B
:107E4000B4408437FE56B620B420DD48B620441234
:107E50009304B44146080000FE17B601DD9EFC0005
:107E60005A000213E603E805C0095A00010BFC8022
:107E70005A0003215A000422FC8044329260D51F2C
:107E8000443292B8D51C46200084541087FF5051CC
:107E90000C00B485440C007F94CFFE26FE1FB6056F
:107EA000B465460E003FDD40EA91FE1EFE47B62552
:107EB000FC804432928CD503443292E4B4434010A7
:107EC000D40840212C08924BFE57B62349FFFF4EA1
:107ED000FC80462000869606EAD3043100C0EA748E
:107EE000DD40FE1EFE0F140100C0DD9E4620008610
:107EF0009606EB1D043100C0EA8BDD40FE1EFE0F2E
:107F0000140100C0DD9EFC4046AFFEFFEA9A84E00B
:107F10005C800001EB6CB426460001008126FE4720
:107F20001C14808450230210B422FE0FB602B42623
:107F3000EB41FE47B626B422FE0FB6028007EA44A4
:107F40009E439648E622E9035A080111B426EA9BAB
:107F50004010A802FE0FB606B446461FEFFFDD42F2
:107F600040046008FE56FE0FB6068007EB5F9E4396
:107F70009648E622E9035A080111B429EA9B401009
:107F8000A802FE0FB609B409462FEFFFDD434014E7
:107F90006008FE86FE57B6298CE197F8DD5D5A78B9
:107FA0000CBCFCC0FC4046AFF7FF8380EA9A8520FA
:107FB000EB6C5C800001B4064610010080E6FE0F09
:107FC0001C03808450330210B403FE0FB603B44682
:107FD000EB13FE87B646B443FE17B603B406EA7C3D
:107FE000B606B403EA7CB6038009EA449E83969001
:107FF000E642E9035A080137B466EAD6DD43FE9E3D
:10800000EA9BFE17B606B466462FFF7FDD43FE9E51
:1080100040044C08FE17B606B466462FFBFFDD434E
:10802000FE9E40045808FE17B606540E000140207C
:108030005C08B406EA7CFE17B6065BC801149E74A1
:10804000B441EB2ADD40FE1646200300FE17B601C0
:10805000B441460C07FFDD40FE1646218000FE17A6
:10806000B6018009EB5F9E839690E642E9035A08C9
:108070000138B467EAD6DD43FE9EEA9BFE17B607D9
:10808000B467462FFF7FDD43FE9E40044C08FE1779
:10809000B607B467462FFBFFDD43FE9E4004580839
:1080A000FE17B607540E000140205C08B407EA7CB6
:1080B000FE17B6075BC801155013020CB441EB2A3A
:1080C000DD40FE1646200300FE17B601B441460C03
:1080D00007FFDD40FE1646218000FE17B601EAE3E9
:1080E000EAF6DD5D5A900C0448FFFF67FCC05A00B9
:1080F000010DC0085A00030D5A08041044029300F1
:10810000D5094402927CD506440292D4D503440298
:1081100092A8B4009637DD9E8400DD9E444207D4C9
:108120004452927CA6A0EB62A6A1A72288613820C7
:1081300008003800100088418820B40596D89207BE
:108140005441807F9407FE2744429224B60594D977
:108150009C1AB4649690926B4031AC08FEC7B6642A
:10816000444292D45431007FB4049491920794070E
:10817000FE1F4432923CB6049C12B4439648924B84
:1081800040212C08FE87B643443292A85420807FB9
:10819000B403944992079407FE1744229230B60321
:1081A0009C0AB422922BEA6CFE47B622DD9E462042
:1081B0000081843E043100229606FE5EFE0F14010B
:1081C0000022DD9E5A1002145A100322C935EAA378
:1081D000EA6F3E07F9A4EB4AB423EB659227944F6C
:1081E000FE57B623940144229224D520EAA34432B8
:1081F00092D43E07F9A5EB4AB423EB659227944F3E
:10820000FE57B62394014422923CD510EAA344328F
:1082100092A83E07F9A6EB4AB423EB659227944F48
:10822000FE57B6239401442292309C42B402920B32
:10823000EA3CFE0FB602DD9E5A0002085A0003090E
:10824000C80B2E07F9A4D5062E07F9A5D5032E07CE
:10825000F9A69600DD9EEA71DD9E8400DD9EFC009D
:10826000842084CC445293388085382005014240D4
:10827000987354313FFFB4448C21924EEACAFE9F5A
:10828000B6445A180CF3FC805A000213E603E805C2
:10829000C0095A00010BDD9E5A0003215A00042236
:1082A000DD9E44229268D51F442292C0D51C4630E0
:1082B0000084462FFC0050518C08B405EA4FDD4382
:1082C0004040B008FE16FE27B605B4054010D80899
:1082D000EAFF920AFE47B625DD9E44229294D5031A
:1082E000442292ECEA4F4000D408B462461801FFE1
:1082F000DD42FE5EFE47B622DD9E5A00010BC0063F
:108300005A00020A5A00030ADD9E44229280D507D1
:10831000EB26D505EB57D50344229304965FB46250
:108320004000B808441C3FFFFE5EFE47B622DD9EBB
:1083300054208007965E92235A000113C0065A000B
:10834000021B5A00032BDD9E44329284EA4AB48316
:10835000EA34FE26FE47B6234412926CD516443208
:1083600092DCEA4AB483EA34FE26FE47B62344127E
:1083700092C4D50B443292B0EA4AB483EA34FE2662
:10838000FE47B62344129298B40140217408940326
:108390009203FE17B601DD9E44329308EA4AB48385
:1083A000EA34FE26FE47B623441292F040217408B8
:1083B000B40194039203FE87B641DD9E5A00010B7F
:1083C000C0065A00020B5A00030CDD9E442292782C
:1083D000D509442292D0D506442292A4D503442242
:1083E00092FCB4024010F80894029202FE47B622B2
:1083F000DD9E46000081040000F59208962FDD9E68
:10840000FC0080C05A081F0684018420EA21FC80F9
:1084100084008020EA21840149FFF14644142C00A5
:10842000440FFF3FB44144342C44FE16EB53B601D5
:10843000B423542300085403000792269243944E19
:108440009494EA235810802040610004FF8FB6C343
:10845000FC804600008450400C04B4249226944EC4
:1084600058108009B624B444441FF03FFE8E5821B2
:108470000240B644A0A19246949658210002A8A1B9
:10848000A0A1FE8E58210080A8A1A0A29246949699
:1084900058210002A8A2A0A2FE8E58210080A8A206
:1084A000A0E4442E003FFE9E58210900A8A4A0E4A9
:1084B000462F001FDD43FE9E46300480FE9FA8A489
:1084C000A0E244280FFFFE9E58216000A8A2A0E26F
:1084D000462FC07FDD43FE9E46300300FE9FA8A2CC
:1084E000A0A39246949658210001A8A3A0A3FE56EB
:1084F00058108040A863A0A3441E0FFFFE565810DA
:108500009000A863A0A3461FFC1FDD42FE56442234
:108510000000FE57A863A0A3461F03FFDD42FE56DE
:1085200046200400FE57A863A0649226944EDD48BE
:10853000A864B444461FFF00DD42FE5644210000FB
:10854000FE57B624B444461F00FFDD42FE56EADF64
:10855000FE57B624DD9E8C01EB72444294E8A6805F
:1085600000307FFF94938843A6C18CAC94DE88438F
:10857000A6C28C264031A4088843A6C38C0640318D
:10858000B008884300307FFE4031BC088843EACA07
:10859000403138090422FFFD9252EA79FE9F1422ED
:1085A000FFFD0020FFFB0030FFFA9493884300306A
:1085B000FFFC94DE88430030FFFD4031A40888436F
:1085C0000030FFFE4031B00888430030FFFF4031EB
:1085D000BC088843EACA403138090422FFFE92529F
:1085E000EA79FE9F1422FFFEDCBBDD9EFC5E81204B
:1085F00080C180E2842044200048B018DD418420FE
:10860000B02A44200048DD418420806138448E0235
:10861000B00C5452003FB09854420FC0928640F1C3
:108620000400B0AAEB55385F8E0A840040A1040014
:1086300054228001C20438830E02D50338838E028F
:108640003887800854220001C20438830E02D50303
:1086500038838E02388500088C0192A192815A08D5
:1086600006E9B00C385F8E0AEB558C618C265A38BF
:108670000CCFB018B06A49FFFF70FCDEFC5244100A
:10868000809880DFEA5D3A231424EA5D3A231424BB
:10869000EA7F3A231420B04C446080C880E1EA2D80
:1086A0003A239424EA2D3A239424EACB3A239420C3
:1086B000446080F8B1D88127EA2D3A249424EA2D29
:1086C0003A249424EACB3A249420801F804781499D
:1086D00049FFFF8EFCD244528E00849E443290109B
:1086E000B445843EFEA61C22800BDBFBB4459606F7
:1086F000FE8EFE874432903CB645B443FE8EFE8724
:10870000B64344329068B443FE8EFE87B64344328B
:108710009094B443FE8EFE87B643443290C0B44377
:10872000FE8EFE87B643443290ECB443FE8EFE8745
:10873000B64344329118B443FE8EFE87B6434422BA
:108740009144B462FE5EFE0FB602DD9E44128E00BE
:1087500044228F60B401EA23B60144128E2CB40186
:10876000EA23B60144128E58B401EA23B60144123A
:108770008E84B401EA23B60144128EB0B401EA2318
:10878000B60144128EDCB401EA23B60144128F080C
:10879000B401EA23B60144128F34B401EA23B601CE
:1087A000B4228417FE46B62244228F8CB422FE46A1
:1087B000B62244228FB8B422FE46B62244128FE479
:1087C000B441FE16B601DD9E46300080462EFFFF06
:1087D00050518290B425E601DD434047F008FE5633
:1087E000FE67B625B425462BFFFFDD434047F8085A
:1087F000FE56FE67B625EA78847E042080729606CF
:10880000FE9E40213C04142080720420806AFED623
:108810001430806AEB078459FE9EEA5EEA83442F97
:10882000FFDF94C5FEA6FE9FEA5EEB07442FFFBF65
:10883000FE9EEA5EEA83442FFF7F94C7FEA6FE9F5A
:10884000EA5EEA83442FFDFF40302408FEA6FE9F27
:10885000EA5EEA83442FFEFF40302008FEA6FE9F1A
:10886000EA5EEB07442FF7FFFE9EEA3CFE1714007A
:10887000806A04208013EB4EDD40FE16462000A0E7
:10888000FE171400801304208014841DFE161400AB
:1088900080140420806A440DFFFFFE161400806AD5
:1088A0000420800946000400FE17140080090420FB
:1088B0008072440FFF87FE16580000181400807263
:1088C000040083995800001014008399042083A6A3
:1088D000460FFC00500001FFFE1658001400140063
:1088E00083A6DD9E46000081EB4850300E4CA09CD4
:1088F000FE57A85CB443EB43FE57B623DD9EFC4015
:1089000044742C1484CFB527409498021090000032
:10891000B4079208FE36AE08B4278401922CFE46B6
:10892000AE504414241444242C1CB421FF8EAF9860
:10893000B4229232FE46AE60B4229233FE46AE6856
:10894000B4229236FE0EF108AE08FCC0FC41812133
:10895000F3815A08FF055A18FF3BFCC15A08FE353F
:108960005A18FE3344342C14968640013008B44320
:10897000441FEFFFFE8EFE87B643F00180E480C502
:10898000EAFC44242C1C97C64043C808B4E2440BBC
:10899000FFFFFFC6FFE7B6E29786B40240534C08DC
:1089A000466FFF7FEAABFF86FFAFB6C2000F80289D
:1089B000B462960640105808460FFBFFDD40FE1ECD
:1089C000FE0FB602FCC1EAFC5A90FF05800949FF80
:1089D000EEB1FCC144142800B421B620DD9E44143D
:1089E0002C00B601DD9E44142844B421B620DD9E3F
:1089F00044142C44B601DD9EFC20440292844412AF
:108A000092B0B480440292DC44742C00B400B4618F
:108A100084C1B44792099269B427FE36FEF694DA0F
:108A2000928992464000180CFF36FE1FFEB6922730
:108A3000FE279493FE76FE17944CFE0F3E07F9CE68
:108A400084208006EA2180068026EA21800684238D
:108A5000EA21B40758000040B607B407EB53B60745
:108A6000FCA02E07F9CE443292849606EB69B4033B
:108A7000442FFDFFFE16FE0F441292DCB603B40134
:108A8000FE16B601440292B0B420FE8EB6404404F5
:108A90002C00441FFFBFB440FE56B620B440441F14
:108AA000FF7FFE56B620DD9E442292D88403B42276
:108AB000923CFE463E17F9CD2E17F991B462FE0E98
:108AC00040107008EA37DD40FE1EFE0FB602DD9E44
:108AD0002E07F9CDEB26960F40107008B462EA37E6
:108AE000DD40FE1EFE0FB602DD9EFC00E606E90537
:108AF0005250000B9768D50280A04422C980446080
:108B000000604222987340508409956A88459646D1
:108B1000E6068822E906A60A961FAE18A60AD5051B
:108B2000A608961FAE18A6089204AE20FC80443614
:108B30002004461FF00FB443DD42FE5646200A30A3
:108B4000FE57B623441480808468B4418E015821B6
:108B50000800B641442480019600AED0B481EAD129
:108B6000FEE6B661FA60AED0B461E6035831820029
:108B7000B6618462AED0B46158318100B66184615F
:108B8000AED0B481443FFBFFFEE6B6618424AE5014
:108B900044162000B441EB48E806443081B838015F
:108BA0008202D50280018C23FE0E8E27FE56FE47E0
:108BB000440620004426200CB620B422460FF00FB5
:108BC00050000EFFFE0E46100400FE0FB602DD9EA2
:108BD000FC0044148000B401920B9606C004EA4BDA
:108BE0008448AE80B401920C9606C004EA4BFA2089
:108BF000AE40EA69B40092099606C00D2E07F9E46A
:108C0000C00349000F0BEA4B8422AE408402EA867F
:108C100049000F1144148000B40192089606C00464
:108C2000EA4B8441AE80B401920A9606C004EA4B36
:108C30008424AE40FC8050308080B4418840AA89B2
:108C40004C11FFFDDD9E5010006080A0845FAAA93A
:108C5000D9FFDD9EC80444072014D503440720181B
:108C6000B400EA20920CDD9EC8044407200CD51203
:108C70005A08010544072010D50D5A08020544077B
:108C800020A0D5085A080305440720A4D5034407AB
:108C900020A8B400EA20920CDD9E44272014EA208C
:108CA000EB5AB4029214DD56FE0FB602DD9E442745
:108CB0002018EA20EB5AB4029214DD56FE0FB602D9
:108CC000DD9E4427201CEA2FB422922CEA28FE477E
:108CD000B622DD9E44272020EA2FB422922CEA28D7
:108CE000FE47B622DD9E44272034EA2FB422922C80
:108CF000EA28FE47B622DD9E4427200CEA20EB5AE4
:108D0000B4029214DD56FE0FB602DD9E4427201CED
:108D1000EA2FDD58B462460F000FDD40FE1EFE0F45
:108D2000B602DD9E44272020EA2FDD58B462460FAC
:108D3000000FDD40FE1EFE0FB602DD9E44272054CC
:108D40008430B462961FFE5EFE0FB602DD9E44279D
:108D50002054961FB462EA7D440FF0FFFE1EFE0F02
:108D6000B602DD9E44272058961FDD58B462EB4EB4
:108D7000DD40FE1EFE0FB602DD9E46000080441F51
:108D8000FEFF042000E8FE56141000E8A083461001
:108D90000200FE57A843DD9EFC4044A29254EB48DB
:108DA000B40A4492923CFE0FB60AB4094482924837
:108DB000FE0FB609B40844729224FE0FB608B40739
:108DC00044629230FE0FB607B40644429244FE0F4E
:108DD000B606B464EB04DD40EADFFEC6FED7B66437
:108DE0004442925044529318B46444F292C0FEC676
:108DF000FED7B6644442923845E292F0B464FEC6AF
:108E0000FED7B66444429220B464FEC6FED7B66470
:108E10004432922CB483FE26FE17B603443292E00D
:108E200044010842B443444293109255DD46FE8704
:108E3000B6434432930CB4439255DD46FE87B643A5
:108E4000443292B4B4439255DD46FE87B643443271
:108E5000925CB4439255DD46FE87B6434432928815
:108E6000B4439255DD46FE87B643443292E4B443A0
:108E70009255DD46FE87B643B4449255DD46FE87E3
:108E8000B644444292B8B4449255DD46FE87B64497
:108E900044429260B4449255DD46FE87B644444253
:108EA000928CB4449255DD46FE87B644444292E823
:108EB000B4449255DD46FE87B64444429314B4440C
:108EC0009255DD46FE87B644444292BCB444925566
:108ED000DD46FE87B64444429264B4449255DD4672
:108EE000FE87B64444429290B4449255DD46FE87D4
:108EF000B644442292ECB4829295EA94FF07B6827B
:108F0000B4859295EA94FF07B685B48F445292686F
:108F10009295EA94FF07B68FB4859295EA94FF077D
:108F2000B6854442929405C20000EA64EA67EA6E9C
:108F300015C20000EAA1EA64EA67EA6EEA8E45E239
:108F4000931CEAA1EA64EA67EA6EEA8E45E292C4FB
:108F5000EAA1EA64EA67EA6EEA8E45E2926CEAA167
:108F6000EA64EA67EA6EEA8E45C2929805EE00006E
:108F700041EF540941EF5408400F0004B61C05E4CA
:108F80000000460FF83FDD4045C4000041EF0002FD
:108F900041EF700415E40000B50A408400024084EB
:108FA0007004B70AB54946800C0040A5000240A5F0
:108FB0007004B749B52746A1B80040948002409498
:108FC000F004B727B4E646919000FE3E40007004DE
:108FD000B606B40F466C03FFFE0FB60FB405467F0E
:108FE000F03FFE0FB605B404EAABFE0FB604B402C0
:108FF000464C003FFE47B622441292DC50420FFF1F
:10900000B40147C0C00058001000B601B4034611B7
:109010007800EA3C920BFE0FB603B422460801FF2B
:10902000DD40FE0E4610E000FE0F44129300B60233
:10903000B441440FC07FFE1658000380462FC03F46
:10904000B601846044028E1C44129458DD43EAF554
:10905000B4A1E668FF66EB38B6A104508024FF6631
:10906000EB3814508024A149FF664052A804A94956
:1090700004508025FF664052A80414508025B4A0F7
:10908000FF56E80F4052A004B6A0A141FF5640523F
:10909000A004A94104507FF9FF764052F004D5089E
:1090A000B6A0A141FF56A94104507FF9FF761450A4
:1090B0007FF90450008446F00280FF56145000846B
:1090C000045000858C61FF56145000850450007DCB
:1090D00096D8FF761450007D0450FFB95000002C44
:1090E000FF7E4052BC041450FFB90450FFDD8C2CAD
:1090F000FF7E4052BC041450FFDA5A380CABFCC05F
:10910000FC4044676000EB41B42646708000FE0FCF
:10911000B606B42646002000FE0FB606B42646006A
:109120004000FE0FB606B40644944014FE3FB60657
:1091300049FFEF3E44077000EAE0844BEA2244070F
:10914000702C441292208443EA22B4094412925CA7
:10915000FFC7B6E944076C00844BEA2244076C2C35
:10916000441293388443EA22467F7FFFB409EAF52C
:10917000FE3EB60944129458440780008443EA2214
:10918000B426EA74DD40FE0EB606B426EA8BDD4056
:10919000FE0EB606B426460FBFFFDD40FE0EB60635
:1091A000B406FFC6B6E644628E2C44729220802636
:1091B00044028E00844BDD5DEA224C63FFFA446278
:1091C000922C4472925C80264402922084438CCC80
:1091D000EA224C63FFFA44629288447293388026F4
:1091E0004402925C844BDD5DEA224C63FFFA4462E8
:1091F00093444472945880264402933884438CCC20
:10920000EA224C63FFFA44629464447295788026A3
:109210004402945884438CCCEA224C63FFFA8006C3
:10922000EAE044200778EA25EAE04420077844028F
:109230009CF0EA25FCC04427600444176020B40277
:109240004640B000920CEA20B602B401445300003C
:10925000920D40003408580001DEB6014407601842
:10926000B4209228EA345810800BB620B460441F12
:1092700000FFFECE58318300B660B460EB5E9268AA
:10928000FEE7B660B460464FF00F50420FFFFEE6B7
:10929000FEEFB6604407601C4650014EB460926811
:1092A000EB5E58318003B660B460FECEB660B46049
:1092B000FF1E44340000FF1FB680B46046418000AA
:1092C000EB5E9268FEE7B660443760004447600C8E
:1092D000B4039208DD4E5800000DB603B403FE46F9
:1092E00058108600B623443648204411DB0DB403E1
:1092F0009212EA29FE0FB60344364420B4039212B8
:10930000EA29FE0FB603B422460FF000DD40FE4608
:10931000B6224427601046300084B422FE46FE5F29
:1093200044376008B622B423922CEA2858108108EA
:10933000B623B424922CEA2858108117B624B423FB
:10934000FE46FE6FB6234437601446500196B423A0
:10935000922CEA2858108172B623B424FE46FE6F80
:10936000B624B423FE0E461001BAFE0FB603B402B3
:10937000920CEA20580001DEB602DD9EFC00EAF7FE
:1093800049FFFEC049FFFD0A49FFFF578386B951D7
:10939000EAA6FE0FB8D14402C70049FFFC564400BC
:1093A000059A441205B849FFFC48B909460008006F
:1093B000FE0FB88946000082441F7FFF50300DFC2D
:1093C000B443FE56B623B443EB1BFE57B6234610F8
:1093D0000080460FFEFFA08BDD40FE16A80B0400A8
:1093E00080E8EAB0140080E8FC8046200081960600
:1093F000043100749447EADEFE1EFE0F140100746F
:10940000DD9EFC00EAEAEAEE462124925021045057
:1094100044400492B640B681EB6D8460B661EB497E
:10942000B641EA9DB682EAC1B66284438062EA260A
:10943000FC80FC0049FFEAF85A08011E49FFEC5D78
:1094400080C0C819DD445A080117EAEEEAEA46214D
:1094500024925021045044300492B640B661EB6D22
:10946000B6C1EB49B641EA9DB662EAC1B6C28443D1
:109470008062EA26FC80443480909606B483843D62
:109480009481FE66FE57B623EA78845E0430801528
:10949000FE9EFE1714008015042080DCEB04DD40E6
:1094A000FE1646233000FE17140080DC84003E07C1
:1094B000F9C7EB338422AE40DD9E44140018B4415A
:1094C000C805440BFFFFFE16D503EAA6FE17B6013A
:1094D000EAF9B4019208DD4EB60144147000EA6660
:1094E000B441FE16B601DD9E44048010FA20AE4061
:1094F000DD9E440480098424AE40DD9EFC004404CB
:10950000588C462FF00FB420DD4344310000FE5646
:10951000FE5FB6204414550CB481FEA6FE9FB641F2
:1095200084418062EA26FC80460000810410039991
:1095300058108040EAD504100399EA4EEAD5042079
:109540000399EABBDD42FE56EAD504200399EAE618
:10955000DD42FE56EAD504200296441FE0FFFE8E4F
:1095600058210F001420029604200196FE56581030
:109570008F0014100196DD9E44348088EAD3402089
:109580006408B483FE8FEAE446003000DD42FE86C4
:10959000FE6640010404B603DD9E44242C0CEA96CA
:1095A000B422DD40FE0E46103000FE0FB602DD9EF6
:1095B00044242C2CEA96B422DD40FE0E46103000E6
:1095C000FE0FB602DD9E4414500CB401DD5EB60100
:1095D000DD9E44240090EA2FB422922CEA28FE4714
:1095E000B622DD9E44142C04460FFBFFB441DD403F
:1095F000FE16B601B44146000800FE17B601441439
:109600002C0C460FFEFFB441DD40FE16B6014404AB
:109610002C0046100200B440FE57B620B42058106B
:109620009000B620DD9E44442C1CEAD6B424960655
:10963000DD4340305008FE56FE5F44242C20B62403
:10964000B462441FFFEFFE5E9404FE0F44342C0C02
:10965000B602B423EA96DD40FE46EADFFE57B623A3
:1096600044142C2CB461FE1EFE17B601DD9E950A33
:109670004430B1C08864B44094DAB6434420B1C2E7
:109680008844B4609492B662A0C114317FFFA001F7
:10969000A811840C44229458422080735012064032
:1096A0004000C808B462461C003FDD42FE5EFE4733
:1096B000B622DD9E461C003FEB72DD424621900043
:1096C000443294E8B4058CACFE0EFE171402FFFD84
:1096D00004028021FE0EFE1714028021DBF4FC0040
:1096E0004402C70049FFFAB1FC80B440A041EAC877
:1096F000EAE750418100B6444020B809A0619232A7
:10970000EA91FE57A861A042A003A864EA8DEAFA94
:10971000A0259212EA29FE0FA825DD9E44242C14D0
:10972000B442B64044042C1CB400B601DD9EFC02D9
:1097300080C0EB0CF18304300397442FFF7FFE9E23
:10974000142003978401EA3F8404EAFC840049FF63
:10975000E7F14402923C462EFFFFB460DD43FE9EDB
:10976000B64044029238F103B44094919241B6401D
:109770005A68FF045A10FF098441B65F8006846569
:10978000848080A2EB2784018420EB34FC82DD9E60
:10979000FC01F081F1018402DD49FC81B440A0416B
:1097A000EAC8EAE750418100B6444020B809A06108
:1097B0009232EA91FE57A861A042A003A864EA8D04
:1097C000EAFAA0259212EA29FE0FA825DD9E44148C
:1097D0002414460F3FFFB441DD40FE16B601B441EC
:1097E000EA37DD40FE16B601DD9E4424588CB402F3
:1097F000541000FEB4029208DD4EFE0FB60244245F
:10980000550CB402541000FEB4029208DD4EFE0F57
:10981000B602EB0C461FDFFF042003A5DD42FE5617
:10982000141003A5042003A546104000FE57141091
:1098300003A504200392441FFFDFFE561410039279
:1098400004200392441FFFBFFE5614100392DD9EB6
:1098500044142C445A08011EB401EA6F5800020057
:10986000B60144042C4046110000B440FE57B62017
:10987000B440EB43FE57B620B423EA47DD40FE4632
:10988000EAA0FE57B623EA36B461FE1EFE17D51DC8
:10989000B40158000200B601EA3D460EFFFFB44194
:1098A000DD40FE16B601B441460DFFFFDD40FE1659
:1098B000EA87B601B422EA47DD40FE46EA4EB62208
:1098C000EA36B441FE16EAA246200081B601041130
:1098D00002AC460E3FFFDD40FE4646304000FE5FD4
:1098E000141102AC041101ACFE0EFE1F140101ACF8
:1098F000DD9EFC00EA6D4410004984418405EA5273
:109900008461544000F880A38405FA2F4420004964
:10991000DD544410004A84418405EA528461544075
:1099200000F8FA2F84054420004A80A3DD54FC800F
:10993000FC004404501C8422B6204414503C844F44
:10994000B4019211EAF8B60144145020B401921205
:10995000EA2958000600B60144145034B4019211AB
:10996000EAF8B60144145038B4019211EAF8B6018D
:10997000440458E444145564B640B64184418062BE
:10998000EA26FC804E0300A8FC004621B6DB80C01E
:1099900044045900502106D8B640440459044430C8
:1099A00006DBB66044045908441458ECB6C04404BD
:1099B0005580B64044045584B66044045588B6C00A
:1099C000440458F4B640440458F8B660440458FCC3
:1099D000B6C044045574B64044045578B660440497
:1099E000557CB6C0440458E8B640B661441458F0FB
:1099F000B6C144145568B6414424556CB66244243B
:109A00005570B6C284498062EA264414589C4601C7
:109A1000249250000450442458A0B60144100492EB
:109A2000B622442458A4B6C24424551CB602EA9D6A
:109A3000B622EAC1B6C244245890B60244245894CF
:109A4000B62244245898B6C244245510B6024404A1
:109A50005514442458D0B62044045518441458CC06
:109A6000B6C04600924950000248B601441002496F
:109A7000B622442458D4B6C24424554CB6024424D9
:109A80005550B62244245554B6C2442458C0B60298
:109A9000442458C4B622442458C8B6C2442455406D
:109AA000B60244245544B62244245548B6C2442440
:109AB00058D8B602442458DCB622442458E0B6C232
:109AC00044245558B6024404555CB62044045560FD
:109AD000B6C0FC80DD9EFC004444590C8441B42493
:109AE000FE1694C5440FFFDFFE46FE5FB624441405
:109AF000558CB4A1FE2EFEC7B661B464440FFFBFFF
:109B0000FEC6B664B461FE1EB60180628004EA2619
:109B1000FC8046000081EAE5042003ADFE56C10446
:109B200046160000D502EB43141003ADDD9E46201F
:109B30000080960F043100A49445440FFF9FFE1E41
:109B4000FE0F140100A4DD9E442400849606B46236
:109B5000DD58EA66FE1EFE0FB602DD9E4424008438
:109B60009606B46240104408440DFFFFFE1EFE0F2F
:109B7000B602DD9E442400849606EAD3B462EA74F9
:109B8000DD40FE1EFE0FB602DD9EFC00EAEAEAEEB4
:109B90004621B6DB502106D8444006DBB640B681EC
:109BA000EB6D8460B661EB49B641EA9DB682EAC1CD
:109BB000B66284438062EA26FC80440480208422CA
:109BC000AE40441480A0B401EAC2B601DD9E440454
:109BD00080188421AE4044148098B401DD5EB60143
:109BE000DD9EFC0049FFFFEB49FFFFF3FC804424AE
:109BF000001046198780B4029601FE0FB602DD9E62
:109C0000FC004404001846100480B4405010847EC8
:109C1000FE56462EEA6950210881FE574434001052
:109C2000B620B423442098789230DD59FE57B623ED
:109C3000B440461FFEFFDD42FE56B620B440EAF1B6
:109C4000FE57B6208400802049FFFC39FC80462066
:109C500000919627A0549225944DFE47A854DD9E6E
:109C6000FC404464001840207808EA7DB4E6409146
:109C700004045A080126DD445A08010E4424000059
:109C8000461400405010810040248804FE8E461B7C
:109C9000FFBFD5084624000050210100402488025F
:109CA000EAE650108EFF40038402FE17EB5BB60617
:109CB000B402EB3B9210DD47FE0FB602FCC0EAE5B2
:109CC0005010810040248402EAE650108EFF4003C9
:109CD0008402FE1744140010B606B4019210DD474A
:109CE000B601FCC0442730104414701CB402960620
:109CF000C806B401920196065A0001FA44173010C2
:109D0000B401920396065A0001FDDD9E84A0D004A2
:109D1000EB0B8CA1D5FDDD9EFC00EB45EB67B4237E
:109D2000922196465A180107B422922196465A105B
:109D300001F8EB47B6018402EB09EB58FC80FC000C
:109D40004611FFFF50108F00FE0FEAB6FC80FC00AA
:109D50004611FFFFFE0FEAB6FC80FC004601FFFF44
:109D6000500002BBEAB6FC80FC00EB45EB67B42375
:109D7000922196465A180107B422922196465A100B
:109D800001F8EB47B6018402EB09FC80FC00466158
:109D9000FFF950030527EA8250030487EA82EB5853
:109DA000FC80FC004661FFF950030500EA82500385
:109DB0000400EA82EB58FC80FC4180E180C283838E
:109DC00081048145F081649304024411800064138E
:109DD000040349FFFFDDF0015A00FF03EAC041CE52
:109DE0002008408E2004406340084064180440036B
:109DF000E008FE37EAB65AA80104840FEAC049FF1A
:109E0000FFD264930403FCC1FC018461F081FA2F4A
:109E100084024420003FF40180A3DD54FC81FC2037
:109E2000EB45EB67B423922196465A180107B422FA
:109E3000922196465A1001F8EB4744601000B60193
:109E400044748008B40792119606C8082E07F9D802
:109E5000C80584018EC1EB09CEF64404800A842231
:109E6000AE4044073014B40092109600FCA0FC41B0
:109E7000F08164A304024401800064030403407180
:109E800020084602F000FFC7DD5984C0FFCF8106DD
:109E900049FFFF7EF001EAC0800749FFFFC2812031
:109EA0002E07F9D85A0801088CC197B03E87F9D817
:109EB0005A6804F0840FEAC049FFFF7564A30403E5
:109EC0005A6004048009FCC18400FCC1FC004410F9
:109ED000003F84418402EA52FC804414701CB401A7
:109EE00092019606C80DFC0080C14900181FB406F7
:109EF000920196065A0801FB840ADD57FC80DD9E1C
:109F000044173008B40192059405DD5EB60144049F
:109F1000800A8424AE408422AE4044148088EAA69D
:109F2000B441FE17B601DD9EFC00EA6D8461840039
:109F3000808080A3FA2FFA41DD54DD50DD57840084
:109F400084618080FA2FFA5980A3DD54FA04DD572A
:109F5000FC80FC00EA6D84618400808080A3FA2F7D
:109F6000FA58DD54FA04DD57840084618080FA2FAA
:109F7000FA4080A3DD54DD50DD57FC8044073004F7
:109F8000843EB440FE56B620B420DD48B620DD9EA7
:109F900044242C209606B462EB1DEA8BDD40FE1EA5
:109FA000FE0FB602B422EA74DD40FE0EB602DD9E5C
:109FB0003C0FFE77DD9EC907EACC843EB46296066C
:109FC000FE5ED5115A180108EACC96069441B46297
:109FD000841DD5085A18020AEACC96069442B46247
:109FE000841BFE1EFE0FB602DD9EC903EA8AD50859
:109FF0005A180104EB3CD5045A18020BEB05961FC6
:10A00000DD58B462EB4EDD40FE1EFE0FB602DD9E53
:10A0100064230402846064330403C907EB71960669
:10A02000EAD3B483EA74D5125A180108EB71960684
:10A03000EB1DB483EA8BD50A5A18020DEB71960614
:10A0400040106808B483460FBFFFDD40FE26FE0FB8
:10A05000B60364230403DD9EC90444250004D50827
:10A060005A18010544250014D50344250044B422A0
:10A070009230DD59FE0FB602DD9EFC01F3814430C3
:10A080000064CA054420C800FE14D5114420FFFF17
:10A09000DA0D44F003E840423C974031840CFE2442
:10A0A00040000CB79061E2A3D508FE2C4031840C2F
:10A0B00040000CB69061E0A3E9028C019601C00358
:10A0C0008E019601F10149FFFFC9FC81FC0184204A
:10A0D00080C08443B001DD41CE1644050000B420A9
:10A0E0009646101F8004B420DD48B62044050008C1
:10A0F000B420EA84B620B42096465A1001FEEA73D2
:10A10000EA8AD52F5A68011744050010B4209646F4
:10A11000101F8005B420DD48B62044050018B42087
:10A12000EA84B620B42096465A1001FEEB2DEB3C93
:10A13000D5185A68021D44050040B4209646101FE9
:10A140008006B420DD48B62044050048B420EA84E7
:10A15000B620B42096465A1001FE000F8006EB058B
:10A16000B462EA46841EFE1EFE0FB602FC81C80DD4
:10A17000EA278421AE4044050008B420EA6AB620EC
:10A18000B4209646C1FEDD9E5A08010EEA278422BD
:10A19000AE4044050018B420EA6AB620B4209646C2
:10A1A000C1FEDD9E5A08020DEA278424AE40440514
:10A1B0000048B420EA6AB620B4209646C1FEDD9E6F
:10A1C000C903EA8AD5085A180104EB3CD5045A1889
:10A1D0000209EB05B462843E9606FE5EFE0FB602EF
:10A1E000DD9E8421C00784225A0001055A08020519
:10A1F0008424EA27AE40DD9E44048080B4004010F1
:10A200006009EA69B40092189606FE0EC00DFC00C3
:10A21000EA278421AE40DD443C0DFE77C0043C0DAE
:10A22000FE77DD20FC80DD9E44048080B400EB22BC
:10A23000EA69B40092199606FE0EC00FFC00EA27E8
:10A240008422AE40DD44DD445A080107840249FF00
:10A25000EC6449000004FC80DD9EFC00EAF7040386
:10A26000001396065A08011249FFE547C80E49FF38
:10A27000F8E28386B917841EFE46B997B917DD4800
:10A28000B997B917FE0EB897FC8046200081843E2E
:10A29000EAF39606FE5EFE0FEB1CDD9E4620008173
:10A2A000843EA0D59606FE5EFE0FA815DD9E4414E2
:10A2B00070085A080108B4019210DD47580078234D
:10A2C000D504B4019210DD47B601DD9E442450143C
:10A2D000843EB4629606FE5EFE0FB602DD9E440525
:10A2E0001000B40092089617DD9E44251004B42295
:10A2F0009230DD59FE0FB602DD9E4415100CB401FC
:10A30000EAB0B601DD9E4415100CB401DD5EB60165
:10A3100044151018B40196005A005AFEDD9EFC4008
:10A320004400012CDD514475100C449FFF988400BB
:10A33000AE38FA1810938000DD51440510184465BA
:10A34000100CB40096005A00A5F4B426841EFE0E2C
:10A35000B606FCC0FC412E66724E41C304092E862F
:10A36000724F490008C380E0EA709471F181842043
:10A3700080A14C540028F2018460990A99B940A345
:10A380009000409010008043882054F100FF40F777
:10A39000F0068E62E81338F3091139E50C1139E340
:10A3A000090938F50C0938F0891139E48C1139E0C4
:10A3B000890938F48C098C41D5E98CA197688024EF
:10A3C000D5D9FCC1441200E844F000603800810196
:10A3D0008E0140103C565EF1003044100030E8041D
:10A3E00040200436D50B5EF1004040200436E804DE
:10A3F00050108020D5035210802FEA5F964940000C
:10A400000816844C420088739601DD9EFC0084008F
:10A4100049FFEC16840049FFEC28FC80FC4284C014
:10A42000814080038101F481F683EAC6F083F00164
:10A4300049FFF41C8380F003F08384E09837409058
:10A44000001380099678EB014EA2000AF203381E31
:10A450000101382101018A22381525094E820007A1
:10A46000F10338008111380425098CE15A7812E88B
:10A470008CD297B15A6A40E3FCC2FC4184C081206F
:10A48000800280E1F681EAC6F081F0018046F08129
:10A490009651E227E807F001EA60380489098C4107
:10A4A000D5F8FCC1FC4184C080E18120F681EB0E2F
:10A4B000EAC6F081F20150210480F28180469611B3
:10A4C000E207E807F001EA60380489098C41D5F811
:10A4D000FCC1FC4044A0800040920409C02B2A51DA
:10A4E00000012A808001407440084052C0088AA7B9
:10A4F00080C942619473405310B680C54E54000326
:10A50000FFAA90D0CE0F407400134E560007E2C54C
:10A51000525780009769D50284A188A71250FFFF87
:10A52000D50688E588EA90F01270FFFF8E0196014B
:10A53000D5D6FCC02E17F2428801960154100003B4
:10A54000C1048C048A019601DD9EFC403C43F91550
:10A550003DC3F9162FE7F2413CF3F9173C83F91894
:10A560003C63F9193C03F91B2E37F23C2E77F23E7F
:10A570002E57F23F3CA3F91D2E27F2402E97F238BA
:10A58000C12C8A9C88C841C2240888C0848A404E55
:10A59000109688C388C78A9E879988A68E9442475A
:10A5A000F0735252FFDF8885892A4055000088A346
:10A5B000880988A7886088A288675052802184DA39
:10A5C0008862424298735231FFDF98A39243400160
:10A5D000041792019600FCC08001FCC0FC04B1830A
:10A5E000800644120590FA44EA25801FEAA3844AB3
:10A5F000EA252E07F24638030000380F80008C0150
:10A600009600FC84EAE2DD9E3E07F9E2DD9EFC0056
:10A61000446200008401001300770023007B0033B4
:10A62000007A004300780053007949FFE9AF8401C4
:10A63000EAED000300763E07F9E2FC80FC00EAB494
:10A640004660010046401000EAC84620040044125B
:10A650009038B405FE37B605B405FE27B605B40537
:10A66000FE1FB605B405FE17EA7ED9F4FC80FC0196
:10A67000F08149FFFFE5F00149FFEC47F00149FF98
:10A68000EC93FC81FC402E47F9E280C044920568BF
:10A690004472059084008049806780A4802049FF2F
:10A6A000E9B92E17F9E2840038148501EA3E2E1725
:10A6B000F9E2840338148501EA3EEAE28420380393
:10A6C0008000DD5AEAE2842338038000DD5A8400EA
:10A6D000802649FFFFCECE04EA9C8026EABE800693
:10A6E000EAECFCC0FC0480C0DD44F081F101840090
:10A6F000EA59B002441206A4FA48CE06EA25B0028E
:10A70000EA418006D505EA25B002EA418401EA4C17
:10A71000800649FFFFB9800649000833FC842E07F4
:10A72000F9E7DD9E3E07F9E7DD9E2E07F9E6DD9E9F
:10A73000DD9EFC20441000BE8441840BEA5280E080
:10A740004410003F84028441EA5254600001CE0864
:10A7500097EEC70649FFE2D740030006FCA084013C
:10A76000FCA0FC0049FFE9D3FC80FC0049FFEA0E95
:10A77000FC80FC0049FFEA17FC80FC002E67F9E42E
:10A780004400010097B08420CE15802649FFE7B32E
:10A7900049FFFFC7C8123C0FFE7A3C0DFE7A5CF001
:10A7A000006FE8053C0DFE7A8C01D5F644000100EF
:10A7B000842149FFE7A0FC803C6FFE7A3C0DFE7AC5
:10A7C0005CF00456E8F43C0DFE7A8C013C0FFE7AF6
:10A7D000D5F64432083CE222E8083840040038410B
:10A7E00084088C219648D5F8DD9EFC018400EA5A45
:10A7F000DD5B100F8005440003E8EA502E17F9F6E0
:10A800005A1801588402EA503C53FCFADD53D00533
:10A810003C03FCFA9601EA50EB2D5A0801062E077C
:10A82000F9F24E02009949FFDDCB49FFFB51EA5A8C
:10A83000006F80049786CE0B2E07F9EC5A080108AA
:10A84000EA73DD5E49FFFAE23E67F9EC49FFFB6E11
:10A8500049FFFF89840049FFFD1A840049FFFD205C
:10A86000840049FFFD26844084613C03F94084272D
:10A87000EA3184008421490012D584018020EA56FF
:10A88000840049FFFF518400EAD48400EA30840048
:10A89000EB6FEB60FA01DD5784C0DD5BC85C8401BF
:10A8A000DD578CC1020F800397B1E206E8F7D5505F
:10A8B0002E17F9F65A180250EA503C53FCFADD53B1
:10A8C000D0053C03FCFA9601EA50EB2DC8042E0794
:10A8D000F9F2C04149FFDD7349FFF82C49FFFAF84E
:10A8E000EA5AEA739606C009EA73540000FE49FF6B
:10A8F000FA8D84013E07F9EC49FFFB2D840149FFE5
:10A90000FF13840280204900121A8401EAD48400D3
:10A91000EA308401EB6FEB60844180623C03F944D0
:10A920008420EA3184218400EA56840149FFFC5BDB
:10A93000840180204900127684C0DD5BC00C840154
:10A94000DD578CC1020F800397B1E206E8F784015E
:10A950003E07FFC6FC81FC0544020D6484608481CF
:10A96000B61FEB2FF088F481F382F383F484F38530
:10A97000F386F387F389840284254426200880A384
:10A9800049FFE270FC85FC0549FFE25A44062004B9
:10A9900084604462083DB61F441005258401F0819F
:10A9A000F082F18880468080F383F384F385F38618
:10A9B000F387F389842480A349FFE254804644004E
:10A9C000007918017FFF440FFF84AE128419AE1383
:10A9D000FC85443620042E27FA0CB4234442083C5C
:10A9E0009228EA34FE578440B623802296D1E26052
:10A9F000E806383208008C418823D5F9FC0044224F
:10AA0000083CFE4A9648381100088C01960149FF1F
:10AA1000E6B68401EA86FC80FC00DD4C8421EA3243
:10AA2000FC80FC0049FFFFFA8405DD5149FFFEA7C9
:10AA3000FC80FC00442620042E17FA0CB402920875
:10AA4000DD4EFE0FB6022E07FF3496004E0201A81F
:10AA500084213E1008DC5A082009440207B08420F3
:10AA6000844EDD55840EDD5F5A082109440207A497
:10AA700084208449DD558409DD5F5A08220544029B
:10AA800007A0D5055A0823094402079C8420844462
:10AA9000DD558404DD5F5A082409440207948420AC
:10AAA0008445DD558405DD5F5A0828094402078086
:10AAB0008420FA41DD55FA01DD5F5A082909440274
:10AAC000077884208446DD558406DD5F5A082D030F
:10AAD000EA3A5A082E0B440206C08420FA44DD5597
:10AAE0008401EAAAFA04DD5F5A082F0D4402071810
:10AAF000842044200060DD558401EAAA44000060FF
:10AB0000DD5F5A0837094402071484208442DD556A
:10AB1000480001385A083810EA764412083C84018B
:10AB20008440382080088C015A0813FD84213E1788
:10AB3000F9EDDD5F5A086213DD4A9600C00CDD4A6C
:10AB400097805A6801048006D506DD4A96005A00AF
:10AB50000203EA7A49FFE5DEEA3A5A08D10C846139
:10AB6000DD4AFA2F2E27FF3680A32E47FF37DD540C
:10AB7000EA3A5A08D20C440FFFD2EA76DD4A844101
:10AB80002E17FF36EA52480000FC5A08F3082E0739
:10AB9000F88C9600EA768401DD5F5A080116DD4ADA
:10ABA0005A001B03EA7A2E07FF36C8043E07F9E471
:10ABB000EA3A2E07FF3696005A000103EA7A3E076A
:10ABC000F9E4480000E55A080F23DD4A5A08010954
:10ABD000840FEA768401EB3FDD5B480000C9DD4A63
:10ABE0005A000203EA7A2E07FF3796003E07F9F66D
:10ABF0002E07FF382E17FF39DD4EFE0F3C0BFCFAF7
:10AC000084013E07F9F0DD50DD4DEA3A5A08612132
:10AC10002E17FF359648C903DD4CD507DD4A9780CE
:10AC20005A680106DD4C8026EA32EA3ADD4A5A00CB
:10AC30000203EA7A2E17FF368405FE0CC802EABC2E
:10AC40003C0BFCF7DD50DD4D8408480000845A08B9
:10AC5000990684013E07F9F1EA3A5A00F1044800E6
:10AC6000007D840044320D64442208289843A6489D
:10AC70009648381100088C015A080FFA8401EAAA94
:10AC8000DD4A2E57FF3696009668405020085A003D
:10AC900010115A001D0F5A00080D5A00010B9E8416
:10ACA000E642E90750007FCEE603E903FF4FD502F5
:10ACB000976944001D00D0435CF29D01E8174400F1
:10ACC0000400D0355CF28401E8075A590060DD5079
:10ACD000DD4D8401D53F44000500D02D440008001F
:10ACE000D855DD50DD4D8404D53544003200D02BDD
:10ACF0005CF2B201E80B44003000D848440206EC94
:10AD00008420FA58DD55FA18D53D44003300D01F91
:10AD100044003A00D83B440206D48420FA48DD556A
:10AD200049FFFC5E3E07FA1AFA08D52CDD50DD4DCE
:10AD30008402D510DD50DD4D8403D50CDD50DD4D92
:10AD40008405D508DD50DD4D8406D504DD50DD4D8C
:10AD500084073E07FFC4D51A5A08F70EDD4A96004D
:10AD60005A08021C8437EB3AEB3F84003E07FA0E88
:10AD70008403D5085A08FD12841DEA768401EB3F4E
:10AD8000840249FFFE2849FFE4F684013E07F9BD2D
:10AD900084003E07FF34FC808400D5F9FC80FC0071
:10ADA00049FFE506FC80FC00EA7084213E17F9EDBE
:10ADB0008432EB3A2E1008D94422083C5A18010775
:10ADC0008434EB3A84203E1008D984A044300480B7
:10ADD00080802A1000019DA99028964838111808F3
:10ADE0008CA2A66038111408DBF44400048149FFEA
:10ADF000FDF2FC80FC002E07F88C5A085204EAF29F
:10AE0000DD4D2E07F9F096005A080116EB2549FF93
:10AE1000FCEE84003E07F9F0EB252E17FFC65A180A
:10AE20000109441000503E17F88C3E07FFC6D503B9
:10AE3000EAF2DD4D2E07FFC45A08010549000873E8
:10AE4000D51D5A0802054900095BD5189E43E62224
:10AE5000E80449000B6FD5125A08050549000C1784
:10AE6000D50D9E46E622E80449000DF4D5075A08A0
:10AE700008093C03FCF749000EE184003E07FFC4CB
:10AE8000FC80FC00C0085A08020D44021C1C44103F
:10AE900081C4D50544021C1C441081DCFA48EA2513
:10AEA000FC80FC008401842184C03E07F88D84006E
:10AEB0003E67FFC549FFFFE784003E67F9E43C0BAE
:10AEC000FD0449FFFD62840049FFEE3349FFFD4563
:10AED000FC80FC4051FFFD50EB528420FA50800969
:10AEE000DD41842044200240B01CDD41B1D4441037
:10AEF00081F88007EA5DEA2AEA7FEA6B440082185B
:10AF000050AF8020B185EAE13A2514208420844C9A
:10AF10008006DD418404100F8014AE318401AE320E
:10AF2000AE33AE34AE35AE36AE378400EA3F840081
:10AF30003813000096895A2004045A28010738243F
:10AF40008602CA033814860A8C015A080CF3463A62
:10AF5000AAAA4643333384C050318AAA50420333ED
:10AF6000448001C038149A02C12638251901840092
:10AF700041C104099681E25CE80E5A180406B09CAF
:10AF80003841020AD5065A180105B09C3831020A28
:10AF90008C01D5F138139A01F483F382F181EB66C9
:10AFA000F101421020739649B01C805C49FFDC8F90
:10AFB000F403F3028CC15A6808D78401EA3F51FFB9
:10AFC00082B0FCC0FC0084C03E67F9CC49FFE35668
:10AFD0003E67F9CBFC80FC00004F80145A4004050A
:10AFE00044600348D503446003024053040950F20F
:10AFF000A000E00FE8065242A000E080E928D51743
:10B0000040F30809444040008A8FE0048480E9044A
:10B010008481AF188481CA0450306000D516523044
:10B0200020009A9D400118169602D5134043080946
:10B03000E0808480E9048481AF188481CA045030A0
:10B040006000D5F052302000989DD5ED84808004BA
:10B05000965F88205A48010885E440003C16880124
:10B060009642D502964AE4308001E902840F964266
:10B070004E14000384009600FC80FC4051FFFC202D
:10B08000F3888120F186F28749FFE2FCF085842075
:10B09000FA50B020DD41842044200300B038DD4167
:10B0A0008420FA50B028DD41EB2FF0ACB1F0440021
:10B0B000822880273A2014043A209424EAE13A2096
:10B0C000942044108218B01CEA7F44108248EA6B36
:10B0D000B017B1993A208C003A200C2084208006C9
:10B0E000844CDD418404100F8064AE318401AE32A3
:10B0F000AE33AE34AE35AE36AE37878044A21700DD
:10B100005C8480013813700096095A0004045A08C0
:10B110000114B02038000602C80F38038602F183FC
:10B12000948138052000F282EAC6F202F103880217
:10B13000B0A03801060A51CE00015BC80CE55004EE
:10B1400080029402F089F109840FEB37FE4BF191F4
:10B1500040148808F18AEB37FE4BF19250148004BA
:10B16000944AF18BEB37FE4BF19350148006944ACE
:10B170004000040CFE03F18CF09484E0B020380011
:10B180001E02F0844E0200BFB01738A01C00EB0F67
:10B19000F08DB02838601E01EB66441001C0EB61F1
:10B1A000B01C967138201D01B038924149FFDB82F6
:10B1B00040050408F08FF00D85409401F08EF00FEB
:10B1C000E1404EF20091FA08421500249649F190B0
:10B1D000842014AF8002F183F095F00340600409ED
:10B1E000F00DE340E831F010508F80E088C0F003AC
:10B1F00097B1960638141A02C814F012F202EA95B2
:10B20000F004F306F407EA60F20A80A9EAB7F2084C
:10B21000965FB65F96B8F281F205EA8CF10AD549DD
:10B22000F011F202EA95F004F306F407EA60F2097D
:10B2300080A9EAB7F208965FB65F96B8F281F20588
:10B24000EA8CF109D536B017F11538001C00508F83
:10B2500080E094018A0A8E01EB61F00397B19606B3
:10B2600038141A02C814F013F202EA95F004F30637
:10B27000F407EA60F20B80A9EAB7F208965FB65FBE
:10B2800096B8F281F205EA8CF10BD513F014F202B4
:10B29000EA95F004F306F407EA60F20C80A9EAB735
:10B2A000F208965FB65F96B8F281F205EA8CF10C6F
:10B2B0004000040C4000700438041A0AF003F10E38
:10B2C0008C019601F083F00288019601F082F00370
:10B2D0005A00300448FFFF835005000140A00013CE
:10B2E00048FFFF6FB02838601E01EB66441001C0B4
:10B2F000EB61B01C967138201D01B038924149FFB6
:10B30000DAE68CE15A70080448FFFF3A51FF83E007
:10B31000FCC0FC004402820049FFECC144028800EA
:10B3200049FFECC744027C0049FFECE8840049FF78
:10B33000ECCAEAC7EB56EAC749FFECCE840049FFE6
:10B34000ECE7EAC749FFECF0FC80FC038420801F97
:10B35000FA48DD4184018482846384448425100F8B
:10B360008001100F8003100F800D100F800F801FC1
:10B37000104F8004103F8005102F8006101F80079B
:10B38000104F8010103F8011102F8012101F80135B
:10B39000EA41FC83FC0244108250801FEA7F3A2F6E
:10B3A000942049FFE4B6FC82FC00840649FFECC807
:10B3B000840249FFECCEFC80FC00DD4480C0C81351
:10B3C00049FFDAC2800649FFDAC9800649FFDAD0B0
:10B3D000800649FFDAD7800649FFDADE44000140E3
:10B3E00049FFDAE4FC80FC00C8058407EB10840800
:10B3F000D5065A0805078401EB10840249FFDAFCE0
:10B4000049FFDAF48C01960049FFE2DCEB2EEB00F9
:10B41000FC80FC00C0058E055C000001D50284079D
:10B420008C0149FFDACDFC80FC0080C0C0045A00CA
:10B430000109FC8049FFF74CEA89EAEC8006D51B3C
:10B4400049FFF746EABC49FFDA7F3C03F91149FF9F
:10B45000DA853C03F91249FFDA8B3C03F91349FF03
:10B46000DA913C03F91449FFDA974400014049FF9F
:10B47000DA9D8400EAC9FC80FC008400EB4484016E
:10B48000EA728400EB3DFC80FC008401EB44840004
:10B49000EA728400EB3DFC80FC008400EB448400F5
:10B4A000EA728400EB3DFC80FC005A0002095A005D
:10B4B000030A5A08010A49FFFFE1FC8049FFFFE641
:10B4C000FC8049FFFFEBFC80FC00EB0E80603E003F
:10B4D00008CC44120DFC4402127C442002402E474A
:10B4E000FFC949FFF79DFC804402127CDD9E4402A7
:10B4F0000DFCDD9EFC0049FFE0B0FC80FC008400F8
:10B50000EA90FC80FC008401EA90FC80FC00C80406
:10B5100049FFFFF6D50349FFFFF7840049FFDA8AA8
:10B52000EB2EEB0049FFE0BEFC80FC008400EA301B
:10B5300049FFE35184003E07FFC93E07FFC884006E
:10B54000EA49FC80FC0049FFD95649FFF761EA89C6
:10B55000EABD8400EA302E07FFC85A0001038400C8
:10B56000EA4949FFFF8BFC80FC2280E0B181C803DF
:10B57000FD03D5205A08021180068420844CDD4149
:10B580008404EA5AAE318401AE32AE33AE34AE3505
:10B59000AE36AE37D5255A08040A80068420844C7E
:10B5A000DD41107F8004AFF1D5EF5A080608800610
:10B5B0008420844CDD418403D5E55A08050A8006C1
:10B5C0008420844CDD418404EA5AAE31D5095A08FE
:10B5D000070B440082603A2010003A2310208006B6
:10B5E00049FFD98480068420844CDD4184E096386C
:10B5F000EA4438031C088CE15A780CFB800649FFAA
:10B60000DDC4800649FFDD4949FFE345FCA2DD9E1C
:10B61000EA89DD9E2E07FFC9DD9E2E07FFC8DD9E4D
:10B62000FC0049FFD8F78402842A49FFE68384019D
:10B630008420EA2184018020EA2184008423EA21F5
:10B64000FC80FC0080025A2001038400EA49FC804F
:10B65000FC438001B1C3F3818122EB428007842047
:10B66000844CDD4184C0F3019630F381EA44EB3130
:10B670008CC1F3015A680CFA5A98010C80075A38A9
:10B68000020584208049D5038029844049FFDE4794
:10B69000FCC3FC00840049FFDFFB446061A949FF53
:10B6A000EF2549FFE6A8C0068EC1C6048401DD511E
:10B6B000D5F949FFEF1B840149FFDFEAFC80FC005C
:10B6C00080C03E07F99049000BB0800649FFD9A120
:10B6D000FC80FC015A08010BF081EA8F49FFE26B04
:10B6E00049FFEB4DF001EA99FC818400EA9984015D
:10B6F000DD5149FFFFD0EA8FFC81FC22B61F840098
:10B70000100F800F8400F181EA3F84208441806122
:10B71000EA8949FFFF9F8400EB598401DD4584C01D
:10B72000447217002E07F9CBC8052E07FFC75A0829
:10B7300001FBEA8F56030001EB5949FFEB2049FF5B
:10B74000E23AEB0EEB315A60010484C1D5EC84007F
:10B75000DD45501F800FB45FF301840049FFFC8F6B
:10B760008006501F800FB45FF30149FFFC888006FC
:10B77000EA3F000F800FFCA2FC00EA3EFC80FC00C8
:10B7800080C03E07FFCA49FFFEC38006EAECFC808A
:10B79000FC0049FFD88EFC80FC5280E03E0008CDC2
:10B7A000C82F3C0DFE1CEB52B61F3C0DFE1B446027
:10B7B000826CF08144000801F08244000402F083AE
:10B7C00044000204F08444000108F085EB2FF08669
:10B7D00044000060F0878009EA2DF788F789F78A2E
:10B7E000F78BEA2AEA2DEA2AEACBEA6B8027B0181F
:10B7F000EA5FDD418404F098F099801FD5355A083E
:10B8000001198420EA5F801FDD4144000E07B61F46
:10B81000440001F8F0818420EA5FB00CDD4184200F
:10B82000B018EA5FF78CF78DDD41801FB04CD51D55
:10B830005A08021F4410829C801FEA5DEA2AEA5DD2
:10B84000EA2AEA7FEB52446082CCEA6B8009EA2D57
:10B85000EA2AEA2DEA2AEACBEA6B8420B018EA5FEA
:10B86000DD4180FF801F8029B09849FFE6C1FCD2EE
:10B87000FC048420B002FA48DD41840184828463A0
:10B8800084448425100F8009100F800B100F801541
:10B89000100F8017B002101F800F101F801B104F59
:10B8A000800C103F800D102F800E104F8018103F1D
:10B8B0008019102F801AEA41DD44F081F1018402E1
:10B8C000EA59FC84FC01DD44F081F1018401EA596C
:10B8D000FC81FC01DD44F081F1018400EA59FC8126
:10B8E000FC04441082FCB1828006EA5DEA2A3A2018
:10B8F0008C003A200C20840049FFDE76840049FF4A
:10B90000DE8349FFFD0849FFFD22EB6A49FFFD4444
:10B9100049FFFD4C840449FFF19CEA458400DD4960
:10B92000EAFDEA33F081F1018400EA3EEA45840150
:10B93000DD49EAFDEA33F081F1018401EA3EEA459E
:10B940008403DD49EAFDEA33F081F1018403EA3E34
:10B9500084008020EA5384018420EA5384028420F6
:10B96000EA53444200000012008A0022008B003299
:10B97000008C020200300042008D49FFD6E68006AE
:10B9800049FFE46F840049FFD85F840049FFFEF956
:10B9900049FFE4653E07FFCA49FFDB69FC84FC04FC
:10B9A00049FFF5368420FA48B002DD4184018482E3
:10B9B000846384448425100F8009100F800B100FBE
:10B9C0008015100F80178404104F800C103F800DDD
:10B9D000102F800E101F800F104F8018103F8019FD
:10B9E000102F801A101F801BEA4C840049FFFF4271
:10B9F00084C049FFFA708006842049FFFE805A08FF
:10BA000001078CC197B05A6806F8D502C6FB8400BE
:10BA1000EA4CB002EA41DD44F081F1018400EA59C8
:10BA2000FC84FC418500F08181218142447020002A
:10BA300087804064700097B1541E00FF8006EB01C0
:10BA4000F1019401994888092212800022400000E7
:10BA50009B0C4E440003FF2294F1886A221180005F
:10BA6000E024E802AD1822F280005EF7BFC1E806CC
:10BA700022F000005EF7BFC1E902ADD851CE00014F
:10BA80005BC812D950040012408000135A8A40D279
:10BA9000FCC1FC002E07F9CBC8092E07FFC75A00CE
:10BAA0000106490009D3EA88C0F6FC80FC00EA8F51
:10BAB00049FFFFF18400EADDFC80EA81C805FC0053
:10BAC00049FFE79CFC80DD9E9606C006FC008001D5
:10BAD00049FFF260FC80DD9EFC01F08149FFDD3909
:10BAE000F00149FFDD45F00149FFDD6AFC81FC0101
:10BAF000DD523E000E21EA703C0E03852E07F9FF51
:10BB00003E000E36EB5C9606EB1A2E07FA00961FE7
:10BB10003E000E372E07FA005400003090043E001D
:10BB20000E252E07FA01961F3E000E272E07FA015A
:10BB300092043E000E28EAE9EB64DD4EFE0FEACFE8
:10BB400084003E000E293E000E2A841F3E000E2E69
:10BB50003E000E2F3E000E303E000E313E000E32F3
:10BB60003E000E333E000E3449FFFCC03C0E038401
:10BB700084003C0E03812E100E212E07FA023E0097
:10BB80000E2C2E07FA033E000E2D5A101D045A18D3
:10BB9000320D8401EB1AEB5C96003E000E355A081C
:10BBA000FF03FA183C0E03815A1804278401EB1A8C
:10BBB000EAE9EB64DD4EFE0F2E17F9FD2E27F9FEA4
:10BBC000EA34FE57E2203C08070D4000BC1AEACFD9
:10BBD0002E07FA043C18070E961FEAA72E07FA054F
:10BBE00096063E0008D82E07FA055400000E900174
:10BBF0003E07F991D50AEAE9EB64DD4EFE0FEACF84
:10BC00002E07F9FD961FEAA7EA40C8113C50070C21
:10BC1000DD53D803841FD50980052E600E1FEA333B
:10BC2000F081F1018006EB6EEAA7D5035A000FF40C
:10BC3000EA40E602E80884013E0008D9841FEAA72A
:10BC4000841FEACF84013E000E20EA9F5A000104BF
:10BC50005A080806EB5C92073E000E20FC81FC00AF
:10BC60002E67F9E4DD4C97B08420CE0A8421EA32B5
:10BC70008026DD4CEA328401DD57DD4C8421EA3236
:10BC8000EAF2DD4DFC802E000E3654000006C80995
:10BC9000FC003E07F9F1EA5C2E07F9F1C0FEFC80DA
:10BCA000DD9EFC41B61F80C18125007F80285A3867
:10BCB0000F045A4001048400EB425A980F045A7052
:10BCC0000F03EB4FDD534C60000B8026B41FDD49A2
:10BCD0008006EA33F081F101B41FEA42FCC1FC4264
:10BCE00080E080C1008F803000AF8034009F8038BA
:10BCF0005A58010780035A300F0449FFE3835A80E2
:10BD00000F05800849FFD7295AA00F05800A49FF6F
:10BD1000D74D3C10070C5A900105DD534C100038EC
:10BD2000DD534C1000178007DD493C00070CEA3357
:10BD3000F081F1018007EA42CF0C3C10070C84012E
:10BD4000DD493C00070CEA33F081F1018401EA424D
:10BD50005A60FF10E6D5E902FAC344A205688007DD
:10BD600038151901EA42CF05840138151901EA4254
:10BD70005A98010EEA43EB29EA2EF081EB14F08287
:10BD8000EB11F083F102F001F203EB1FFCC2FC01A6
:10BD900080C0F181EA2E2E17F77D9EB1E0222E079A
:10BDA000F774E8039D89D504E006E9039D8197B007
:10BDB0008420442205A43851040096088CA1DE0496
:10BDC000F101DD5AFC818C215A180AF7FC81FC0034
:10BDD000EA405A08FF05EA9F5A08320E8400EAAE8C
:10BDE0003E000E298403EAAE3E000E2A8402EAAE2B
:10BDF0003E000E2BFC80EAFBDD53D00EFC014452CA
:10BE00001C64B6BF9E2E9E6D9EAC9EEB9F2A8EA19B
:10BE100049FFE577FC81DD9EFC03F085EA405A008E
:10BE2000FF108420EA58EA408423EA58EA4084223A
:10BE3000EA58EA9C8420EABE8400EA49D50DEA9FCC
:10BE40005A08320B84038420EA5884038020EA587D
:10BE500084038422EA58EAFBDD53D00B84412E0090
:10BE60000E2C2E100E2DB65F8465848080A2EB27E9
:10BE7000EADAF105B61FEA63EA75F0818400F08220
:10BE8000804080802E500E2549FFFF2BEADAEA75AC
:10BE9000B61FEA632E500E25F081EB74F105F08297
:10BEA00084038442808049FFFF1CFC83FC01EA403C
:10BEB0005A08FF05EA9F5A08320E2E000E298420E8
:10BEC000DD5A2E000E2A8423DD5A2E000E2B8422EA
:10BED000DD5AEAFBDD53D0112E600E342E000E2EFB
:10BEE0002E100E2F2E200E302E300E312E400E3200
:10BEF0002E500E33B6DFEB27EA633C13F948B61F2A
:10BF000084008040EA75EB68EAD7EB23EA633C13D0
:10BF1000F94AB61FEA75EB68EAD784038442EB233B
:10BF2000FC81FC41EA77EB4D8421DD4FDD5CEAA921
:10BF3000EAACEA92EAC5EAB9EA93EA3DEAFEEA6FB8
:10BF4000B400B441EAB5FE17B601B423EA47DD40B8
:10BF5000FE46EAA0FE57B623EA36B461FE1EFE177F
:10BF6000B6012E000E20C802EA4DEA71EAC3840031
:10BF7000EA5084C0500302404090001380E654A36E
:10BF800000FF8007802AEB01844C40100817520004
:10BF9000000B96009648502F8006B0C1504F800588
:10BFA00049FFE5A5EA73001F8005DD4EFE0FEAD8C4
:10BFB00038009D098CF297F94C74FFE58CC197B15C
:10BFC0005A6812DA49FFF1C8EAB8EABFEB35EB323A
:10BFD000DD4F8420DD5CEA9EEA81C802EB3E2E0044
:10BFE0000E20C8038401EA4DEA68EA5CEA3DEA37BC
:10BFF000B441DD40FE16EA87B601B422EA47DD40CF
:10C00000FE46EA4EB622EA36B441FE16EAA2B60170
:10C01000FCC1FC4051FFFB68B1C63A0F8420F2839B
:10C0200084208007EA80810381448385006F84B87F
:10C03000DD413A0F8400F084F1858520B004802929
:10C0400049FFEB17EAE3EAF65A9806FAF10384018E
:10C05000DD498401DD45EA2B8400DD4544100240C2
:10C060008007844049FFF20B842CCE1496B1E24A3B
:10C07000E84340430416C806C2055034000240811C
:10C0800080134204047338238101382E01098CC1C6
:10C09000D5EE5A6801104034040888E38400887C97
:10C0A0009641E22AE82938138101381181098C016F
:10C0B000D5F85A680222840084ACFA489701E28AD3
:10C0C000E81B40601436C908C407409008D6C6046F
:10C0D00050340001D507409008D6CE06C405503430
:10C0E0000007408180134214147338438501384E91
:10C0F00005098C01D5E451FF8498FCC0FC4051FF38
:10C10000F688EA70F082B047B00649FFEB094400B8
:10C110008318B1CEEAE151CF802044008328803CCF
:10C120003A2394203A200C043A208C24A400508F07
:10C13000802CAC08000F8020B1928C0154A000FF2D
:10C14000440083343A20100084023A241020EAAEDE
:10C15000F084EA774400834080263A2014043A2091
:10C1600094243A200C003A208C20B0188420FA48FD
:10C17000DD4184018425848284638444100F8061BE
:10C18000100F8063101F8067100F806D100F806F7D
:10C19000101F8073DD4F8421104F8064103F806535
:10C1A000102F8066104F8070103F8071102F8072AA
:10C1B000DD5CF5028421500284801A128001D8FED1
:10C1C000800849FFD3938405EB10840649FFE5CC32
:10C1D000840649FFD3F5840649FFD40E49FFE25097
:10C1E00049FFDD59EB2EEB008006EA418403EB3971
:10C1F000840049FFD9A0840049FFE5658400EB561F
:10C20000EADA2E100E2849FFD5842E07F9915A003C
:10C21000070449FFE44BEA78EADE04208397FE1620
:10C2200014008397800749FFEA622E000E2C2E101F
:10C230000E2D49FFEA7E842084018041EAB13C0052
:10C24000070D4410FFFF4C0080113C50070ED10D2C
:10C25000E2A080E540703C1BE20540503C1B80079B
:10C260008125EA338100D5074480010044900040D5
:10C27000447000C084018027DD4984018028EA429F
:10C2800084008422DD5A8420EA9CEABE8400EA49C4
:10C2900084028028EA4249FFE32784268401EA5386
:10C2A000800749FFEA7749FFE0D68401EAED842060
:10C2B0002E27F24B2E37F24A44400030FAA0840178
:10C2C00049FFDB64840649FFDB7D8400842149FF4C
:10C2D000EA602E600E1E5A68FF0384CDEB7480283E
:10C2E000EB6EE206E805EB748028EB6E80C08400FC
:10C2F000DD458401DD45850640A32801E10AE80704
:10C30000EA2B8400DD4549FFDB7FC8088400DD455A
:10C31000E148E91D84208AC8D50D50040001EA389F
:10C3200080288401EA538401DD45D5E98C215A1027
:10C330000A0F385E040096098CA1DEF9960084226B
:10C34000DD5AEA9C8420EABE8400EA49EA78854006
:10C3500004008397EB5314008397EA43EB0FF083B9
:10C3600046055555804A5000055544105555EA5B21
:10C3700081008381F00EF10F84C0EA2CEAC480476B
:10C38000F30344400120B15EB6DFEA51F00EF10F35
:10C39000B6DFEA2CEAC48049F30344400120EB50A5
:10C3A000EA515AA001048541D5DAB01EEB02F2022F
:10C3B000EAF4EA438046EA718420EA5B8380440021
:10C3C0000048FE348546F1834000281640A0001343
:10C3D000F203F00EF10F8501FE5640007002804717
:10C3E000806A44400060B15EB71FEA51F203F00E6C
:10C3F000F10FB71FFE56400070028049806A44402A
:10C400000060EB508CC8EA515A6830D6B01EEB027F
:10C41000F202EAF48540EA4346003030804A500098
:10C42000030344100303EA5B8100EB0F8381F08375
:10C43000F10FF00E84C2EA2CEAC48047F3034440B3
:10C440000090B15EB6DFEA51F00EF10FB6DFEA2CD4
:10C45000EAC48049F30344400090EB508946EA5116
:10C460005AA808DC46700081F202B01EEB02EAF422
:10C4700051C38E5CB41C842094019201B61C8401CB
:10C48000EA53B00E49FFE98C8420840149FFE98119
:10C490008401EA3F8400EA488401EB3949FFE90C52
:10C4A000B43CEADEFE0EB61CDD44F082F1028006EA
:10C4B000EA59B018EA418400EAED84208401EB34A3
:10C4C000EB4F8400EA4C840049FFF8A38400EAD4CF
:10C4D0008400EA30EAC7EB56800649FFE445EA2EBD
:10C4E000EABDEA2EF082EB14F083EB11F085F20541
:10C4F000F103F002EB1F8400EAC9F0048026DD5A44
:10C50000EA633C13F945B61F84018040EA75EB6885
:10C51000EAD7EB23EA68EA5CDD4F8420DD5C2E0776
:10C52000F9915A00070449FFE2D551FF8978FCC010
:10C53000FC00EA77EAB9EA93EAA9EAACEA92EAC52A
:10C54000EB4DDD4F8421DD5CEB12DD5297B05A08D4
:10C55000050E842080418401EAB184008020EB3400
:10C56000EA81C00484018420EA218400EA4DDD527E
:10C570005A080816EA3DEAFEEA6FB400B441EAB58B
:10C58000FE17B601B423EA47DD40FE46EAA0FE5797
:10C59000B623EA36B461FE1EFE17B601EA71EAC39D
:10C5A000DD525A08081154030001C80B84014013DE
:10C5B00018095423003EFE464021000DEAB1D50380
:10C5C0008400EA48EA438401DD45EA2B8400DD4526
:10C5D000EAEF8401EA4DDD525A0808058400DD4582
:10C5E000D508DD525A0805068400EA488400EB426B
:10C5F000DD525A08080654030001C802EA48EAB8A6
:10C60000EABFEB35EB32EA9EDD4F8420DD5CEA8148
:10C61000C802EB3EEA68EA5CDD525A080814EA3DBB
:10C62000EA37B441DD40FE16EA87B601B422EA4794
:10C63000DD40FE46EA4EB622EA36B441FE16EAA2D4
:10C64000B601FC80FC40846184808E21E081E81D7D
:10C650005A38011C846080A340A09001E0AAE8122F
:10C6600094A999C28C4288402263800022910000E4
:10C67000E0C9E805129380008461AD908CA19768B1
:10C68000D5EE8C819720D5E3FCC0FC4051FFE060E3
:10C690002E77FA04EB12EA772E07FA0697F896003F
:10C6A000B61FDD4F97B09606C008842084018041F4
:10C6B000EAB1DD4F8421DD5C9E3196005CF000FE26
:10C6C000E90284C0EA3DEAFEEA6FB400B441EAB58B
:10C6D000FE17B601B403461FFF03DD42EAA0FE0EBB
:10C6E000FE17B603440292A88CC1B460FE5EFE57EA
:10C6F000B6208400EA4DEAB9EAA9EAACEA92EAC5B2
:10C70000EA938007EAC3441000968401EAA58400F6
:10C7100049FFE2AC838084E0EA438401DD45812760
:10C72000E2E6E8073E97F9CB8CE149FFF9B4D5F989
:10C73000EAEF801CEAD8EA80EA25EA8897C0C710A9
:10C740008400DD458400EA488401EA4D3C1C0381F5
:10C750004E130161EABAEA80EA854800015C506F35
:10C760008DA0800644201200441000FFEA85462078
:10C770002A698007445047724470019A44421BDC86
:10C7800050210C00806542301C734011840A8822BD
:10C7900040108C36381201098C015A0820F58400AB
:10C7A00046AFFF00EADD468C00FF500503FF84E042
:10C7B000509F8020F08150840FFFEAB3E2E0E8C18F
:10C7C000EA2BEAEF3C3C0385840038118101382EC6
:10C7D00001018A22381481098C015A0A40F8B41FD9
:10C7E000960EC80680098421EB1749FFCC9D844032
:10C7F0008002FA824010103744521BDC3834811119
:10C80000381285018C01FE5C902AE02240113C1B0D
:10C81000968B5A0A40F1B43F9646C90C5EF1004629
:10C82000E8098461803C3C2C0385848880A349FF0F
:10C83000EE5285403834A911504F8920CF19500F3E
:10C8400084A03832290938302909EAB35A00010492
:10C85000480000D9EAD840050408880122100000E9
:10C860009ACB4E340003FEDAACC0480000CC401531
:10C870000C08882638522911A0099214EA249AA893
:10C88000E043E84D96A99A10F483123F800EF3829C
:10C89000120F800DA009920AEA249A10120F800C40
:10C8A000A0098425EA249A10120F800BB005125FAC
:10C8B000800A49FFFEC9220F800A221F800BF40361
:10C8C0009A41EB5138022909F302E902EB20404575
:10C8D0000C0898B4EA4FA15192AA4052A808FF4F01
:10C8E000A951221F800C9A41EB51E902EB2098B428
:10C8F000EA4F40F0A808A151F101FF4E40179404FF
:10C90000A851221F800D8A01EB28E902EAF08886EF
:10C91000EA24A061DD56EB08FE0FA821504F84A049
:10C92000EACE381229119214EA249948E065E848C1
:10C93000123F800E96C98803F482120F800DEACE52
:10C94000920AEA248803120F800CEACE121F800A92
:10C95000EA2488608425B005123F800B49FFFE74ED
:10C96000223F800E220F800DF4028A03EB2838321A
:10C970002909E902EAF0EB19EA24922A4010A808F2
:10C98000FE0F38032B0A221F800C8A23EB51E90289
:10C99000EB20EACEF201EA4FFE164010A808FE474F
:10C9A00038132B0A220F800B8A03EB28E902EAF0E6
:10C9B000EB19EA24DD56EB08FE0F38032B0AEAB325
:10C9C0008E014C704020EABA4055040888A0500FF0
:10C9D0008920EB193820291140050C0888063842B7
:10C9E0002911A0C192349274543183FF9A13EA4FF3
:10C9F0008A048A014E040005981988048A02960365
:10CA0000AC288D415AA2400448FFFF168CE148FF34
:10CA1000FED68420DD4FDD5CEAB8EABFEB35EB32B1
:10CA2000EA9EEA3DEA37B441DD40FE16EA87B601E8
:10CA3000B422EA47DD40FE46EA4EB622EA36B44169
:10CA4000FE16EAA2B601EA68EA5C51FF9FA0FCC0AC
:10CA5000FC4051FFF570EB1249FFD00CF0823C9383
:10CA6000F8F8EA77EB4D8421DD4FDD5CEA703C0E8F
:10CA70000385EAB9EAA9EAACEA92EAC5EA93EA715F
:10CA8000EAC38400EA908403EB39840049FFD5535C
:10CA9000490001A5EB6A49FFF717DD5297B05A0824
:10CAA00032048401D5028400EA728405EA4C8405CC
:10CAB000EAC98405EA3049FFD67F5A0001FEEABA86
:10CAC0008420EA80EA85EA438401DD45DD525A008C
:10CAD000320448000083EA889600C01A8400DD45CD
:10CAE0008401EA72F002EA908400EA4C8400EA30A1
:10CAF0008400EAC9EB6A8420DD4FDD5CEAB8EABF56
:10CB0000EA9EEA814E030095EB3E480000929E713A
:10CB100096485CF080FE40603C1A963184E0F083D9
:10CB2000EAB38806E207E9DBEA2BB004802949FF73
:10CB3000ECBB3C4C03813C5C038540A310008400AB
:10CB40008506878C501F8190503F86109681E24960
:10CB5000E841402020564221702404FF8003969132
:10CB6000F281B0844C77C01938F1011138F0810995
:10CB700038F181095A48012DF20188409491884585
:10CB800023E1000040FF3C014EF4000452F7800016
:10CB900012F10000D51D39E1011138F1811140F782
:10CBA000F807E80339E1810938F0811140FF3C07BB
:10CBB000E80339E0810938F1811139E081114C75C0
:10CBC0004008F20140F7F801884038F289098C01E9
:10CBD000D5BE8CE197F9D5A5DD525A00330448FF44
:10CBE000FF7F8401EA99EA88C804EA2BEA2BEA2B42
:10CBF0008400EA99B004802949FFEC568420EA8039
:10CC0000EABAEA853C2C038584208466848C9609E4
:10CC1000E2094EF2FF65B0043850051140008C1651
:10CC2000FE24960188018C2138510109D5F1EA686A
:10CC3000EA5C51FF8A90FCC0FC202E67F9E497B0B3
:10CC4000C604DD4C8420D51380E08026DD4CEA321A
:10CC50003C6E02353C0C0235E207E8073C1C02350D
:10CC60008C213C1E0235D5F7DD4C8421EA32FCA034
:10CC7000FC00EA6DFC80FC00840149FFE47F49FF71
:10CC8000E43A49FFE43D49FFE451840149FFE47679
:10CC900049FFE48549FFE48E49FFE497840A49FF90
:10CCA000E49A840049FFD53649FFCD9149FFE591CB
:10CCB000840149FFE4BA49FFD79C49FFE79AFC8009
:10CCC000FC00840049FFCF49840249FFCF62840001
:10CCD00049FFCF6C840249FFCF8E840049FFCF9F6C
:10CCE000840149FFCFF8840149FFD03BFC80FC0060
:10CCF0008400EA45DD498401EA45DD498402EA45CC
:10CD0000DD49EA458403DD49840149FFCCCD840235
:10CD1000842C49FFDB0F84008423EA21FC80FC0083
:10CD200080C049FFE3AA5C030001842049FFE3C7F8
:10CD3000FC80FC0049FFE58EFC80FC005A100203D9
:10CD4000840349FFE62184468062440458904414D9
:10CD50005510EA268449440458C044145540806262
:10CD6000EA26FC80FC00840149FFD4FCFA228401FD
:10CD700049FFD3AF8400EAD48400EA308401EA3F5B
:10CD80008401EB59840149FFD3E4840049FFD404B2
:10CD9000840149FFD3ED840149FFD412840080202F
:10CDA00049FFE5A98422840049FFFFC949FFE5C284
:10CDB000840149FFD9FE840149FFE6C8840149FF87
:10CDC000E6CF840049FFE6D8840049FFD5018400FE
:10CDD00049FFE6AF49FFE707FC80FC0049FFE71287
:10CDE000FA1A441003E8EAA5FC80FC02F0838003F1
:10CDF000F282B67FF181EB70F002B43F49FFE8DDCB
:10CE0000F001B43F49FFE8F3F003EB0DF101F2024A
:10CE1000B47F3C4DFE1A49FFE932B41FEAD0FC82D0
:10CE2000FC00EA61FC80FC0080C05A08010B840011
:10CE3000EB1E3C13F9538402EAA584028026D50335
:10CE400084028420EB2CFC80FC002E07F9C9C0056D
:10CE50008402EAE88400EB1E8402490000EE5A08CE
:10CE600001043E07F9C8FC80FC0084013E07F9E09C
:10CE70008420841F806184413C0BFBC3440003E891
:10CE8000EA3184008020EA5684008020EA978440BA
:10CE90008461EABC8427EA3184008421EA56840054
:10CEA0008421EA9784218400EA618400EB70840085
:10CEB000EAD08401EB708401EAD084018020EA6129
:10CEC0002E67F9E097B0CEFD80068026EA618006E5
:10CED0008421EA61FC80FC0049FFFFC844007064C3
:10CEE00049FFE868842080618441EABCEA3184001B
:10CEF0008020EA5684008020EA97840049FFE97385
:10CF000084208401EA618400EAD0844084613C0387
:10CF1000F9408427EA3184008421EA568400842180
:10CF2000EA974900004AFC80FC0049FFE9E8FC80E0
:10CF3000FC005A080127EB0DDD5380C1D80D49FFD5
:10CF4000E9D0FA4E42130824446000644003000C08
:10CF500040008017D50C3C23FBC3FF9449FFE9C177
:10CF6000441000644000800C400300179601FE034B
:10CF7000960149FFE9BC49FFE9C849FFE9C0FC80C7
:10CF800049FFE9CFFC803C0C02BA3C1C02BA4C00C1
:10CF9000FFFCDD9EFC21F0813C6C0238EB6B3C7C9D
:10CFA0000239EADBF201EA5BFE7EFE36FE0F8420E8
:10CFB00040008006FCA184003C0E02383C0E023981
:10CFC000DD9E442217183811020ADD9EFC0080C045
:10CFD00049FFFFDB4412181838009A0AFC80FC4114
:10CFE000F081646304028440642304035A1801102E
:10CFF000EAE83C8C0238F2013C9C0239EB6BEADB3C
:10D00000EA5B402020044030A404D50FF201EB6B12
:10D01000EADBEA5B3C8C02383C9C0239FE03FE4BA7
:10D02000402020024030A4023C2E02383C3E02390F
:10D0300064630403FCC1FC0080C049FFFFAD5A08D3
:10D04000011149FFFFA24412181844221718381082
:10D050009A0238211A028A01E20256078001FC80F6
:10D060008400FC803C0C02BA8C013C0E02BADD9EAE
:10D070003A1FA43C3AFFBFBC426E80203A6F983CF6
:10D080006462A4029DB4647204023A6F9C3C6462C0
:10D0900000029FB264620003640000084900025964
:10D0A0003A6F9C046462A403647204033A6F9804A8
:10D0B000426E80213AFFBF843A1FA404640000043A
:10D0C0003A1FA43C3AFFBFBC426E80203A6F983CA6
:10D0D0006462A4029DB4647204023A6F9C3C646270
:10D0E00000029FB26462000364000008490002323B
:10D0F0003A6F9C046462A403647204033A6F980458
:10D10000426E80213AFFBF843A1FA40464000004E9
:10D110003A1FA43C3AFFBFBC426E80203A6F983C55
:10D120006462A4029DB4647204023A6F9C3C64621F
:10D1300000029FB264620003640000084900020B11
:10D140003A6F9C046462A403647204033A6F980407
:10D15000426E80213AFFBF843A1FA4046400000499
:10D160003A1FA43C3AFFBFBC426E80203A6F983C05
:10D170006462A4029DB4647204023A6F9C3C6462CF
:10D1800000029FB26462000364000008490001E4E9
:10D190003A6F9C046462A403647204033A6F9804B7
:10D1A000426E80213AFFBF843A1FA4046400000449
:10D1B0003A1FA43C3AFFBFBC426E80203A6F983CB5
:10D1C0006462A4029DB4647204023A6F9C3C64627F
:10D1D00000029FB26462000364000008490001BDC0
:10D1E0003A6F9C046462A403647204033A6F980467
:10D1F000426E80213AFFBF843A1FA40464000004F9
:10D200003A1FA43C3AFFBFBC426E80203A6F983C64
:10D210006462A4029DB4647204023A6F9C3C64622E
:10D2200000029FB264620003640000084900019696
:10D230003A6F9C046462A403647204033A6F980416
:10D24000426E80213AFFBF843A1FA40464000004A8
:10D250003A1FA43C3AFFBFBC426E80203A6F983C14
:10D260006462A4029DB4647204023A6F9C3C6462DE
:10D2700000029FB264620003640000084900016F6D
:10D280003A6F9C046462A403647204033A6F9804C6
:10D29000426E80213AFFBF843A1FA4046400000458
:10D2A0003A1FA43C3AFFBFBC426E80203A6F983CC4
:10D2B0006462A4029DB4647204023A6F9C3C64628E
:10D2C00000029FB264620003640000084900014844
:10D2D0003A6F9C046462A403647204033A6F980476
:10D2E000426E80213AFFBF843A1FA4046400000408
:10D2F0003A1F943C3AFFBFBC422E80203A2F8C3C10
:10D300006412A402642204023A1F883C64120002E0
:10D310009E4A64120003441000A438108202DD21EA
:10D320003A0F840464020043640000086402A4030A
:10D33000641204033A2F8C04422E80213AFFBF84EA
:10D340003A1F94043A0F8004640000043A1F943C8E
:10D350003AFFBFBC422E80203A2F8C3C441000A4E0
:10D3600038108202DD213A2F8C04422E80213AFFB0
:10D37000BF843A1F94043A0F800464000004D5006F
:10D380003A0F803C8400D5E33A0F803C8401D5DF1E
:10D390003A0F803C8402D5DB3A0F803C8403D5D71A
:10D3A0003A0F803C8404D5D33A0F803C8405D5CF16
:10D3B0003A0F803C8406D5CB3A0F803C8407D5C712
:10D3C0003A0F803C8408D5C33A0F803C8409D5BF0E
:10D3D0003A0F803C840AD5BB3A0F803C840BD5B70A
:10D3E0003A0F803C840CD5B33A0F803C840DD5AF06
:10D3F0003A0F803C840ED5AB3A0F803C840FD5A702
:10D400003A0F803CFA00D5A33A0F803CFA01D59F31
:10D410003A0F803CFA02D59B3A0F803CFA03D5972D
:10D420003A0F803CFA04D5933A0F803CFA05D58F29
:10D430003A0F803CFA06D58B3A0F803CFA07D58725
:10D440003A0F803CFA08D5833A0F803CFA0948FF2E
:10D45000FF7F3A0F803CFA0A48FFFF7A3A0F803C80
:10D46000FA0B48FFFF753A0F803CFA0C48FFFF703B
:10D470003A0F803CFA0D48FFFF6B3A0F803CFA0EE2
:10D4800048FFFF663A0F803C4400001F48FFFF60E2
:10D4900084016404C002440200016404E00345D234
:10D4A0000E303FC8000045F271F844007AA0420EE9
:10D4B00000214900003B4900028FD500FC00DD4CF3
:10D4C000842149FFD0FADD4C842049FFD105842115
:10D4D000DD4CEA32840049FFD13B44020000442283
:10D4E00007D0441083608A40EA25440207D04422D2
:10D4F0001C6884208A40DD41FC8084006405E403CC
:10D50000841F640304036403240364122402440F8D
:10D510000FFFFE0E64022403641200028418FE0E44
:10D5200064020003EA65DD9EFC0049FFFFE8640039
:10D530008002921EC00664008402962EC002D500AE
:10D5400049FFFFBE64120043EA65EA65FC80DD9E88
:10D55000DD9EDD9EDD9EDD9EDD9EDD9EDD9E440426
:10D56000809844148018B440B4019606FE16C00991
:10D57000FC008401AE08DD5BC00349FFE308FC80CA
:10D58000DD9EDD9EFC01EA4B44148081A600A64886
:10D59000FE0E100F8007000F8007C00349FFDB1A43
:10D5A000FC81FC0049FFE62A44048080B40040105E
:10D5B0006809EA69B400921A9606FE0EC004EA27CA
:10D5C0008424AE40FC80DD9EFC0044048080B400D6
:10D5D000EB22EA69B40092199606FE0EC0262E07C9
:10D5E000F9E05A080123EB0DDD5344250004D8046B
:10D5F000B4029210D51484003E07F9E0B402EA9810
:10D6000092108A014E040007EA98B40292109A0818
:10D61000D505B402EA9892108A0196013C0BFBC32F
:10D62000EA278422AE40FC8049FFE600FC80DD9EB4
:10D63000FC0049FFCBD4FC80DD9EDD9E4414808835
:10D6400044348008B481B40384419606FE26C004A5
:10D65000AE983E27F9D0B401442480084010040954
:10D66000B40292019606FE0EC0068402AE1084013A
:10D670003E07F9CFDD9EDD9EFC0049FFCA02FC801B
:10D68000FC0049FFCA13FC80FC0049FFCA10FC8063
:10D6900044148088B40140202409EA57B400920958
:10D6A0009606FE16C005440480098442AE80B4018B
:10D6B00040102009EA57B40092089606FE0EC005F5
:10D6C000440480098421AE40DD9EFC41447480887E
:10D6D000B40740104809EA57B40092129606FE0EAD
:10D6E000C04344A4800A840410050000B407449D8C
:10D6F000FFFF92119606100F8007B40744673004AD
:10D70000EA39B607B406851EEA2CB606840ADD514E
:10D71000B406DD5EB606840ADD5149FFE32044000D
:10D72000008749FFE316840ADD51B406EA2CB606E9
:10D73000840ADD51B406DD5EB606840ADD5184013B
:10D740003E07F9D8001F8007B40796464010C4086A
:10D75000EA39FE0FB6078402100500003C0DFE7585
:10D760008C013C0FFE75FCC1FC0044148020B40108
:10D7700092019606C0078402AE08DD5BC00349FF34
:10D78000E206EAEBB40040106009EA57B4009218D0
:10D790009606FE0EC007EB188421AE40DD5B49FF04
:10D7A000DE32EAEBB400EB22EA57B4009219960697
:10D7B000FE0EC005EB188422AE40DD5BEAEBB40040
:10D7C00040106809EA57B400921A9606FE0EC00C83
:10D7D00044147008B4019210DD4758007823B60154
:10D7E000EB188424AE40FC80DD9EDD9EDD9EDD9E38
:10D7F000DD9EDD9EFC004404809044148010B44003
:10D80000B40184C19606FE16C00EAF88FA1B3E67AF
:10D81000F9CCEAE82E0008DBC00684003E6008DA96
:10D8200049FFE220FC8044048090B40040102809A5
:10D83000EB33B400920A9606FE0EC0054404801134
:10D840008424AE40DD9EDD9EDD9E44048090442411
:10D850008010B40040101009B40292049606FE0E27
:10D86000C01CFC00FA00AE10DD445A08010449FF58
:10D87000DDCA8401EB1EEADD49FFCEFCEB0C04009F
:10D8800000F09203960649FFCE502E0008DBC0043C
:10D89000840149FFE1E7FC80DD9EDD9E4414809019
:10D8A00044348010B40140200409B4039201960668
:10D8B000FE16C0068402AE1884013E07F9C7B40103
:10D8C00040106C09EB33B400921B9606FE0EC005A7
:10D8D000440480138428AE40DD9EDD9E8427FE0C28
:10D8E0008E015A07FF04EB0BD5FCDD9E4425000892
:10D8F000B4429686C24A44450004B4449691C24557
:10D90000FC028460B67FB4449250F281EA8AF383C9
:10D91000B44292505431000FEACCB482EB17970610
:10D92000CC05EB40461004E2D50B4440FFFF4C12FF
:10D930004006EB4044100BB8D503FE54EB404020AA
:10D940008856B65FB43F44350004FE0CB61FB403DE
:10D950009210F082F101F002E220E907F101F202F7
:10D96000F00388018A02D509F201F402B423F0031E
:10D970009649880288018A04F083F103B41FE220EB
:10D98000E80DF002F081D5E444101CC0FE0C8E01BD
:10D990005A07FF04EB0BD5FCDD9EFC82FC00EA98E5
:10D9A00049FFFFA6FC80FC008400441186A049FFCB
:10D9B000FAC149FFD0DA49FFE29249FFE2E1EA6D9C
:10D9C00049FFEA7149FFDCDC49FFC4A249FFC59D5C
:10D9D0008400FC80FC0049FFFFE88400FC80C21248
:10D9E000523100204E360007FEDA848040100C0CC5
:10D9F000D50840300C0D4010880C4040080CFE5FEC
:10DA00008004DD9E8060E644E91C5441800354504C
:10DA10008003DC174E52000C525280049A9599698B
:10DA200008408001184180014C12FFFC4051080958
:10DA3000C508956A9969968FA309AB194C12FFFE28
:10DA4000C208994A08408001184180014C12FFFC2D
:10DA5000DD9E92008060E644E91C54518003C509B4
:10DA6000525280049A959968181180014C32FFFE39
:10DA700096484040A008FE674040C008401090040F
:10DA800040510809C506956A996B968FAA59DBFF24
:10DA9000C206995A181180014C32FFFEDD9E920099
:10DAA00050000FFF49003D2A50108FFF50210FFFFB
:10DAB0004900238F49002B69402154084000400849
:10DAC00058108001490011442E07FF354900107796
:10DAD000440001003E07F88C400020082E07F9FAA8
:10DAE0004400005049003C6E2E07F9F94400FFFF46
:10DAF00049001EDC490023E94000500849003CCEA3
:10DB0000401040084010C008490010E24900067566
:10DB100049002D645063002C58000001480026C1C4
:10DB2000400030084900035E49000806580000081C
:10DB3000540003FF49003D0249000BE04404800308
:10DB40004010B008400048083A20142449002D56DF
:10DB5000400020023A23140449002B0854000FFF10
:10DB6000490029F3490036F549000B794900229A0A
:10DB70004010A0082E07F9E3441292A8460CFFFFBC
:10DB8000548000FF40002402480026C549002302BB
:10DB900040002C0844142C4049000F2F49000F6905
:10DBA0002E000E1E49000E9749002BBC49002E4343
:10DBB00049000489441000C054100001460FFF03BF
:10DBC0004900041849000A34440FFEFF4404800150
:10DBD00049002AB449002D6C5810C000541083FF2E
:10DBE000120F80034900300949001F374900117D99
:10DBF00050047FFC440F7FFF490020E0440480086C
:10DC000049002EC749002BCC100F800449003CEF7F
:10DC100049002E2F3A2094041420806A44200030BA
:10DC200038000911490020085052802C2E000E287F
:10DC300041CE540964000008440EFFFF41CE540851
:10DC4000490026D344048000581080023A20142052
:10DC50004010AC0849001F8041CE00044432927C41
:10DC600049002A77440000FF49000B0F000F800491
:10DC7000460FEFFF2E300E373E07FA0C49002D7786
:10DC80004610008140214808480026CC08050001C4
:10DC900040002802401020081C02800B3A2094000B
:10DCA000442004802E000E2549001EB40440806AE2
:10DCB000581080044900014F490006BE4422927C5E
:10DCC0002E07F9C82E07FFCA44250000460FDFFFC4
:10DCD000490027EB4000380815CF0000490027E233
:10DCE0004900052C4010C80844021C3C49002EFB8A
:10DCF0004042540841C08002460F0FFF49000D19F1
:10DD00003C13FBC349002B5F44628E28400450083B
:10DD1000440205A44424552049002F562E000E210C
:10DD20004420800005CF000058004000441205A4A4
:10DD300044048004490037E1440400003E000E1E04
:10DD40004010480844021C383E07F9ED50630FFFAD
:10DD5000490014EA440480064900111C4620008052
:10DD60005800010049000427581080083C0C03812A
:10DD700044528E284603000049001E8C4010880D36
:10DD80003C0C038249002EE73C0C0385461EFFFF36
:10DD900044000064490023724900108E490014EFCA
:10DDA00049001E9F442455245800000249002F0CAE
:10DDB0004010F002490014F34900162A44000240C2
:10DDC0004630008049002A09402138083A231400CF
:10DDD0004424000C40003C0438032B023C08070C90
:10DDE000490020B7443FEFFF440205B840106008E7
:10DDF00049002A1414100399462FFEFF2E500E27B7
:10DE00003C1C03855EF0017D2E000E273C1DFE6745
:10DE100040F7FC083E07F9CB440FFF7F4620100077
:10DE200044128E003A2014002E07F9E250048001BB
:10DE3000461FCFFF46140000461BFFFF4010B808E6
:10DE4000490037E62E07F9FB4404589C44048088B7
:10DE5000490029DC49000CEB441458A049002A640D
:10DE6000440003FF44110000440000510431001439
:10DE700049002D1150738FFF549000FF46600081C0
:10DE8000400044084414020C401038093C50071666
:10DE900049000382440000C0440428404000280890
:10DEA00049000C24490021E2501F84F8461FFCFF62
:10DEB00046080FFF44250040043100120430806AF8
:10DEC0004010A00249001E863E07F9C44000000928
:10DED000460000813C53FBC349000A9640050013ED
:10DEE000490004E949002B0D2E67FA054600008021
:10DEF00049002B0A4412928014010012442000644D
:10DF00004404800B38132B023E000E1F4410800087
:10DF100014010014401064083E07F9C949002B2180
:10DF2000441003FF441292AC4010640949002E5182
:10DF3000440FFFEF3E07F9F2442292D8490014A69D
:10DF40005EF0040049002CCF460FF80F5073802C70
:10DF5000490037EF000F8005490005564400009046
:10DF60004414808438039808490014F8440480104D
:10DF7000490011DE3C0C0383440293404010040C22
:10DF80004052A40449002A543E17FA0C44109878D1
:10DF90004425001049000B18490015313E07FA0DC1
:10DFA00040210C0C4600100049002B1046120000C6
:10DFB00049000B2144373010441710184417300023
:10DFC000461800004414551C38008000441292D8B2
:10DFD0004020F00849002D5D460FFF0F49003660D4
:10DFE000505F84F85EF08400509F803058000080BD
:10DFF0004462903838400E0A49001673442292ACAD
:10E0000049001E7249000F76401030094424001068
:10E010002E07F9FE4020C8084031A00849000495A9
:10E0200049000D2D4260047338300800461020006E
:10E030002E17F9FC5420007F490004124424701C60
:10E040002E400E254010240849002C693C0DFE6628
:10E0500050A50FFF441458A4490022A53C1DFC9C68
:10E06000490020664434808044529458443EFFFF67
:10E070002E000E1F40006008721B843E100112200B
:10E0800012200C003000FF07FF07400BA0190A0AFE
:10E090000B0100009A017905410000008200000098
:10E0A0000401000008020000100400002008000025
:10E0B0000000000000000000000000000000000060
:10E0C0000000000000000000050000000500000046
:10E0D000050000000500000005000000050000002C
:10E0E0000000000000000000000000000000000030
:10E0F0000000000000000000040000000400000018
:10E1000004000000040000000400000004000000FF
:10E1100000000000000000000000000000000000FF
:10E1200000000000000000000500000005000000E5
:10E1300001000000010000000100000001000000DB
:10E1400001000000010000000000000000000000CD
:10E150000000000000000000070E0000F8010000B1
:10E160000108000002040000040200000801000091
:10E1700090000000600000000000000000000000AF
:10E18000000000000000000001000000010000008D
:10E19000010000000100000001000000010000007B
:10E1A000010000000100000000000000000000006D
:10E1B000000000000000000001000080020000805C
:10E1C0000300008005002D00AD041105150515059F
:10E1D000150515052505A8002605F9000400000011
:10E1E00000003600370037000000370047005B00B2
:10E1F0004800F900000000000000000000000000DE
:10E2000000000000000000009000000090000000EE
:10E2100000000000000000000000200120010000BC
:10E2200060006000400040000000000000000000AE
:10E23000000000000000000040020000400200005A
:10E2400092020000D2020000000606000200000058
:10E25000FFFFFFFFFFFF0000FFFFFFFFFFFF0000CA
:10E2600001010100000000000000000005000000A6
:10E270000500000001000000010000000100000096
:10E28000010000000100000001000000000000008B
:10E29000000000000000000000000000070E000069
:10E2A000F801000001080000020400000402000060
:10E2B0000801000090000000600000000000000065
:10E2C000000000000000000000000000010000004D
:10E2D000010000000100000001000000010000003A
:10E2E000010000000100000001000000000000002B
:10E2F000000000000000000000000000000101001C
:10E300000100010001000100010001000000000007
:10E310000000000000000000FFFFFFFFFFFF000003
:10E32000FFFFFFFFFFFF0000040708090A0C0D0EA6
:10E330000F100000030303030303030303000000A3
:10E3400000010203040500000000000005040302B0
:10E3500001000000000000000000000000000000BC
:10E3600000000000000000000000000000000000AD
:10E37000290B840350006400B0FF9CFF0A000100D9
:10E38000C00001010120011201060102000000008D
:10E39000000000000000000000000000000000007D
:10E3A000000000000000000000000000000000006D
:10E3B0000000000000000000000014050000400103
:10E3C0000102000164000001240001000014211179
:10E3D0000A004001010800023E0102040606040290
:10E3E00002030C026000020100032409090200C8B4
:10E3F0000814100F1919CEFF5A0003004002000044
:10E4000080BB0000A086010055002D0041000A00DD
:10E410000A00C80040019001D007C000C201C2013B
:10E42000C000C000C00004000B0B300060000202FE
:10E43000600030020C06F401000000000000000043
:10E440000000080009001100400220020002E00163
:10E45000C001A0018001600140010101E100C10093
:10E46000A100810061004100210001003F021F0264
:10E47000FF01DF01BF019F017F015F013F01020139
:10E48000E200C200A20082006200420022000200FC
:10E490003E021E02FE01DE01BE019E017E015E0102
:10E4A0003E010301E300C300A300830063004300B7
:10E4B000230003003D021D02FD01DD01BD019D01A0
:10E4C0007D015D013D010401E400C400A40084005D
:10E4D00064004400240004003C021C02FC01DC0136
:10E4E000BC019C017C015C013C010501E500C5000B
:10E4F000A500850065004500250005003B021B02C4
:10E50000FB01DB01BB019B017B015B013B010601C0
:10E51000E600C600A600860066004600260006004B
:10E520003A021A02FA01DA01BA019A017A015A0191
:10E530003A010701E700C700A7008700670047000E
:10E540002700070039021902F901D901B90199011F
:10E550007901590139010801E800C800A8008800C4
:10E56000680048002800080038021802F801D801A5
:10E57000B80198017801580138010901E900C90082
:10E58000A900890069004900290009003702170223
:10E59000F701D701B70197017701570137010A0148
:10E5A000EA00CA00AA008A006A004A002A000A009B
:10E5B00036021602F601D601B60196017601560121
:10E5C00036010B01EB00CB00AB008B006B004B0066
:10E5D0002B000B0035021502F501D501B50195019F
:10E5E0007501550135010C01EC00CC00AC008C002C
:10E5F0006C004C002C000C0034021402F401D40115
:10E60000B40194017401540134010D01ED00CD00F9
:10E61000AD008D006D004D002D000D003302130282
:10E62000F301D301B30193017301530133010E01CF
:10E63000EE00CE00AE008E006E004E002E000E00EA
:10E6400032021202F201D201B201920172015201B0
:10E6500032010F01EF00CF00AF008F006F004F00BD
:10E660002F000F0031021102F101D101B10191011E
:10E670007101510131011001F000D000B000900093
:10E68000700050003000100030021002F001D00184
:10E69000B00190017001500130011101F100D10071
:10E6A000B100910071005100310011002F020F02E2
:10E6B000EF01CF01AF018F016F014F012F01120157
:10E6C000F200D200B200920072005200320012003A
:10E6D0002E020E02EE01CE01AE018E016E014E0140
:10E6E0002E011301F300D300B30093007300530015
:10E6F000330013002D020D02ED01CD01AD018D019E
:10E700006D014D012D011401F400D400B4009400FA
:10E7100074005400340014002C020C02EC01CC01F3
:10E72000AC018C016C014C012C011501F500D500E8
:10E73000B500950075005500350015002B020B0241
:10E74000EB01CB01AB018B016B014B012B011601DE
:10E75000F600D600B6009600760056003600160089
:10E760002A020A02EA01CA01AA018A016A014A01CF
:10E770002A011701F700D700B7009700770057006C
:10E780003700170029020902E901C901A90189011D
:10E790006901490129011801F800D800B800980062
:10E7A000780058003800180028020802E801C80163
:10E7B000A80188016801480128011901F900D90060
:10E7C000B9009900790059003900190027020702A1
:10E7D000E701C701A70187016701470127011A0166
:10E7E000FA00DA00BA009A007A005A003A001A00D9
:10E7F00026020602E601C601A6018601660146015F
:10E8000026011B01FB00DB00BB009B007B005B00C3
:10E810003B001B0025020502E501C501A50185019C
:10E820006501450125011C01FC00DC00BC009C00C9
:10E830007C005C003C001C0024020402E401C401D2
:10E84000A40184016401440124011D01FD00DD00D7
:10E85000BD009D007D005D003D001D002302030200
:10E86000E301C301A30183016301430123011E01ED
:10E87000FE00DE00BE009E007E005E003E001E0028
:10E8800022020202E201C201A201820162014201EE
:10E8900022011F01FF00DF00BF009F007F005F001B
:10E8A0003F001F0021020102E101C101A10181011C
:10E8B00061014101210120010001E000C000A00030
:10E8C00080006000400020003401000100011401BC
:10E8D0004C015C0108017401980100000000000077
:10E8E0000000000000000000000000000000000028
:10E8F00004030605040305020100000000000000F7
:10E9000000000000040708090A0C0D0E0F1000009B
:10E91000410101010101FFFF0000000001000000B2
:10E9200002000000040000000600000009000000D2
:10E930000C0000001000000014000000190000008E
:10E940001E000000240000002A000000310000002A
:10E9500038000000400000004800000051000000A6
:10E960005A000000640000006E0000007900000002
:10E9700084000000900000009C000000A90000003E
:10E98000B6000000C4000000D2000000E10000005A
:10E99000F000000000010000000101020202020379
:10E9A000030303030304040404040404040404042C
:10E9B000040404050505050502000400060008001E
:10E9C0000A000C000E0010001200140016001800BF
:10E9D0001A001C001E00200022002400260028002F
:10E9E0002A002C002E00300032003400360038009F
:10E9F0003A003C003E0040003075000090000000EE
:10EA000004020000000100010203040500000000F0
:10EA10000001000102030405000000005201000093
:10EA20002EFFFFFFFFFFFFFFFFFFFFFFFFFFFFFFC7
:10EA3000FFFFFFFFF13A0713006E003C00000000EB
:10EA400000C000FFFFFFFFFFFFFFFFFFF13001519C
:10EA5000400808000000C0FE000001400000014026
:10EA60000201010000010024010002240901100834
:10EA70000014000037F900002F200000FF07FF07F7
:10EA800012200A001220002184A8040084A800009B
:10EA90002402020000280200091F0200091F5AA5D3
:10EAA000840002000800290B4019A0012BEBF95B40
:10EAB000F9FFFFFFFFFFFFFFFFFFFFFFFFFFFF2C3F
:10EAC000FFFFFFFFFFFFFFFFFFFFFFFFFFFFFFFF56
:10EAD000FFFFFFFFFFFFFFFF290B4019A001000010
:10EAE000280200091F0200091F5AA584000200081D
:10EAF00000000000240202000000000023020200C7
:10EB0000220506002184A8040084A800000000005B
:10EB1000200000FF07FF0712200A0012200000005B
:10EB200001070000000000000100000000000000DC
:10EB3000FFFFFFFFFFFFFFFFFFFFFFFFFFFFFFFFE5
:10EB4000FFFFFFFFFFFFFFFFFFFFFFFFFFFFFFFFD5
:10EB5000FFFFFFFFFFFFFFFFFFFFFFFFFFFFFFFFC5
:10EB6000FFFFFFFFFFFFFFFFFFFFFFFFFFFFFFFFB5
:10EB7000FFFFFFFFFFFFFFFFFFFFFFFFFFFFFFFFA5
:10EB8000FFFFFFFFFFFFFFFFFFFFFFFFFFFFFFFF95
:10EB9000FFFFFFFFFFFFFFFFFFFFFFFFFFFFFFFF85
:10EBA000FFFFFFFFFFFFFFFFFFFFFFFFFFFFFFFF75
:10EBB000FFFFFFFFFFFFFFFFFFFFFFFFFFFFFFFF65
:10EBC000FFFFFFFFFFFFFFFFFFFFFFFFFFFFFFFF55
:10EBD000FFFFFFFFFFFFFFFFFFFFFFFFFFFFFFFF45
:10EBE000FFFFFFFFFFFFFFFFFFFFFFFFFFFFFFFF35
:10EBF000FFFFFFFFFFFFFFFFFFFFFFFFFFFFFFFF25
:10EC0000FFFFFFFFFFFFFFFFFFFFFFFFFFFFFFFF14
:10EC1000FFFFFFFFFFFFFFFFFFFFFFFFFFFFFFFF04
:10EC2000FFFFFFFFFFFFFFFFFFFFFFFFFFFFFFFFF4
:10EC3000FFFFFFFFFFFFFFFFFFFFFFFFFFFFFFFFE4
:10EC4000FFFFFFFFFFFFFFFFFFFFFFFFFFFFFFFFD4
:10EC5000FFFFFFFFFFFFFFFFFFFFFFFFFFFFFFFFC4
:10EC6000FFFFFFFFFFFFFFFFFFFFFFFFFFFFFFFFB4
:10EC7000FFFFFFFFFFFFFFFFFFFFFFFFFFFFFFFFA4
:10EC8000FFFFFFFFFFFFFFFFFFFFFFFFFFFFFFFF94
:10EC9000FFFFFFFFFFFFFFFFFFFFFFFFFFFFFFFF84
:10ECA000FFFFFFFFFFFFFFFFFFFFFFFFFFFFFFFF74
:10ECB000FFFFFFFFFFFFFFFFFFFFFFFFFFFFFFFF64
:10ECC000FFFFFFFFFFFFFFFFFFFFFFFFFFFFFFFF54
:10ECD000FFFFFFFFFFFFFFFFFFFFFFFFFFFFFFFF44
:10ECE000FFFFFFFFFFFFFFFFFFFFFFFFFFFFFFFF34
:10ECF000FFFFFFFFFFFFFFFFFFFFFFFFFFFFFFFF24
:10ED0000FFFFFFFFFFFFFFFFFFFFFFFFFFFFFFFF13
:10ED1000FFFFFFFFFFFFFFFFFFFFFFFFFFFFFFFF03
:10ED2000FFFFFFFFFFFFFFFFFFFFFFFFFFFFFFFFF3
:10ED3000FFFFFFFFFFFFFFFFFFFFFFFFFFFFFFFFE3
:10ED4000FFFFFFFFFFFFFFFFFFFFFFFFFFFFFFFFD3
:10ED5000FFFFFFFFFFFFFFFFFFFFFFFFFFFFFFFFC3
:10ED6000FFFFFFFFFFFFFFFFFFFFFFFFFFFFFFFFB3
:10ED7000FFFFFFFFFFFFFFFFFFFFFFFFFFFFFFFFA3
:10ED8000FFFFFFFFFFFFFFFFFFFFFFFFFFFFFFFF93
:10ED9000FFFFFFFFFFFFFFFFFFFFFFFFFFFFFFFF83
:10EDA000FFFFFFFFFFFFFFFFFFFFFFFFFFFFFFFF73
:10EDB000FFFFFFFFFFFFFFFFFFFFFFFFFFFFFFFF63
:10EDC000FFFFFFFFFFFFFFFFFFFFFFFFFFFFFFFF53
:10EDD000FFFFFFFFFFFFFFFFFFFFFFFFFFFFFFFF43
:10EDE000FFFFFFFFFFFFFFFFFFFFFFFFFFFFFFFF33
:10EDF000FFFFFFFFFFFFFFFFFFFFFFFFFFFFFFFF23
:10EE0000FFFFFFFFFFFFFFFFFFFFFFFFFFFFFFFF12
:10EE1000FFFFFFFFFFFFFFFFFFFFFFFFFFFFFFFF02
:10EE2000FFFFFFFFFFFFFFFFFFFFFFFFFFFFFFFFF2
:10EE3000FFFFFFFFFFFFFFFFFFFFFFFFFFFFFFFFE2
:10EE4000FFFFFFFFFFFFFFFFFFFFFFFFFFFFFFFFD2
:10EE5000FFFFFFFFFFFFFFFFFFFFFFFFFFFFFFFFC2
:10EE6000FFFFFFFFFFFFFFFFFFFFFFFFFFFFFFFFB2
:10EE7000FFFFFFFFFFFFFFFFFFFFFFFFFFFFFFFFA2
:10EE8000FFFFFFFFFFFFFFFFFFFFFFFFFFFFFFFF92
:10EE9000FFFFFFFFFFFFFFFFFFFFFFFFFFFFFFFF82
:10EEA000FFFFFFFFFFFFFFFFFFFFFFFFFFFFFFFF72
:10EEB000FFFFFFFFFFFFFFFFFFFFFFFFFFFFFFFF62
:10EEC000FFFFFFFFFFFFFFFFFFFFFFFFFFFFFFFF52
:10EED000FFFFFFFFFFFFFFFFFFFFFFFFFFFFFFFF42
:10EEE000FFFFFFFFFFFFFFFFFFFFFFFFFFFFFFFF32
:10EEF000FFFFFFFFFFFFFFFFFFFFFFFFFFFFFFFF22
:10EF0000FFFFFFFFFFFFFFFFFFFFFFFFFFFFFFFF11
:10EF1000FFFFFFFFFFFFFFFFFFFFFFFFFFFFFFFF01
:10EF2000FFFFFFFFFFFFFFFFFFFFFFFFFFFFFFFFF1
:10EF3000FFFFFFFFFFFFFFFFFFFFFFFFFFFFFFFFE1
:10EF4000FFFFFFFFFFFFFFFFFFFFFFFFFFFFFFFFD1
:10EF5000FFFFFFFFFFFFFFFFFFFFFFFFFFFFFFFFC1
:10EF6000FFFFFFFFFFFFFFFFFFFFFFFFFFFFFFFFB1
:10EF7000FFFFFFFFFFFFFFFFFFFFFFFFFFFFFFFFA1
:10EF8000FFFFFFFFFFFFFFFFFFFFFFFFFFFFFFFF91
:10EF9000FFFFFFFFFFFFFFFFFFFFFFFFFFFFFFFF81
:10EFA000FFFFFFFFFFFFFFFFFFFFFFFFFFFFFFFF71
:10EFB000FFFFFFFFFFFFFFFFFFFFFFFFFFFFFFFF61
:10EFC000FFFFFFFFFFFFFFFFFFFFFFFFFFFFFFFF51
:10EFD000FFFFFFFFFFFFFFFFFFFFFFFFFFFFFFFF41
:10EFE000FFFFFFFFFFFFFFFFFFFFFFFFFFFFFFFF31
:10EFF000FFFFFFFFFFFFFFFFFFFFFFFFFFFFFFFF21
:10F00000FFFFFFFFFFFFFFFFFFFFFFFFFFFFFFFF10
:10F01000FFFFFFFFFFFFFFFFFFFFFFFFFFFFFFFF00
:10F02000FFFFFFFFFFFFFFFFFFFFFFFFFFFFFFFFF0
:10F03000FFFFFFFFFFFFFFFFFFFFFFFFFFFFFFFFE0
:10F04000FFFFFFFFFFFFFFFFFFFFFFFFFFFFFFFFD0
:10F05000FFFFFFFFFFFFFFFFFFFFFFFFFFFFFFFFC0
:10F06000FFFFFFFFFFFFFFFFFFFFFFFFFFFFFFFFB0
:10F07000FFFFFFFFFFFFFFFFFFFFFFFFFFFFFFFFA0
:10F08000FFFFFFFFFFFFFFFFFFFFFFFFFFFFFFFF90
:10F09000FFFFFFFFFFFFFFFFFFFFFFFFFFFFFFFF80
:10F0A000FFFFFFFFFFFFFFFFFFFFFFFFFFFFFFFF70
:10F0B000FFFFFFFFFFFFFFFFFFFFFFFFFFFFFFFF60
:10F0C000FFFFFFFFFFFFFFFFFFFFFFFFFFFFFFFF50
:10F0D000FFFFFFFFFFFFFFFFFFFFFFFFFFFFFFFF40
:10F0E000FFFFFFFFFFFFFFFFFFFFFFFFFFFFFFFF30
:10F0F000FFFFFFFFFFFFFFFFFFFFFFFFFFFFFFFF20
:10F10000FFFFFFFFFFFFFFFFFFFFFFFFFFFFFFFF0F
:10F11000FFFFFFFFFFFFFFFFFFFFFFFFFFFFFFFFFF
:10F12000FFFFFFFFFFFFFFFFFFFFFFFFFFFFFFFFEF
:10F13000FFFFFFFFFFFFFFFFFFFFFFFFFFFFFFFFDF
:10F14000FFFFFFFFFFFFFFFFFFFFFFFFFFFFFFFFCF
:10F15000FFFFFFFFFFFFFFFFFFFFFFFFFFFFFFFFBF
:10F16000FFFFFFFFFFFFFFFFFFFFFFFFFFFFFFFFAF
:10F17000FFFFFFFFFFFFFFFFFFFFFFFFFFFFFFFF9F
:10F18000FFFFFFFFFFFFFFFFFFFFFFFFFFFFFFFF8F
:10F19000FFFFFFFFFFFFFFFFFFFFFFFFFFFFFFFF7F
:10F1A000FFFFFFFFFFFFFFFFFFFFFFFFFFFFFFFF6F
:10F1B000FFFFFFFFFFFFFFFFFFFFFFFFFFFFFFFF5F
:10F1C000FFFFFFFFFFFFFFFFFFFFFFFFFFFFFFFF4F
:10F1D000FFFFFFFFFFFFFFFFFFFFFFFFFFFFFFFF3F
:10F1E000FFFFFFFFFFFFFFFFFFFFFFFFFFFFFFFF2F
:10F1F000FFFFFFFFFFFFFFFFFFFFFFFFFFFFFFFF1F
:10F20000FFFFFFFFFFFFFFFFFFFFFFFFFFFFFFFF0E
:10F21000FFFFFFFFFFFFFFFFFFFFFFFFFFFFFFFFFE
:10F22000FFFFFFFFFFFFFFFFFFFFFFFFFFFFFFFFEE
:10F23000FFFFFFFFFFFFFFFFFFFFFFFFFFFFFFFFDE
:10F24000FFFFFFFFFFFFFFFFFFFFFFFFFFFFFFFFCE
:10F25000FFFFFFFFFFFFFFFFFFFFFFFFFFFFFFFFBE
:10F26000FFFFFFFFFFFFFFFFFFFFFFFFFFFFFFFFAE
:10F27000FFFFFFFFFFFFFFFFFFFFFFFFFFFFFFFF9E
:10F28000FFFFFFFFFFFFFFFFFFFFFFFFFFFFFFFF8E
:10F29000FFFFFFFFFFFFFFFFFFFFFFFFFFFFFFFF7E
:10F2A000FFFFFFFFFFFFFFFFFFFFFFFFFFFFFFFF6E
:10F2B000FFFFFFFFFFFFFFFFFFFFFFFFFFFFFFFF5E
:10F2C000FFFFFFFFFFFFFFFFFFFFFFFFFFFFFFFF4E
:10F2D000FFFFFFFFFFFFFFFFFFFFFFFFFFFFFFFF3E
:10F2E000FFFFFFFFFFFFFFFFFFFFFFFFFFFFFFFF2E
:10F2F000FFFFFFFFFFFFFFFFFFFFFFFFFFFFFFFF1E
:10F30000FFFFFFFFFFFFFFFFFFFFFFFFFFFFFFFF0D
:10F31000FFFFFFFFFFFFFFFFFFFFFFFFFFFFFFFFFD
:10F32000FFFFFFFFFFFFFFFFFFFFFFFFFFFFFFFFED
:10F33000FFFFFFFFFFFFFFFFFFFFFFFFFFFFFFFFDD
:10F34000FFFFFFFFFFFFFFFFFFFFFFFFFFFFFFFFCD
:10F35000FFFFFFFFFFFFFFFFFFFFFFFFFFFFFFFFBD
:10F36000FFFFFFFFFFFFFFFFFFFFFFFFFFFFFFFFAD
:10F37000FFFFFFFFFFFFFFFFFFFFFFFFFFFFFFFF9D
:10F38000FFFFFFFFFFFFFFFFFFFFFFFFFFFFFFFF8D
:10F39000FFFFFFFFFFFFFFFFFFFFFFFFFFFFFFFF7D
:10F3A000FFFFFFFFFFFFFFFFFFFFFFFFFFFFFFFF6D
:10F3B000FFFFFFFFFFFFFFFFFFFFFFFFFFFFFFFF5D
:10F3C000FFFFFFFFFFFFFFFFFFFFFFFFFFFFFFFF4D
:10F3D000FFFFFFFFFFFFFFFFFFFFFFFFFFFFFFFF3D
:10F3E000FFFFFFFFFFFFFFFFFFFFFFFFFFFFFFFF2D
:10F3F000FFFFFFFFFFFFFFFFFFFFFFFFFFFFFFFF1D
:10F40000FFFFFFFFFFFFFFFFFFFFFFFFFFFFFFFF0C
:10F41000FFFFFFFFFFFFFFFFFFFFFFFFFFFFFFFFFC
:10F42000FFFFFFFFFFFFFFFFFFFFFFFFFFFFFFFFEC
:10F43000FFFFFFFFFFFFFFFFFFFFFFFFFFFFFFFFDC
:10F44000FFFFFFFFFFFFFFFFFFFFFFFFFFFFFFFFCC
:10F45000FFFFFFFFFFFFFFFFFFFFFFFFFFFFFFFFBC
:10F46000FFFFFFFFFFFFFFFFFFFFFFFFFFFFFFFFAC
:10F47000FFFFFFFFFFFFFFFFFFFFFFFFFFFFFFFF9C
:10F48000FFFFFFFFFFFFFFFFFFFFFFFFFFFFFFFF8C
:10F49000FFFFFFFFFFFFFFFFFFFFFFFFFFFFFFFF7C
:10F4A000FFFFFFFFFFFFFFFFFFFFFFFFFFFFFFFF6C
:10F4B000FFFFFFFFFFFFFFFFFFFFFFFFFFFFFFFF5C
:10F4C000FFFFFFFFFFFFFFFFFFFFFFFFFFFFFFFF4C
:10F4D000FFFFFFFFFFFFFFFFFFFFFFFFFFFFFFFF3C
:10F4E000FFFFFFFFFFFFFFFFFFFFFFFFFFFFFFFF2C
:10F4F000FFFFFFFFFFFFFFFFFFFFFFFFFFFFFFFF1C
:10F50000FFFFFFFFFFFFFFFFFFFFFFFFFFFFFFFF0B
:10F51000FFFFFFFFFFFFFFFFFFFFFFFFFFFFFFFFFB
:10F52000FFFFFFFFFFFFFFFFFFFFFFFFFFFFFFFFEB
:10F53000FFFFFFFFFFFFFFFFFFFFFFFFFFFFFFFFDB
:10F54000FFFFFFFFFFFFFFFFFFFFFFFFFFFFFFFFCB
:10F55000FFFFFFFFFFFFFFFFFFFFFFFFFFFFFFFFBB
:10F56000FFFFFFFFFFFFFFFFFFFFFFFFFFFFFFFFAB
:10F57000FFFFFFFFFFFFFFFFFFFFFFFFFFFFFFFF9B
:10F58000FFFFFFFFFFFFFFFFFFFFFFFFFFFFFFFF8B
:10F59000FFFFFFFFFFFFFFFFFFFFFFFFFFFFFFFF7B
:10F5A000FFFFFFFFFFFFFFFFFFFFFFFFFFFFFFFF6B
:10F5B000FFFFFFFFFFFFFFFFFFFFFFFFFFFFFFFF5B
:10F5C000FFFFFFFFFFFFFFFFFFFFFFFFFFFFFFFF4B
:10F5D000FFFFFFFFFFFFFFFFFFFFFFFFFFFFFFFF3B
:10F5E000FFFFFFFFFFFFFFFFFFFFFFFFFFFFFFFF2B
:10F5F000FFFFFFFFFFFFFFFFFFFFFFFFFFFFFFFF1B
:10F60000FFFFFFFFFFFFFFFFFFFFFFFFFFFFFFFF0A
:10F61000FFFFFFFFFFFFFFFFFFFFFFFFFFFFFFFFFA
:10F62000FFFFFFFFFFFFFFFFFFFFFFFFFFFFFFFFEA
:10F63000FFFFFFFFFFFFFFFFFFFFFFFFFFFFFFFFDA
:10F64000FFFFFFFFFFFFFFFFFFFFFFFFFFFFFFFFCA
:10F65000FFFFFFFFFFFFFFFFFFFFFFFFFFFFFFFFBA
:10F66000FFFFFFFFFFFFFFFFFFFFFFFFFFFFFFFFAA
:10F67000FFFFFFFFFFFFFFFFFFFFFFFFFFFFFFFF9A
:10F68000FFFFFFFFFFFFFFFFFFFFFFFFFFFFFFFF8A
:10F69000FFFFFFFFFFFFFFFFFFFFFFFFFFFFFFFF7A
:10F6A000FFFFFFFFFFFFFFFFFFFFFFFFFFFFFFFF6A
:10F6B000FFFFFFFFFFFFFFFFFFFFFFFFFFFFFFFF5A
:10F6C000FFFFFFFFFFFFFFFFFFFFFFFFFFFFFFFF4A
:10F6D000FFFFFFFFFFFFFFFFFFFFFFFFFFFFFFFF3A
:10F6E000FFFFFFFFFFFFFFFFFFFFFFFFFFFFFFFF2A
:10F6F000FFFFFFFFFFFFFFFFFFFFFFFFFFFFFFFF1A
:10F70000FFFFFFFFFFFFFFFFFFFFFFFFFFFFFFFF09
:10F71000FFFFFFFFFFFFFFFFFFFFFFFFFFFFFFFFF9
:10F72000FFFFFFFFFFFFFFFFFFFFFFFFFFFFFFFFE9
:10F73000FFFFFFFFFFFFFFFFFFFFFFFFFFFFFFFFD9
:10F74000FFFFFFFFFFFFFFFFFFFFFFFFFFFFFFFFC9
:10F75000FFFFFFFFFFFFFFFFFFFFFFFFFFFFFFFFB9
:10F76000FFFFFFFFFFFFFFFFFFFFFFFFFFFFFFFFA9
:10F77000FFFFFFFFFFFFFFFFFFFFFFFFFFFFFFFF99
:10F78000FFFFFFFFFFFFFFFFFFFFFFFFFFFFFFFF89
:10F79000FFFFFFFFFFFFFFFFFFFFFFFFFFFFFFFF79
:10F7A000FFFFFFFFFFFFFFFFFFFFFFFFFFFFFFFF69
:10F7B000FFFFFFFFFFFFFFFFFFFFFFFFFFFFFFFF59
:10F7C000FFFFFFFFFFFFFFFFFFFFFFFFFFFFFFFF49
:10F7D000FFFFFFFFFFFFFFFFFFFFFFFFFFFFFFFF39
:10F7E000FFFFFFFFFFFFFFFFFFFFFFFFFFFFFFFF29
:10F7F000FFFFFFFFFFFFFFFFFFFFFFFFFFFFFFFF19
:10F80000FFFFFFFFFFFFFFFFFFFFFFFFFFFFFFFF08
:10F81000FFFFFFFFFFFFFFFFFFFFFFFFFFFFFFFFF8
:10F82000FFFFFFFFFFFFFFFFFFFFFFFFFFFFFFFFE8
:10F83000FFFFFFFFFFFFFFFFFFFFFFFFFFFFFFFFD8
:10F84000FFFFFFFFFFFFFFFFFFFFFFFFFFFFFFFFC8
:10F85000FFFFFFFFFFFFFFFFFFFFFFFFFFFFFFFFB8
:10F86000FFFFFFFFFFFFFFFFFFFFFFFFFFFFFFFFA8
:10F87000FFFFFFFFFFFFFFFFFFFFFFFFFFFFFFFF98
:10F88000FFFFFFFFFFFFFFFFFFFFFFFFFFFFFFFF88
:10F89000FFFFFFFFFFFFFFFFFFFFFFFFFFFFFFFF78
:10F8A000FFFFFFFFFFFFFFFFFFFFFFFFFFFFFFFF68
:10F8B000FFFFFFFFFFFFFFFFFFFFFFFFFFFFFFFF58
:10F8C000FFFFFFFFFFFFFFFFFFFFFFFFFFFFFFFF48
:10F8D000FFFFFFFFFFFFFFFFFFFFFFFFFFFFFFFF38
:10F8E000FFFFFFFFFFFFFFFFFFFFFFFFFFFFFFFF28
:10F8F000FFFFFFFFFFFFFFFFFFFFFFFFFFFFFFFF18
:10F90000FFFFFFFFFFFFFFFFFFFFFFFFFFFFFFFF07
:10F91000FFFFFFFFFFFFFFFFFFFFFFFFFFFFFFFFF7
:10F92000FFFFFFFFFFFFFFFFFFFFFFFFFFFFFFFFE7
:10F93000FFFFFFFFFFFFFFFFFFFFFFFFFFFFFFFFD7
:10F94000FFFFFFFFFFFFFFFFFFFFFFFFFFFFFFFFC7
:10F95000FFFFFFFFFFFFFFFFFFFFFFFFFFFFFFFFB7
:10F96000FFFFFFFFFFFFFFFFFFFFFFFFFFFFFFFFA7
:10F97000FFFFFFFFFFFFFFFFFFFFFFFFFFFFFFFF97
:10F98000FFFFFFFFFFFFFFFFFFFFFFFFFFFFFFFF87
:10F99000FFFFFFFFFFFFFFFFFFFFFFFFFFFFFFFF77
:10F9A000FFFFFFFFFFFFFFFFFFFFFFFFFFFFFFFF67
:10F9B000FFFFFFFFFFFFFFFFFFFFFFFFFFFFFFFF57
:10F9C000FFFFFFFFFFFFFFFFFFFFFFFFFFFFFFFF47
:10F9D000FFFFFFFFFFFFFFFFFFFFFFFFFFFFFFFF37
:10F9E000FFFFFFFFFFFFFFFFFFFFFFFFFFFFFFFF27
:10F9F000FFFFFFFFFFFFFFFFFFFFFFFFFFFFFFFF17
:10FA0000FFFFFFFFFFFFFFFFFFFFFFFFFFFFFFFF06
:10FA1000FFFFFFFFFFFFFFFFFFFFFFFFFFFFFFFFF6
:10FA2000FFFFFFFFFFFFFFFFFFFFFFFFFFFFFFFFE6
:10FA3000FFFFFFFFFFFFFFFFFFFFFFFFFFFFFFFFD6
:10FA4000FFFFFFFFFFFFFFFFFFFFFFFFFFFFFFFFC6
:10FA5000FFFFFFFFFFFFFFFFFFFFFFFFFFFFFFFFB6
:10FA6000FFFFFFFFFFFFFFFFFFFFFFFFFFFFFFFFA6
:10FA7000FFFFFFFFFFFFFFFFFFFFFFFFFFFFFFFF96
:10FA8000FFFFFFFFFFFFFFFFFFFFFFFFFFFFFFFF86
:10FA9000FFFFFFFFFFFFFFFFFFFFFFFFFFFFFFFF76
:10FAA000FFFFFFFFFFFFFFFFFFFFFFFFFFFFFFFF66
:10FAB000FFFFFFFFFFFFFFFFFFFFFFFFFFFFFFFF56
:10FAC000FFFFFFFFFFFFFFFFFFFFFFFFFFFFFFFF46
:10FAD000FFFFFFFFFFFFFFFFFFFFFFFFFFFFFFFF36
:10FAE000FFFFFFFFFFFFFFFFFFFFFFFFFFFFFFFF26
:10FAF000FFFFFFFFFFFFFFFFFFFFFFFFFFFFFFFF16
:10FB0000FFFFFFFFFFFFFFFFFFFFFFFFFFFFFFFF05
:10FB1000FFFFFFFFFFFFFFFFFFFFFFFFFFFFFFFFF5
:10FB2000FFFFFFFFFFFFFFFFFFFFFFFFFFFFFFFFE5
:10FB3000FFFFFFFFFFFFFFFFFFFFFFFFFFFFFFFFD5
:10FB4000FFFFFFFFFFFFFFFFFFFFFFFFFFFFFFFFC5
:10FB5000FFFFFFFFFFFFFFFFFFFFFFFFFFFFFFFFB5
:10FB6000FFFFFFFFFFFFFFFFFFFFFFFFFFFFFFFFA5
:10FB7000FFFFFFFFFFFFFFFFFFFFFFFFFFFFFFFF95
:10FB8000FFFFFFFFFFFFFFFFFFFFFFFFFFFFFFFF85
:10FB9000FFFFFFFFFFFFFFFFFFFFFFFFFFFFFFFF75
:10FBA000FFFFFFFFFFFFFFFFFFFFFFFFFFFFFFFF65
:10FBB000FFFFFFFFFFFFFFFFFFFFFFFFFFFFFFFF55
:10FBC000FFFFFFFFFFFFFFFFFFFFFFFFFFFFFFFF45
:10FBD000FFFFFFFFFFFFFFFFFFFFFFFFFFFFFFFF35
:10FBE000FFFFFFFFFFFFFFFFFFFFFFFFFFFFFFFF25
:10FBF000FFFFFFFFFFFFFFFFFFFFFFFFFFFFFFFF15
:10FC0000FFFFFFFFFFFFFFFFFFFFFFFFFFFFFFFF04
:10FC1000FFFFFFFFFFFFFFFFFFFFFFFFFFFFFFFFF4
:10FC2000FFFFFFFFFFFFFFFFFFFFFFFFFFFFFFFFE4
:10FC3000FFFFFFFFFFFFFFFFFFFFFFFFFFFFFFFFD4
:10FC4000FFFFFFFFFFFFFFFFFFFFFFFFFFFFFFFFC4
:10FC5000FFFFFFFFFFFFFFFFFFFFFFFFFFFFFFFFB4
:10FC6000FFFFFFFFFFFFFFFFFFFFFFFFFFFFFFFFA4
:10FC7000FFFFFFFFFFFFFFFFFFFFFFFFFFFFFFFF94
:10FC8000FFFFFFFFFFFFFFFFFFFFFFFFFFFFFFFF84
:10FC9000FFFFFFFFFFFFFFFFFFFFFFFFFFFFFFFF74
:10FCA000FFFFFFFFFFFFFFFFFFFFFFFFFFFFFFFF64
:10FCB000FFFFFFFFFFFFFFFFFFFFFFFFFFFFFFFF54
:10FCC000FFFFFFFFFFFFFFFFFFFFFFFFFFFFFFFF44
:10FCD000FFFFFFFFFFFFFFFFFFFFFFFFFFFFFFFF34
:10FCE000FFFFFFFFFFFFFFFFFFFFFFFFFFFFFFFF24
:10FCF000FFFFFFFFFFFFFFFFFFFFFFFFFFFFFFFF14
:10FD0000FFFFFFFFFFFFFFFFFFFFFFFFFFFFFFFF03
:10FD1000FFFFFFFFFFFFFFFFFFFFFFFFFFFFFFFFF3
:10FD2000FFFFFFFFFFFFFFFFFFFFFFFFFFFFFFFFE3
:10FD3000FFFFFFFFFFFFFFFFFFFFFFFFFFFFFFFFD3
:10FD4000FFFFFFFFFFFFFFFFFFFFFFFFFFFFFFFFC3
:10FD5000FFFFFFFFFFFFFFFFFFFFFFFFFFFFFFFFB3
:10FD6000FFFFFFFFFFFFFFFFFFFFFFFFFFFFFFFFA3
:10FD7000FFFFFFFFFFFFFFFFFFFFFFFFFFFFFFFF93
:10FD8000FFFFFFFFFFFFFFFFFFFFFFFFFFFFFFFF83
:10FD9000FFFFFFFFFFFFFFFFFFFFFFFFFFFFFFFF73
:10FDA000FFFFFFFFFFFFFFFFFFFFFFFFFFFFFFFF63
:10FDB000FFFFFFFFFFFFFFFFFFFFFFFFFFFFFFFF53
:10FDC000FFFFFFFFFFFFFFFFFFFFFFFFFFFFFFFF43
:10FDD000FFFFFFFFFFFFFFFFFFFFFFFFFFFFFFFF33
:10FDE000FFFFFFFFFFFFFFFFFFFFFFFFFFFFFFFF23
:10FDF000FFFFFFFFFFFFFFFFFFFFFFFFFFFFFFFF13
:10FE0000FFFFFFFFFFFFFFFFFFFFFFFFFFFFFFFF02
:10FE1000FFFFFFFFFFFFFFFFFFFFFFFFFFFFFFFFF2
:10FE2000FFFFFFFFFFFFFFFFFFFFFFFFFFFFFFFFE2
:10FE3000FFFFFFFFFFFFFFFFFFFFFFFFFFFFFFFFD2
:10FE4000FFFFFFFFFFFFFFFFFFFFFFFFFFFFFFFFC2
:10FE5000FFFFFFFFFFFFFFFFFFFFFFFFFFFFFFFFB2
:10FE6000FFFFFFFFFFFFFFFFFFFFFFFFFFFFFFFFA2
:10FE7000FFFFFFFFFFFFFFFFFFFFFFFFFFFFFFFF92
:10FE8000FFFFFFFFFFFFFFFFFFFFFFFFFFFFFFFF82
:10FE9000FFFFFFFFFFFFFFFFFFFFFFFFFFFFFFFF72
:10FEA000FFFFFFFFFFFFFFFFFFFFFFFFFFFFFFFF62
:10FEB000FFFFFFFFFFFFFFFFFFFFFFFFFFFFFFFF52
:10FEC000FFFFFFFFFFFFFFFFFFFFFFFFFFFFFFFF42
:10FED000FFFFFFFFFFFFFFFFFFFFFFFFFFFFFFFF32
:10FEE000FFFFFFFFFFFFFFFFFFFFFFFFFFFFFFFF22
:10FEF000FFFFFFFFFFFFFFFFFFFFFFFFFFFFFFFF12
:10FF0000FFFFFFFFFFFFFFFFFFFFFFFFFFFFFFFF01
:10FF1000FFFFFFFFFFFFFFFFFFFFFFFFFFFFFFFFF1
:10FF2000FFFFFFFFFFFFFFFFFFFFFFFFFFFFFFFFE1
:10FF3000FFFFFFFFFFFFFFFFFFFFFFFFFFFFFFFFD1
:10FF4000FFFFFFFFFFFFFFFFFFFFFFFFFFFFFFFFC1
:10FF5000FFFFFFFFFFFFFFFFFFFFFFFFFFFFFFFFB1
:10FF6000FFFFFFFFFFFFFFFFFFFFFFFFFFFFFFFFA1
:10FF7000FFFFFFFFFFFFFFFFFFFFFFFFFFFFFFFF91
:10FF8000FFFFFFFFFFFFFFFFFFFFFFFFFFFFFFFF81
:10FF9000FFFFFFFFFFFFFFFFFFFFFFFFFFFFFFFF71
:10FFA000FFFFFFFFFFFFFFFFFFFFFFFFFFFFFFFF61
:10FFB000FFFFFFFFFFFFFFFFFFFFFFFFFFFFFFFF51
:10FFC000FFFFFFFFFFFFFFFFFFFFFFFFFFFFFFFF41
:10FFD000FFFFFFFFFFFFFFFFFFFFFFFFFFFFFFFF31
:10FFE000FFFFFFFFFFFFFFFFFFFFFFFFFFFFFFFF21
:10FFF000FFFFFFFFFFFFFFFFFFFFFFFFFFFFFFFF11
:020000022000DC
:10000000FFFFFFFFFFFFFFFFFFFFFFFFFFFFFFFF00
:10001000FFFFFFFFFFFFFFFFFFFFFFFFFFFFFFFFF0
:10002000FFFFFFFFFFFFFFFFFFFFFFFFFFFFFFFFE0
:10003000FFFFFFFFFFFFFFFFFFFFFFFFFFFFFFFFD0
:10004000FFFFFFFFFFFFFFFFFFFFFFFFFFFFFFFFC0
:10005000FFFFFFFFFFFFFFFFFFFFFFFFFFFFFFFFB0
:10006000FFFFFFFFFFFFFFFFFFFFFFFFFFFFFFFFA0
:10007000FFFFFFFFFFFFFFFFFFFFFFFFFFFFFFFF90
:10008000FFFFFFFFFFFFFFFFFFFFFFFFFFFFFFFF80
:10009000FFFFFFFFFFFFFFFFFFFFFFFFFFFFFFFF70
:1000A000FFFFFFFFFFFFFFFFFFFFFFFFFFFFFFFF60
:1000B000FFFFFFFFFFFFFFFFFFFFFFFFFFFFFFFF50
:1000C000FFFFFFFFFFFFFFFFFFFFFFFFFFFFFFFF40
:1000D000FFFFFFFFFFFFFFFFFFFFFFFFFFFFFFFF30
:1000E000FFFFFFFFFFFFFFFFFFFFFFFFFFFFFFFF20
:1000F000FFFFFFFFFFFFFFFFFFFFFFFFFFFFFFFF10
:10010000FFFFFFFFFFFFFFFFFFFFFFFFFFFFFFFFFF
:10011000FFFFFFFFFFFFFFFFFFFFFFFFFFFFFFFFEF
:10012000FFFFFFFFFFFFFFFFFFFFFFFFFFFFFFFFDF
:10013000FFFFFFFFFFFFFFFFFFFFFFFFFFFFFFFFCF
:10014000FFFFFFFFFFFFFFFFFFFFFFFFFFFFFFFFBF
:10015000FFFFFFFFFFFFFFFFFFFFFFFFFFFFFFFFAF
:10016000FFFFFFFFFFFFFFFFFFFFFFFFFFFFFFFF9F
:10017000FFFFFFFFFFFFFFFFFFFFFFFFFFFFFFFF8F
:10018000FFFFFFFFFFFFFFFFFFFFFFFFFFFFFFFF7F
:10019000FFFFFFFFFFFFFFFFFFFFFFFFFFFFFFFF6F
:1001A000FFFFFFFFFFFFFFFFFFFFFFFFFFFFFFFF5F
:1001B000FFFFFFFFFFFFFFFFFFFFFFFFFFFFFFFF4F
:1001C000FFFFFFFFFFFFFFFFFFFFFFFFFFFFFFFF3F
:1001D000FFFFFFFFFFFFFFFFFFFFFFFFFFFFFFFF2F
:1001E000FFFFFFFFFFFFFFFFFFFFFFFFFFFFFFFF1F
:1001F000FFFFFFFFFFFFFFFFFFFFFFFFFFFFFFFF0F
:10020000FFFFFFFFFFFFFFFFFFFFFFFFFFFFFFFFFE
:10021000FFFFFFFFFFFFFFFFFFFFFFFFFFFFFFFFEE
:10022000FFFFFFFFFFFFFFFFFFFFFFFFFFFFFFFFDE
:10023000FFFFFFFFFFFFFFFFFFFFFFFFFFFFFFFFCE
:10024000FFFFFFFFFFFFFFFFFFFFFFFFFFFFFFFFBE
:10025000FFFFFFFFFFFFFFFFFFFFFFFFFFFFFFFFAE
:10026000FFFFFFFFFFFFFFFFFFFFFFFFFFFFFFFF9E
:10027000FFFFFFFFFFFFFFFFFFFFFFFFFFFFFFFF8E
:10028000FFFFFFFFFFFFFFFFFFFFFFFFFFFFFFFF7E
:10029000FFFFFFFFFFFFFFFFFFFFFFFFFFFFFFFF6E
:1002A000FFFFFFFFFFFFFFFFFFFFFFFFFFFFFFFF5E
:1002B000FFFFFFFFFFFFFFFFFFFFFFFFFFFFFFFF4E
:1002C000FFFFFFFFFFFFFFFFFFFFFFFFFFFFFFFF3E
:1002D000FFFFFFFFFFFFFFFFFFFFFFFFFFFFFFFF2E
:1002E000FFFFFFFFFFFFFFFFFFFFFFFFFFFFFFFF1E
:1002F000FFFFFFFFFFFFFFFFFFFFFFFFFFFFFFFF0E
:10030000FFFFFFFFFFFFFFFFFFFFFFFFFFFFFFFFFD
:10031000FFFFFFFFFFFFFFFFFFFFFFFFFFFFFFFFED
:10032000FFFFFFFFFFFFFFFFFFFFFFFFFFFFFFFFDD
:10033000FFFFFFFFFFFFFFFFFFFFFFFFFFFFFFFFCD
:10034000FFFFFFFFFFFFFFFFFFFFFFFFFFFFFFFFBD
:10035000FFFFFFFFFFFFFFFFFFFFFFFFFFFFFFFFAD
:10036000FFFFFFFFFFFFFFFFFFFFFFFFFFFFFFFF9D
:10037000FFFFFFFFFFFFFFFFFFFFFFFFFFFFFFFF8D
:10038000FFFFFFFFFFFFFFFFFFFFFFFFFFFFFFFF7D
:10039000FFFFFFFFFFFFFFFFFFFFFFFFFFFFFFFF6D
:1003A000FFFFFFFFFFFFFFFFFFFFFFFFFFFFFFFF5D
:1003B000FFFFFFFFFFFFFFFFFFFFFFFFFFFFFFFF4D
:1003C000FFFFFFFFFFFFFFFFFFFFFFFFFFFFFFFF3D
:1003D000FFFFFFFFFFFFFFFFFFFFFFFFFFFFFFFF2D
:1003E000FFFFFFFFFFFFFFFFFFFFFFFFFFFFFFFF1D
:1003F000FFFFFFFFFFFFFFFFFFFFFFFFFFFFFFFF0D
:10040000FFFFFFFFFFFFFFFFFFFFFFFFFFFFFFFFFC
:10041000FFFFFFFFFFFFFFFFFFFFFFFFFFFFFFFFEC
:10042000FFFFFFFFFFFFFFFFFFFFFFFFFFFFFFFFDC
:10043000FFFFFFFFFFFFFFFFFFFFFFFFFFFFFFFFCC
:10044000FFFFFFFFFFFFFFFFFFFFFFFFFFFFFFFFBC
:10045000FFFFFFFFFFFFFFFFFFFFFFFFFFFFFFFFAC
:10046000FFFFFFFFFFFFFFFFFFFFFFFFFFFFFFFF9C
:10047000FFFFFFFFFFFFFFFFFFFFFFFFFFFFFFFF8C
:10048000FFFFFFFFFFFFFFFFFFFFFFFFFFFFFFFF7C
:10049000FFFFFFFFFFFFFFFFFFFFFFFFFFFFFFFF6C
:1004A000FFFFFFFFFFFFFFFFFFFFFFFFFFFFFFFF5C
:1004B000FFFFFFFFFFFFFFFFFFFFFFFFFFFFFFFF4C
:1004C000FFFFFFFFFFFFFFFFFFFFFFFFFFFFFFFF3C
:1004D000FFFFFFFFFFFFFFFFFFFFFFFFFFFFFFFF2C
:1004E000FFFFFFFFFFFFFFFFFFFFFFFFFFFFFFFF1C
:1004F000FFFFFFFFFFFFFFFFFFFFFFFFFFFFFFFF0C
:10050000FFFFFFFFFFFFFFFFFFFFFFFFFFFFFFFFFB
:10051000FFFFFFFFFFFFFFFFFFFFFFFFFFFFFFFFEB
:10052000FFFFFFFFFFFFFFFFFFFFFFFFFFFFFFFFDB
:10053000FFFFFFFFFFFFFFFFFFFFFFFFFFFFFFFFCB
:10054000FFFFFFFFFFFFFFFFFFFFFFFFFFFFFFFFBB
:10055000FFFFFFFFFFFFFFFFFFFFFFFFFFFFFFFFAB
:10056000FFFFFFFFFFFFFFFFFFFFFFFFFFFFFFFF9B
:10057000FFFFFFFFFFFFFFFFFFFFFFFFFFFFFFFF8B
:10058000FFFFFFFFFFFFFFFFFFFFFFFFFFFFFFFF7B
:10059000FFFFFFFFFFFFFFFFFFFFFFFFFFFFFFFF6B
:1005A000FFFFFFFFFFFFFFFFFFFFFFFFFFFFFFFF5B
:1005B000FFFFFFFFFFFFFFFFFFFFFFFFFFFFFFFF4B
:1005C000FFFFFFFFFFFFFFFFFFFFFFFFFFFFFFFF3B
:1005D000FFFFFFFFFFFFFFFFFFFFFFFFFFFFFFFF2B
:1005E000FFFFFFFFFFFFFFFFFFFFFFFFFFFFFFFF1B
:1005F000FFFFFFFFFFFFFFFFFFFFFFFFFFFFFFFF0B
:10060000FFFFFFFFFFFFFFFFFFFFFFFFFFFFFFFFFA
:10061000FFFFFFFFFFFFFFFFFFFFFFFFFFFFFFFFEA
:10062000FFFFFFFFFFFFFFFFFFFFFFFFFFFFFFFFDA
:10063000FFFFFFFFFFFFFFFFFFFFFFFFFFFFFFFFCA
:10064000FFFFFFFFFFFFFFFFFFFFFFFFFFFFFFFFBA
:10065000FFFFFFFFFFFFFFFFFFFFFFFFFFFFFFFFAA
:10066000FFFFFFFFFFFFFFFFFFFFFFFFFFFFFFFF9A
:10067000FFFFFFFFFFFFFFFFFFFFFFFFFFFFFFFF8A
:10068000FFFFFFFFFFFFFFFFFFFFFFFFFFFFFFFF7A
:10069000FFFFFFFFFFFFFFFFFFFFFFFFFFFFFFFF6A
:1006A000FFFFFFFFFFFFFFFFFFFFFFFFFFFFFFFF5A
:1006B000FFFFFFFFFFFFFFFFFFFFFFFFFFFFFFFF4A
:1006C000FFFFFFFFFFFFFFFFFFFFFFFFFFFFFFFF3A
:1006D000FFFFFFFFFFFFFFFFFFFFFFFFFFFFFFFF2A
:1006E000FFFFFFFFFFFFFFFFFFFFFFFFFFFFFFFF1A
:1006F000FFFFFFFFFFFFFFFFFFFFFFFFFFFFFFFF0A
:10070000FFFFFFFFFFFFFFFFFFFFFFFFFFFFFFFFF9
:10071000FFFFFFFFFFFFFFFFFFFFFFFFFFFFFFFFE9
:10072000FFFFFFFFFFFFFFFFFFFFFFFFFFFFFFFFD9
:10073000FFFFFFFFFFFFFFFFFFFFFFFFFFFFFFFFC9
:10074000FFFFFFFFFFFFFFFFFFFFFFFFFFFFFFFFB9
:10075000FFFFFFFFFFFFFFFFFFFFFFFFFFFFFFFFA9
:10076000FFFFFFFFFFFFFFFFFFFFFFFFFFFFFFFF99
:10077000FFFFFFFFFFFFFFFFFFFFFFFFFFFFFFFF89
:10078000FFFFFFFFFFFFFFFFFFFFFFFFFFFFFFFF79
:10079000FFFFFFFFFFFFFFFFFFFFFFFFFFFFFFFF69
:1007A000FFFFFFFFFFFFFFFFFFFFFFFFFFFFFFFF59
:1007B000FFFFFFFFFFFFFFFFFFFFFFFFFFFFFFFF49
:1007C000FFFFFFFFFFFFFFFFFFFFFFFFFFFFFFFF39
:1007D000FFFFFFFFFFFFFFFFFFFFFFFFFFFFFFFF29
:1007E000FFFFFFFFFFFFFFFFFFFFFFFFFFFFFFFF19
:1007F000FFFFFFFFFFFFFFFFFFFFFFFFFFFFFFFF09
:10080000FFFFFFFFFFFFFFFFFFFFFFFFFFFFFFFFF8
:10081000FFFFFFFFFFFFFFFFFFFFFFFFFFFFFFFFE8
:10082000FFFFFFFFFFFFFFFFFFFFFFFFFFFFFFFFD8
:10083000FFFFFFFFFFFFFFFFFFFFFFFFFFFFFFFFC8
:10084000FFFFFFFFFFFFFFFFFFFFFFFFFFFFFFFFB8
:10085000FFFFFFFFFFFFFFFFFFFFFFFFFFFFFFFFA8
:10086000FFFFFFFFFFFFFFFFFFFFFFFFFFFFFFFF98
:10087000FFFFFFFFFFFFFFFFFFFFFFFFFFFFFFFF88
:10088000FFFFFFFFFFFFFFFFFFFFFFFFFFFFFFFF78
:10089000FFFFFFFFFFFFFFFFFFFFFFFFFFFFFFFF68
:1008A000FFFFFFFFFFFFFFFFFFFFFFFFFFFFFFFF58
:1008B000FFFFFFFFFFFFFFFFFFFFFFFFFFFFFFFF48
:1008C000FFFFFFFFFFFFFFFFFFFFFFFFFFFFFFFF38
:1008D000FFFFFFFFFFFFFFFFFFFFFFFFFFFFFFFF28
:1008E000FFFFFFFFFFFFFFFFFFFFFFFFFFFFFFFF18
:1008F000FFFFFFFFFFFFFFFFFFFFFFFFFFFFFFFF08
:10090000FFFFFFFFFFFFFFFFFFFFFFFFFFFFFFFFF7
:10091000FFFFFFFFFFFFFFFFFFFFFFFFFFFFFFFFE7
:10092000FFFFFFFFFFFFFFFFFFFFFFFFFFFFFFFFD7
:10093000FFFFFFFFFFFFFFFFFFFFFFFFFFFFFFFFC7
:10094000FFFFFFFFFFFFFFFFFFFFFFFFFFFFFFFFB7
:10095000FFFFFFFFFFFFFFFFFFFFFFFFFFFFFFFFA7
:10096000FFFFFFFFFFFFFFFFFFFFFFFFFFFFFFFF97
:10097000FFFFFFFFFFFFFFFFFFFFFFFFFFFFFFFF87
:10098000FFFFFFFFFFFFFFFFFFFFFFFFFFFFFFFF77
:10099000FFFFFFFFFFFFFFFFFFFFFFFFFFFFFFFF67
:1009A000FFFFFFFFFFFFFFFFFFFFFFFFFFFFFFFF57
:1009B000FFFFFFFFFFFFFFFFFFFFFFFFFFFFFFFF47
:1009C000FFFFFFFFFFFFFFFFFFFFFFFFFFFFFFFF37
:1009D000FFFFFFFFFFFFFFFFFFFFFFFFFFFFFFFF27
:1009E000FFFFFFFFFFFFFFFFFFFFFFFFFFFFFFFF17
:1009F000FFFFFFFFFFFFFFFFFFFFFFFFFFFFFFFF07
:100A0000FFFFFFFFFFFFFFFFFFFFFFFFFFFFFFFFF6
:100A1000FFFFFFFFFFFFFFFFFFFFFFFFFFFFFFFFE6
:100A2000FFFFFFFFFFFFFFFFFFFFFFFFFFFFFFFFD6
:100A3000FFFFFFFFFFFFFFFFFFFFFFFFFFFFFFFFC6
:100A4000FFFFFFFFFFFFFFFFFFFFFFFFFFFFFFFFB6
:100A5000FFFFFFFFFFFFFFFFFFFFFFFFFFFFFFFFA6
:100A6000FFFFFFFFFFFFFFFFFFFFFFFFFFFFFFFF96
:100A7000FFFFFFFFFFFFFFFFFFFFFFFFFFFFFFFF86
:100A8000FFFFFFFFFFFFFFFFFFFFFFFFFFFFFFFF76
:100A9000FFFFFFFFFFFFFFFFFFFFFFFFFFFFFFFF66
:100AA000FFFFFFFFFFFFFFFFFFFFFFFFFFFFFFFF56
:100AB000FFFFFFFFFFFFFFFFFFFFFFFFFFFFFFFF46
:100AC000FFFFFFFFFFFFFFFFFFFFFFFFFFFFFFFF36
:100AD000FFFFFFFFFFFFFFFFFFFFFFFFFFFFFFFF26
:100AE000FFFFFFFFFFFFFFFFFFFFFFFFFFFFFFFF16
:100AF000FFFFFFFFFFFFFFFFFFFFFFFFFFFFFFFF06
:100B0000FFFFFFFFFFFFFFFFFFFFFFFFFFFFFFFFF5
:100B1000FFFFFFFFFFFFFFFFFFFFFFFFFFFFFFFFE5
:100B2000FFFFFFFFFFFFFFFFFFFFFFFFFFFFFFFFD5
:100B3000FFFFFFFFFFFFFFFFFFFFFFFFFFFFFFFFC5
:100B4000FFFFFFFFFFFFFFFFFFFFFFFFFFFFFFFFB5
:100B5000FFFFFFFFFFFFFFFFFFFFFFFFFFFFFFFFA5
:100B6000FFFFFFFFFFFFFFFFFFFFFFFFFFFFFFFF95
:100B7000FFFFFFFFFFFFFFFFFFFFFFFFFFFFFFFF85
:100B8000FFFFFFFFFFFFFFFFFFFFFFFFFFFFFFFF75
:100B9000FFFFFFFFFFFFFFFFFFFFFFFFFFFFFFFF65
:100BA000FFFFFFFFFFFFFFFFFFFFFFFFFFFFFFFF55
:100BB000FFFFFFFFFFFFFFFFFFFFFFFFFFFFFFFF45
:100BC000FFFFFFFFFFFFFFFFFFFFFFFFFFFFFFFF35
:100BD000FFFFFFFFFFFFFFFFFFFFFFFFFFFFFFFF25
:100BE000FFFFFFFFFFFFFFFFFFFFFFFFFFFFFFFF15
:100BF000FFFFFFFFFFFFFFFFFFFFFFFFFFFFFFFF05
:100C0000FFFFFFFFFFFFFFFFFFFFFFFFFFFFFFFFF4
:100C1000FFFFFFFFFFFFFFFFFFFFFFFFFFFFFFFFE4
:100C2000FFFFFFFFFFFFFFFFFFFFFFFFFFFFFFFFD4
:100C3000FFFFFFFFFFFFFFFFFFFFFFFFFFFFFFFFC4
:100C4000FFFFFFFFFFFFFFFFFFFFFFFFFFFFFFFFB4
:100C5000FFFFFFFFFFFFFFFFFFFFFFFFFFFFFFFFA4
:100C6000FFFFFFFFFFFFFFFFFFFFFFFFFFFFFFFF94
:100C7000FFFFFFFFFFFFFFFFFFFFFFFFFFFFFFFF84
:100C8000FFFFFFFFFFFFFFFFFFFFFFFFFFFFFFFF74
:100C9000FFFFFFFFFFFFFFFFFFFFFFFFFFFFFFFF64
:100CA000FFFFFFFFFFFFFFFFFFFFFFFFFFFFFFFF54
:100CB000FFFFFFFFFFFFFFFFFFFFFFFFFFFFFFFF44
:100CC000FFFFFFFFFFFFFFFFFFFFFFFFFFFFFFFF34
:100CD000FFFFFFFFFFFFFFFFFFFFFFFFFFFFFFFF24
:100CE000FFFFFFFFFFFFFFFFFFFFFFFFFFFFFFFF14
:100CF000FFFFFFFFFFFFFFFFFFFFFFFFFFFFFFFF04
:100D0000FFFFFFFFFFFFFFFFFFFFFFFFFFFFFFFFF3
:100D1000FFFFFFFFFFFFFFFFFFFFFFFFFFFFFFFFE3
:100D2000FFFFFFFFFFFFFFFFFFFFFFFFFFFFFFFFD3
:100D3000FFFFFFFFFFFFFFFFFFFFFFFFFFFFFFFFC3
:100D4000FFFFFFFFFFFFFFFFFFFFFFFFFFFFFFFFB3
:100D5000FFFFFFFFFFFFFFFFFFFFFFFFFFFFFFFFA3
:100D6000FFFFFFFFFFFFFFFFFFFFFFFFFFFFFFFF93
:100D7000FFFFFFFFFFFFFFFFFFFFFFFFFFFFFFFF83
:100D8000FFFFFFFFFFFFFFFFFFFFFFFFFFFFFFFF73
:100D9000FFFFFFFFFFFFFFFFFFFFFFFFFFFFFFFF63
:100DA000FFFFFFFFFFFFFFFFFFFFFFFFFFFFFFFF53
:100DB000FFFFFFFFFFFFFFFFFFFFFFFFFFFFFFFF43
:100DC000FFFFFFFFFFFFFFFFFFFFFFFFFFFFFFFF33
:100DD000FFFFFFFFFFFFFFFFFFFFFFFFFFFFFFFF23
:100DE000FFFFFFFFFFFFFFFFFFFFFFFFFFFFFFFF13
:100DF000FFFFFFFFFFFFFFFFFFFFFFFFFFFFFFFF03
:100E0000FFFFFFFFFFFFFFFFFFFFFFFFFFFFFFFFF2
:100E1000FFFFFFFFFFFFFFFFFFFFFFFFFFFFFFFFE2
:100E2000FFFFFFFFFFFFFFFFFFFFFFFFFFFFFFFFD2
:100E3000FFFFFFFFFFFFFFFFFFFFFFFFFFFFFFFFC2
:100E4000FFFFFFFFFFFFFFFFFFFFFFFFFFFFFFFFB2
:100E5000FFFFFFFFFFFFFFFFFFFFFFFFFFFFFFFFA2
:100E6000FFFFFFFFFFFFFFFFFFFFFFFFFFFFFFFF92
:100E7000FFFFFFFFFFFFFFFFFFFFFFFFFFFFFFFF82
:100E8000FFFFFFFFFFFFFFFFFFFFFFFFFFFFFFFF72
:100E9000FFFFFFFFFFFFFFFFFFFFFFFFFFFFFFFF62
:100EA000FFFFFFFFFFFFFFFFFFFFFFFFFFFFFFFF52
:100EB000FFFFFFFFFFFFFFFFFFFFFFFFFFFFFFFF42
:100EC000FFFFFFFFFFFFFFFFFFFFFFFFFFFFFFFF32
:100ED000FFFFFFFFFFFFFFFFFFFFFFFFFFFFFFFF22
:100EE000FFFFFFFFFFFFFFFFFFFFFFFFFFFFFFFF12
:100EF000FFFFFFFFFFFFFFFFFFFFFFFFFFFFFFFF02
:100F0000FFFFFFFFFFFFFFFFFFFFFFFFFFFFFFFFF1
:100F1000FFFFFFFFFFFFFFFFFFFFFFFFFFFFFFFFE1
:100F2000FFFFFFFFFFFFFFFFFFFFFFFFFFFFFFFFD1
:100F3000FFFFFFFFFFFFFFFFFFFFFFFFFFFFFFFFC1
:100F4000FFFFFFFFFFFFFFFFFFFFFFFFFFFFFFFFB1
:100F5000FFFFFFFFFFFFFFFFFFFFFFFFFFFFFFFFA1
:100F6000FFFFFFFFFFFFFFFFFFFFFFFFFFFFFFFF91
:100F7000FFFFFFFFFFFFFFFFFFFFFFFFFFFFFFFF81
:100F8000FFFFFFFFFFFFFFFFFFFFFFFFFFFFFFFF71
:100F9000FFFFFFFFFFFFFFFFFFFFFFFFFFFFFFFF61
:100FA000FFFFFFFFFFFFFFFFFFFFFFFFFFFFFFFF51
:100FB000FFFFFFFFFFFFFFFFFFFFFFFFFFFFFFFF41
:100FC000FFFFFFFFFFFFFFFFFFFFFFFFFFFFFFFF31
:100FD000FFFFFFFFFFFFFFFFFFFFFFFFFFFFFFFF21
:100FE000FFFFFFFFFFFFFFFFFFFFFFFFFFFFFFFF11
:100FF000FFFFFFFFFFFFFFFFFFFFFFFFFFFFFFFF01
:10100000FFFFFFFFFFFFFFFFFFFFFFFFFFFFFFFFF0
:10101000FFFFFFFFFFFFFFFFFFFFFFFFFFFFFFFFE0
:10102000FFFFFFFFFFFFFFFFFFFFFFFFFFFFFFFFD0
:10103000FFFFFFFFFFFFFFFFFFFFFFFFFFFFFFFFC0
:10104000FFFFFFFFFFFFFFFFFFFFFFFFFFFFFFFFB0
:10105000FFFFFFFFFFFFFFFFFFFFFFFFFFFFFFFFA0
:10106000FFFFFFFFFFFFFFFFFFFFFFFFFFFFFFFF90
:10107000FFFFFFFFFFFFFFFFFFFFFFFFFFFFFFFF80
:10108000FFFFFFFFFFFFFFFFFFFFFFFFFFFFFFFF70
:10109000FFFFFFFFFFFFFFFFFFFFFFFFFFFFFFFF60
:1010A000FFFFFFFFFFFFFFFFFFFFFFFFFFFFFFFF50
:1010B000FFFFFFFFFFFFFFFFFFFFFFFFFFFFFFFF40
:1010C000FFFFFFFFFFFFFFFFFFFFFFFFFFFFFFFF30
:1010D000FFFFFFFFFFFFFFFFFFFFFFFFFFFFFFFF20
:1010E000FFFFFFFFFFFFFFFFFFFFFFFFFFFFFFFF10
:1010F000FFFFFFFFFFFFFFFFFFFFFFFFFFFFFFFF00
:10110000FFFFFFFFFFFFFFFFFFFFFFFFFFFFFFFFEF
:10111000FFFFFFFFFFFFFFFFFFFFFFFFFFFFFFFFDF
:10112000FFFFFFFFFFFFFFFFFFFFFFFFFFFFFFFFCF
:10113000FFFFFFFFFFFFFFFFFFFFFFFFFFFFFFFFBF
:10114000FFFFFFFFFFFFFFFFFFFFFFFFFFFFFFFFAF
:10115000FFFFFFFFFFFFFFFFFFFFFFFFFFFFFFFF9F
:10116000FFFFFFFFFFFFFFFFFFFFFFFFFFFFFFFF8F
:10117000FFFFFFFFFFFFFFFFFFFFFFFFFFFFFFFF7F
:10118000FFFFFFFFFFFFFFFFFFFFFFFFFFFFFFFF6F
:10119000FFFFFFFFFFFFFFFFFFFFFFFFFFFFFFFF5F
:1011A000FFFFFFFFFFFFFFFFFFFFFFFFFFFFFFFF4F
:1011B000FFFFFFFFFFFFFFFFFFFFFFFFFFFFFFFF3F
:1011C000FFFFFFFFFFFFFFFFFFFFFFFFFFFFFFFF2F
:1011D000FFFFFFFFFFFFFFFFFFFFFFFFFFFFFFFF1F
:1011E000FFFFFFFFFFFFFFFFFFFFFFFFFFFFFFFF0F
:1011F000FFFFFFFFFFFFFFFFFFFFFFFFFFFFFFFFFF
:10120000FFFFFFFFFFFFFFFFFFFFFFFFFFFFFFFFEE
:10121000FFFFFFFFFFFFFFFFFFFFFFFFFFFFFFFFDE
:10122000FFFFFFFFFFFFFFFFFFFFFFFFFFFFFFFFCE
:10123000FFFFFFFFFFFFFFFFFFFFFFFFFFFFFFFFBE
:10124000FFFFFFFFFFFFFFFFFFFFFFFFFFFFFFFFAE
:10125000FFFFFFFFFFFFFFFFFFFFFFFFFFFFFFFF9E
:10126000FFFFFFFFFFFFFFFFFFFFFFFFFFFFFFFF8E
:10127000FFFFFFFFFFFFFFFFFFFFFFFFFFFFFFFF7E
:10128000FFFFFFFFFFFFFFFFFFFFFFFFFFFFFFFF6E
:10129000FFFFFFFFFFFFFFFFFFFFFFFFFFFFFFFF5E
:1012A000FFFFFFFFFFFFFFFFFFFFFFFFFFFFFFFF4E
:1012B000FFFFFFFFFFFFFFFFFFFFFFFFFFFFFFFF3E
:1012C000FFFFFFFFFFFFFFFFFFFFFFFFFFFFFFFF2E
:1012D000FFFFFFFFFFFFFFFFFFFFFFFFFFFFFFFF1E
:1012E000FFFFFFFFFFFFFFFFFFFFFFFFFFFFFFFF0E
:1012F000FFFFFFFFFFFFFFFFFFFFFFFFFFFFFFFFFE
:10130000FFFFFFFFFFFFFFFFFFFFFFFFFFFFFFFFED
:10131000FFFFFFFFFFFFFFFFFFFFFFFFFFFFFFFFDD
:10132000FFFFFFFFFFFFFFFFFFFFFFFFFFFFFFFFCD
:10133000FFFFFFFFFFFFFFFFFFFFFFFFFFFFFFFFBD
:10134000FFFFFFFFFFFFFFFFFFFFFFFFFFFFFFFFAD
:10135000FFFFFFFFFFFFFFFFFFFFFFFFFFFFFFFF9D
:10136000FFFFFFFFFFFFFFFFFFFFFFFFFFFFFFFF8D
:10137000FFFFFFFFFFFFFFFFFFFFFFFFFFFFFFFF7D
:10138000FFFFFFFFFFFFFFFFFFFFFFFFFFFFFFFF6D
:10139000FFFFFFFFFFFFFFFFFFFFFFFFFFFFFFFF5D
:1013A000FFFFFFFFFFFFFFFFFFFFFFFFFFFFFFFF4D
:1013B000FFFFFFFFFFFFFFFFFFFFFFFFFFFFFFFF3D
:1013C000FFFFFFFFFFFFFFFFFFFFFFFFFFFFFFFF2D
:1013D000FFFFFFFFFFFFFFFFFFFFFFFFFFFFFFFF1D
:1013E000FFFFFFFFFFFFFFFFFFFFFFFFFFFFFFFF0D
:1013F000FFFFFFFFFFFFFFFFFFFFFFFFFFFFFFFFFD
:10140000FFFFFFFFFFFFFFFFFFFFFFFFFFFFFFFFEC
:10141000FFFFFFFFFFFFFFFFFFFFFFFFFFFFFFFFDC
:10142000FFFFFFFFFFFFFFFFFFFFFFFFFFFFFFFFCC
:10143000FFFFFFFFFFFFFFFFFFFFFFFFFFFFFFFFBC
:10144000FFFFFFFFFFFFFFFFFFFFFFFFFFFFFFFFAC
:10145000FFFFFFFFFFFFFFFFFFFFFFFFFFFFFFFF9C
:10146000FFFFFFFFFFFFFFFFFFFFFFFFFFFFFFFF8C
:10147000FFFFFFFFFFFFFFFFFFFFFFFFFFFFFFFF7C
:10148000FFFFFFFFFFFFFFFFFFFFFFFFFFFFFFFF6C
:10149000FFFFFFFFFFFFFFFFFFFFFFFFFFFFFFFF5C
:1014A000FFFFFFFFFFFFFFFFFFFFFFFFFFFFFFFF4C
:1014B000FFFFFFFFFFFFFFFFFFFFFFFFFFFFFFFF3C
:1014C000FFFFFFFFFFFFFFFFFFFFFFFFFFFFFFFF2C
:1014D000FFFFFFFFFFFFFFFFFFFFFFFFFFFFFFFF1C
:1014E000FFFFFFFFFFFFFFFFFFFFFFFFFFFFFFFF0C
:1014F000FFFFFFFFFFFFFFFFFFFFFFFFFFFFFFFFFC
:10150000FFFFFFFFFFFFFFFFFFFFFFFFFFFFFFFFEB
:10151000FFFFFFFFFFFFFFFFFFFFFFFFFFFFFFFFDB
:10152000FFFFFFFFFFFFFFFFFFFFFFFFFFFFFFFFCB
:10153000FFFFFFFFFFFFFFFFFFFFFFFFFFFFFFFFBB
:10154000FFFFFFFFFFFFFFFFFFFFFFFFFFFFFFFFAB
:10155000FFFFFFFFFFFFFFFFFFFFFFFFFFFFFFFF9B
:10156000FFFFFFFFFFFFFFFFFFFFFFFFFFFFFFFF8B
:10157000FFFFFFFFFFFFFFFFFFFFFFFFFFFFFFFF7B
:10158000FFFFFFFFFFFFFFFFFFFFFFFFFFFFFFFF6B
:10159000FFFFFFFFFFFFFFFFFFFFFFFFFFFFFFFF5B
:1015A000FFFFFFFFFFFFFFFFFFFFFFFFFFFFFFFF4B
:1015B000FFFFFFFFFFFFFFFFFFFFFFFFFFFFFFFF3B
:1015C000FFFFFFFFFFFFFFFFFFFFFFFFFFFFFFFF2B
:1015D000FFFFFFFFFFFFFFFFFFFFFFFFFFFFFFFF1B
:1015E000FFFFFFFFFFFFFFFFFFFFFFFFFFFFFFFF0B
:1015F000FFFFFFFFFFFFFFFFFFFFFFFFFFFFFFFFFB
:10160000FFFFFFFFFFFFFFFFFFFFFFFFFFFFFFFFEA
:10161000FFFFFFFFFFFFFFFFFFFFFFFFFFFFFFFFDA
:10162000FFFFFFFFFFFFFFFFFFFFFFFFFFFFFFFFCA
:10163000FFFFFFFFFFFFFFFFFFFFFFFFFFFFFFFFBA
:10164000FFFFFFFFFFFFFFFFFFFFFFFFFFFFFFFFAA
:10165000FFFFFFFFFFFFFFFFFFFFFFFFFFFFFFFF9A
:10166000FFFFFFFFFFFFFFFFFFFFFFFFFFFFFFFF8A
:10167000FFFFFFFFFFFFFFFFFFFFFFFFFFFFFFFF7A
:10168000FFFFFFFFFFFFFFFFFFFFFFFFFFFFFFFF6A
:10169000FFFFFFFFFFFFFFFFFFFFFFFFFFFFFFFF5A
:1016A000FFFFFFFFFFFFFFFFFFFFFFFFFFFFFFFF4A
:1016B000FFFFFFFFFFFFFFFFFFFFFFFFFFFFFFFF3A
:1016C000FFFFFFFFFFFFFFFFFFFFFFFFFFFFFFFF2A
:1016D000FFFFFFFFFFFFFFFFFFFFFFFFFFFFFFFF1A
:1016E000FFFFFFFFFFFFFFFFFFFFFFFFFFFFFFFF0A
:1016F000FFFFFFFFFFFFFFFFFFFFFFFFFFFFFFFFFA
:10170000FFFFFFFFFFFFFFFFFFFFFFFFFFFFFFFFE9
:10171000FFFFFFFFFFFFFFFFFFFFFFFFFFFFFFFFD9
:10172000FFFFFFFFFFFFFFFFFFFFFFFFFFFFFFFFC9
:10173000FFFFFFFFFFFFFFFFFFFFFFFFFFFFFFFFB9
:10174000FFFFFFFFFFFFFFFFFFFFFFFFFFFFFFFFA9
:10175000FFFFFFFFFFFFFFFFFFFFFFFFFFFFFFFF99
:10176000FFFFFFFFFFFFFFFFFFFFFFFFFFFFFFFF89
:10177000FFFFFFFFFFFFFFFFFFFFFFFFFFFFFFFF79
:10178000FFFFFFFFFFFFFFFFFFFFFFFFFFFFFFFF69
:10179000FFFFFFFFFFFFFFFFFFFFFFFFFFFFFFFF59
:1017A000FFFFFFFFFFFFFFFFFFFFFFFFFFFFFFFF49
:1017B000FFFFFFFFFFFFFFFFFFFFFFFFFFFFFFFF39
:1017C000FFFFFFFFFFFFFFFFFFFFFFFFFFFFFFFF29
:1017D000FFFFFFFFFFFFFFFFFFFFFFFFFFFFFFFF19
:1017E000FFFFFFFFFFFFFFFFFFFFFFFFFFFFFFFF09
:1017F000FFFFFFFFFFFFFFFFFFFFFFFFFFFFFFFFF9
:10180000FFFFFFFFFFFFFFFFFFFFFFFFFFFFFFFFE8
:10181000FFFFFFFFFFFFFFFFFFFFFFFFFFFFFFFFD8
:10182000FFFFFFFFFFFFFFFFFFFFFFFFFFFFFFFFC8
:10183000FFFFFFFFFFFFFFFFFFFFFFFFFFFFFFFFB8
:10184000FFFFFFFFFFFFFFFFFFFFFFFFFFFFFFFFA8
:10185000FFFFFFFFFFFFFFFFFFFFFFFFFFFFFFFF98
:10186000FFFFFFFFFFFFFFFFFFFFFFFFFFFFFFFF88
:10187000FFFFFFFFFFFFFFFFFFFFFFFFFFFFFFFF78
:10188000FFFFFFFFFFFFFFFFFFFFFFFFFFFFFFFF68
:10189000FFFFFFFFFFFFFFFFFFFFFFFFFFFFFFFF58
:1018A000FFFFFFFFFFFFFFFFFFFFFFFFFFFFFFFF48
:1018B000FFFFFFFFFFFFFFFFFFFFFFFFFFFFFFFF38
:1018C000FFFFFFFFFFFFFFFFFFFFFFFFFFFFFFFF28
:1018D000FFFFFFFFFFFFFFFFFFFFFFFFFFFFFFFF18
:1018E000FFFFFFFFFFFFFFFFFFFFFFFFFFFFFFFF08
:1018F000FFFFFFFFFFFFFFFFFFFFFFFFFFFFFFFFF8
:10190000FFFFFFFFFFFFFFFFFFFFFFFFFFFFFFFFE7
:10191000FFFFFFFFFFFFFFFFFFFFFFFFFFFFFFFFD7
:10192000FFFFFFFFFFFFFFFFFFFFFFFFFFFFFFFFC7
:10193000FFFFFFFFFFFFFFFFFFFFFFFFFFFFFFFFB7
:10194000FFFFFFFFFFFFFFFFFFFFFFFFFFFFFFFFA7
:10195000FFFFFFFFFFFFFFFFFFFFFFFFFFFFFFFF97
:10196000FFFFFFFFFFFFFFFFFFFFFFFFFFFFFFFF87
:10197000FFFFFFFFFFFFFFFFFFFFFFFFFFFFFFFF77
:10198000FFFFFFFFFFFFFFFFFFFFFFFFFFFFFFFF67
:10199000FFFFFFFFFFFFFFFFFFFFFFFFFFFFFFFF57
:1019A000FFFFFFFFFFFFFFFFFFFFFFFFFFFFFFFF47
:1019B000FFFFFFFFFFFFFFFFFFFFFFFFFFFFFFFF37
:1019C000FFFFFFFFFFFFFFFFFFFFFFFFFFFFFFFF27
:1019D000FFFFFFFFFFFFFFFFFFFFFFFFFFFFFFFF17
:1019E000FFFFFFFFFFFFFFFFFFFFFFFFFFFFFFFF07
:1019F000FFFFFFFFFFFFFFFFFFFFFFFFFFFFFFFFF7
:101A0000FFFFFFFFFFFFFFFFFFFFFFFFFFFFFFFFE6
:101A1000FFFFFFFFFFFFFFFFFFFFFFFFFFFFFFFFD6
:101A2000FFFFFFFFFFFFFFFFFFFFFFFFFFFFFFFFC6
:101A3000FFFFFFFFFFFFFFFFFFFFFFFFFFFFFFFFB6
:101A4000FFFFFFFFFFFFFFFFFFFFFFFFFFFFFFFFA6
:101A5000FFFFFFFFFFFFFFFFFFFFFFFFFFFFFFFF96
:101A6000FFFFFFFFFFFFFFFFFFFFFFFFFFFFFFFF86
:101A7000FFFFFFFFFFFFFFFFFFFFFFFFFFFFFFFF76
:101A8000FFFFFFFFFFFFFFFFFFFFFFFFFFFFFFFF66
:101A9000FFFFFFFFFFFFFFFFFFFFFFFFFFFFFFFF56
:101AA000FFFFFFFFFFFFFFFFFFFFFFFFFFFFFFFF46
:101AB000FFFFFFFFFFFFFFFFFFFFFFFFFFFFFFFF36
:101AC000FFFFFFFFFFFFFFFFFFFFFFFFFFFFFFFF26
:101AD000FFFFFFFFFFFFFFFFFFFFFFFFFFFFFFFF16
:101AE000FFFFFFFFFFFFFFFFFFFFFFFFFFFFFFFF06
:101AF000FFFFFFFFFFFFFFFFFFFFFFFFFFFFFFFFF6
:101B0000FFFFFFFFFFFFFFFFFFFFFFFFFFFFFFFFE5
:101B1000FFFFFFFFFFFFFFFFFFFFFFFFFFFFFFFFD5
:101B2000FFFFFFFFFFFFFFFFFFFFFFFFFFFFFFFFC5
:101B3000FFFFFFFFFFFFFFFFFFFFFFFFFFFFFFFFB5
:101B4000FFFFFFFFFFFFFFFFFFFFFFFFFFFFFFFFA5
:101B5000FFFFFFFFFFFFFFFFFFFFFFFFFFFFFFFF95
:101B6000FFFFFFFFFFFFFFFFFFFFFFFFFFFFFFFF85
:101B7000FFFFFFFFFFFFFFFFFFFFFFFFFFFFFFFF75
:101B8000FFFFFFFFFFFFFFFFFFFFFFFFFFFFFFFF65
:101B9000FFFFFFFFFFFFFFFFFFFFFFFFFFFFFFFF55
:101BA000FFFFFFFFFFFFFFFFFFFFFFFFFFFFFFFF45
:101BB000FFFFFFFFFFFFFFFFFFFFFFFFFFFFFFFF35
:101BC000FFFFFFFFFFFFFFFFFFFFFFFFFFFFFFFF25
:101BD000FFFFFFFFFFFFFFFFFFFFFFFFFFFFFFFF15
:101BE000FFFFFFFFFFFFFFFFFFFFFFFFFFFFFFFF05
:101BF000FFFFFFFFFFFFFFFFFFFFFFFFFFFFFFFFF5
:101C0000FFFFFFFFFFFFFFFFFFFFFFFFFFFFFFFFE4
:101C1000FFFFFFFFFFFFFFFFFFFFFFFFFFFFFFFFD4
:101C2000FFFFFFFFFFFFFFFFFFFFFFFFFFFFFFFFC4
:101C3000FFFFFFFFFFFFFFFFFFFFFFFFFFFFFFFFB4
:101C4000FFFFFFFFFFFFFFFFFFFFFFFFFFFFFFFFA4
:101C5000FFFFFFFFFFFFFFFFFFFFFFFFFFFFFFFF94
:101C6000FFFFFFFFFFFFFFFFFFFFFFFFFFFFFFFF84
:101C7000FFFFFFFFFFFFFFFFFFFFFFFFFFFFFFFF74
:101C8000FFFFFFFFFFFFFFFFFFFFFFFFFFFFFFFF64
:101C9000FFFFFFFFFFFFFFFFFFFFFFFFFFFFFFFF54
:101CA000FFFFFFFFFFFFFFFFFFFFFFFFFFFFFFFF44
:101CB000FFFFFFFFFFFFFFFFFFFFFFFFFFFFFFFF34
:101CC000FFFFFFFFFFFFFFFFFFFFFFFFFFFFFFFF24
:101CD000FFFFFFFFFFFFFFFFFFFFFFFFFFFFFFFF14
:101CE000FFFFFFFFFFFFFFFFFFFFFFFFFFFFFFFF04
:101CF000FFFFFFFFFFFFFFFFFFFFFFFFFFFFFFFFF4
:101D0000FFFFFFFFFFFFFFFFFFFFFFFFFFFFFFFFE3
:101D1000FFFFFFFFFFFFFFFFFFFFFFFFFFFFFFFFD3
:101D2000FFFFFFFFFFFFFFFFFFFFFFFFFFFFFFFFC3
:101D3000FFFFFFFFFFFFFFFFFFFFFFFFFFFFFFFFB3
:101D4000FFFFFFFFFFFFFFFFFFFFFFFFFFFFFFFFA3
:101D5000FFFFFFFFFFFFFFFFFFFFFFFFFFFFFFFF93
:101D6000FFFFFFFFFFFFFFFFFFFFFFFFFFFFFFFF83
:101D7000FFFFFFFFFFFFFFFFFFFFFFFFFFFFFFFF73
:101D8000FFFFFFFFFFFFFFFFFFFFFFFFFFFFFFFF63
:101D9000FFFFFFFFFFFFFFFFFFFFFFFFFFFFFFFF53
:101DA000FFFFFFFFFFFFFFFFFFFFFFFFFFFFFFFF43
:101DB000FFFFFFFFFFFFFFFFFFFFFFFFFFFFFFFF33
:101DC000FFFFFFFFFFFFFFFFFFFFFFFFFFFFFFFF23
:101DD000FFFFFFFFFFFFFFFFFFFFFFFFFFFFFFFF13
:101DE000FFFFFFFFFFFFFFFFFFFFFFFFFFFFFFFF03
:101DF000FFFFFFFFFFFFFFFFFFFFFFFFFFFFFFFFF3
:101E0000FFFFFFFFFFFFFFFFFFFFFFFFFFFFFFFFE2
:101E1000FFFFFFFFFFFFFFFFFFFFFFFFFFFFFFFFD2
:101E2000FFFFFFFFFFFFFFFFFFFFFFFFFFFFFFFFC2
:101E3000FFFFFFFFFFFFFFFFFFFFFFFFFFFFFFFFB2
:101E4000FFFFFFFFFFFFFFFFFFFFFFFFFFFFFFFFA2
:101E5000FFFFFFFFFFFFFFFFFFFFFFFFFFFFFFFF92
:101E6000FFFFFFFFFFFFFFFFFFFFFFFFFFFFFFFF82
:101E7000FFFFFFFFFFFFFFFFFFFFFFFFFFFFFFFF72
:101E8000FFFFFFFFFFFFFFFFFFFFFFFFFFFFFFFF62
:101E9000FFFFFFFFFFFFFFFFFFFFFFFFFFFFFFFF52
:101EA000FFFFFFFFFFFFFFFFFFFFFFFFFFFFFFFF42
:101EB000FFFFFFFFFFFFFFFFFFFFFFFFFFFFFFFF32
:101EC000FFFFFFFFFFFFFFFFFFFFFFFFFFFFFFFF22
:101ED000FFFFFFFFFFFFFFFFFFFFFFFFFFFFFFFF12
:101EE000FFFFFFFFFFFFFFFFFFFFFFFFFFFFFFFF02
:101EF000FFFFFFFFFFFFFFFFFFFFFFFFFFFFFFFFF2
:101F0000FFFFFFFFFFFFFFFFFFFFFFFFFFFFFFFFE1
:101F1000FFFFFFFFFFFFFFFFFFFFFFFFFFFFFFFFD1
:101F2000FFFFFFFFFFFFFFFFFFFFFFFFFFFFFFFFC1
:101F3000FFFFFFFFFFFFFFFFFFFFFFFFFFFFFFFFB1
:101F4000FFFFFFFFFFFFFFFFFFFFFFFFFFFFFFFFA1
:101F5000FFFFFFFFFFFFFFFFFFFFFFFFFFFFFFFF91
:101F6000FFFFFFFFFFFFFFFFFFFFFFFFFFFFFFFF81
:101F7000FFFFFFFFFFFFFFFFFFFFFFFFFFFFFFFF71
:101F8000FFFFFFFFFFFFFFFFFFFFFFFFFFFFFFFF61
:101F9000FFFFFFFFFFFFFFFFFFFFFFFFFFFFFFFF51
:101FA000FFFFFFFFFFFFFFFFFFFFFFFFFFFFFFFF41
:101FB000FFFFFFFFFFFFFFFFFFFFFFFFFFFFFFFF31
:101FC000FFFFFFFFFFFFFFFFFFFFFFFFFFFFFFFF21
:101FD000FFFFFFFFFFFFFFFFFFFFFFFFFFFFFFFF11
:101FE000FFFFFFFFFFFFFFFFFFFFFFFFFFFFFFFF01
:101FF000FFFFFFFFFFFFFFFFFFFFFFFFFFFFFFFFF1
:10200000FFFFFFFFFFFFFFFFFFFFFFFFFFFFFFFFE0
:10201000FFFFFFFFFFFFFFFFFFFFFFFFFFFFFFFFD0
:10202000FFFFFFFFFFFFFFFFFFFFFFFFFFFFFFFFC0
:10203000FFFFFFFFFFFFFFFFFFFFFFFFFFFFFFFFB0
:10204000FFFFFFFFFFFFFFFFFFFFFFFFFFFFFFFFA0
:10205000FFFFFFFFFFFFFFFFFFFFFFFFFFFFFFFF90
:10206000FFFFFFFFFFFFFFFFFFFFFFFFFFFFFFFF80
:10207000FFFFFFFFFFFFFFFFFFFFFFFFFFFFFFFF70
:10208000FFFFFFFFFFFFFFFFFFFFFFFFFFFFFFFF60
:10209000FFFFFFFFFFFFFFFFFFFFFFFFFFFFFFFF50
:1020A000FFFFFFFFFFFFFFFFFFFFFFFFFFFFFFFF40
:1020B000FFFFFFFFFFFFFFFFFFFFFFFFFFFFFFFF30
:1020C000FFFFFFFFFFFFFFFFFFFFFFFFFFFFFFFF20
:1020D000FFFFFFFFFFFFFFFFFFFFFFFFFFFFFFFF10
:1020E000FFFFFFFFFFFFFFFFFFFFFFFFFFFFFFFF00
:1020F000FFFFFFFFFFFFFFFFFFFFFFFFFFFFFFFFF0
:10210000FFFFFFFFFFFFFFFFFFFFFFFFFFFFFFFFDF
:10211000FFFFFFFFFFFFFFFFFFFFFFFFFFFFFFFFCF
:10212000FFFFFFFFFFFFFFFFFFFFFFFFFFFFFFFFBF
:10213000FFFFFFFFFFFFFFFFFFFFFFFFFFFFFFFFAF
:10214000FFFFFFFFFFFFFFFFFFFFFFFFFFFFFFFF9F
:10215000FFFFFFFFFFFFFFFFFFFFFFFFFFFFFFFF8F
:10216000FFFFFFFFFFFFFFFFFFFFFFFFFFFFFFFF7F
:10217000FFFFFFFFFFFFFFFFFFFFFFFFFFFFFFFF6F
:10218000FFFFFFFFFFFFFFFFFFFFFFFFFFFFFFFF5F
:10219000FFFFFFFFFFFFFFFFFFFFFFFFFFFFFFFF4F
:1021A000FFFFFFFFFFFFFFFFFFFFFFFFFFFFFFFF3F
:1021B000FFFFFFFFFFFFFFFFFFFFFFFFFFFFFFFF2F
:1021C000FFFFFFFFFFFFFFFFFFFFFFFFFFFFFFFF1F
:1021D000FFFFFFFFFFFFFFFFFFFFFFFFFFFFFFFF0F
:1021E000FFFFFFFFFFFFFFFFFFFFFFFFFFFFFFFFFF
:1021F000FFFFFFFFFFFFFFFFFFFFFFFFFFFFFFFFEF
:10220000FFFFFFFFFFFFFFFFFFFFFFFFFFFFFFFFDE
:10221000FFFFFFFFFFFFFFFFFFFFFFFFFFFFFFFFCE
:10222000FFFFFFFFFFFFFFFFFFFFFFFFFFFFFFFFBE
:10223000FFFFFFFFFFFFFFFFFFFFFFFFFFFFFFFFAE
:10224000FFFFFFFFFFFFFFFFFFFFFFFFFFFFFFFF9E
:10225000FFFFFFFFFFFFFFFFFFFFFFFFFFFFFFFF8E
:10226000FFFFFFFFFFFFFFFFFFFFFFFFFFFFFFFF7E
:10227000FFFFFFFFFFFFFFFFFFFFFFFFFFFFFFFF6E
:10228000FFFFFFFFFFFFFFFFFFFFFFFFFFFFFFFF5E
:10229000FFFFFFFFFFFFFFFFFFFFFFFFFFFFFFFF4E
:1022A000FFFFFFFFFFFFFFFFFFFFFFFFFFFFFFFF3E
:1022B000FFFFFFFFFFFFFFFFFFFFFFFFFFFFFFFF2E
:1022C000FFFFFFFFFFFFFFFFFFFFFFFFFFFFFFFF1E
:1022D000FFFFFFFFFFFFFFFFFFFFFFFFFFFFFFFF0E
:1022E000FFFFFFFFFFFFFFFFFFFFFFFFFFFFFFFFFE
:1022F000FFFFFFFFFFFFFFFFFFFFFFFFFFFFFFFFEE
:10230000FFFFFFFFFFFFFFFFFFFFFFFFFFFFFFFFDD
:10231000FFFFFFFFFFFFFFFFFFFFFFFFFFFFFFFFCD
:10232000FFFFFFFFFFFFFFFFFFFFFFFFFFFFFFFFBD
:10233000FFFFFFFFFFFFFFFFFFFFFFFFFFFFFFFFAD
:10234000FFFFFFFFFFFFFFFFFFFFFFFFFFFFFFFF9D
:10235000FFFFFFFFFFFFFFFFFFFFFFFFFFFFFFFF8D
:10236000FFFFFFFFFFFFFFFFFFFFFFFFFFFFFFFF7D
:10237000FFFFFFFFFFFFFFFFFFFFFFFFFFFFFFFF6D
:10238000FFFFFFFFFFFFFFFFFFFFFFFFFFFFFFFF5D
:10239000FFFFFFFFFFFFFFFFFFFFFFFFFFFFFFFF4D
:1023A000FFFFFFFFFFFFFFFFFFFFFFFFFFFFFFFF3D
:1023B000FFFFFFFFFFFFFFFFFFFFFFFFFFFFFFFF2D
:1023C000FFFFFFFFFFFFFFFFFFFFFFFFFFFFFFFF1D
:1023D000FFFFFFFFFFFFFFFFFFFFFFFFFFFFFFFF0D
:1023E000FFFFFFFFFFFFFFFFFFFFFFFFFFFFFFFFFD
:1023F000FFFFFFFFFFFFFFFFFFFFFFFFFFFFFFFFED
:10240000FFFFFFFFFFFFFFFFFFFFFFFFFFFFFFFFDC
:10241000FFFFFFFFFFFFFFFFFFFFFFFFFFFFFFFFCC
:10242000FFFFFFFFFFFFFFFFFFFFFFFFFFFFFFFFBC
:10243000FFFFFFFFFFFFFFFFFFFFFFFFFFFFFFFFAC
:10244000FFFFFFFFFFFFFFFFFFFFFFFFFFFFFFFF9C
:10245000FFFFFFFFFFFFFFFFFFFFFFFFFFFFFFFF8C
:10246000FFFFFFFFFFFFFFFFFFFFFFFFFFFFFFFF7C
:10247000FFFFFFFFFFFFFFFFFFFFFFFFFFFFFFFF6C
:10248000FFFFFFFFFFFFFFFFFFFFFFFFFFFFFFFF5C
:10249000FFFFFFFFFFFFFFFFFFFFFFFFFFFFFFFF4C
:1024A000FFFFFFFFFFFFFFFFFFFFFFFFFFFFFFFF3C
:1024B000FFFFFFFFFFFFFFFFFFFFFFFFFFFFFFFF2C
:1024C000FFFFFFFFFFFFFFFFFFFFFFFFFFFFFFFF1C
:1024D000FFFFFFFFFFFFFFFFFFFFFFFFFFFFFFFF0C
:1024E000FFFFFFFFFFFFFFFFFFFFFFFFFFFFFFFFFC
:1024F000FFFFFFFFFFFFFFFFFFFFFFFFFFFFFFFFEC
:10250000FFFFFFFFFFFFFFFFFFFFFFFFFFFFFFFFDB
:10251000FFFFFFFFFFFFFFFFFFFFFFFFFFFFFFFFCB
:10252000FFFFFFFFFFFFFFFFFFFFFFFFFFFFFFFFBB
:10253000FFFFFFFFFFFFFFFFFFFFFFFFFFFFFFFFAB
:10254000FFFFFFFFFFFFFFFFFFFFFFFFFFFFFFFF9B
:10255000FFFFFFFFFFFFFFFFFFFFFFFFFFFFFFFF8B
:10256000FFFFFFFFFFFFFFFFFFFFFFFFFFFFFFFF7B
:10257000FFFFFFFFFFFFFFFFFFFFFFFFFFFFFFFF6B
:10258000FFFFFFFFFFFFFFFFFFFFFFFFFFFFFFFF5B
:10259000FFFFFFFFFFFFFFFFFFFFFFFFFFFFFFFF4B
:1025A000FFFFFFFFFFFFFFFFFFFFFFFFFFFFFFFF3B
:1025B000FFFFFFFFFFFFFFFFFFFFFFFFFFFFFFFF2B
:1025C000FFFFFFFFFFFFFFFFFFFFFFFFFFFFFFFF1B
:1025D000FFFFFFFFFFFFFFFFFFFFFFFFFFFFFFFF0B
:1025E000FFFFFFFFFFFFFFFFFFFFFFFFFFFFFFFFFB
:1025F000FFFFFFFFFFFFFFFFFFFFFFFFFFFFFFFFEB
:10260000FFFFFFFFFFFFFFFFFFFFFFFFFFFFFFFFDA
:10261000FFFFFFFFFFFFFFFFFFFFFFFFFFFFFFFFCA
:10262000FFFFFFFFFFFFFFFFFFFFFFFFFFFFFFFFBA
:10263000FFFFFFFFFFFFFFFFFFFFFFFFFFFFFFFFAA
:10264000FFFFFFFFFFFFFFFFFFFFFFFFFFFFFFFF9A
:10265000FFFFFFFFFFFFFFFFFFFFFFFFFFFFFFFF8A
:10266000FFFFFFFFFFFFFFFFFFFFFFFFFFFFFFFF7A
:10267000FFFFFFFFFFFFFFFFFFFFFFFFFFFFFFFF6A
:10268000FFFFFFFFFFFFFFFFFFFFFFFFFFFFFFFF5A
:10269000FFFFFFFFFFFFFFFFFFFFFFFFFFFFFFFF4A
:1026A000FFFFFFFFFFFFFFFFFFFFFFFFFFFFFFFF3A
:1026B000FFFFFFFFFFFFFFFFFFFFFFFFFFFFFFFF2A
:1026C000FFFFFFFFFFFFFFFFFFFFFFFFFFFFFFFF1A
:1026D000FFFFFFFFFFFFFFFFFFFFFFFFFFFFFFFF0A
:1026E000FFFFFFFFFFFFFFFFFFFFFFFFFFFFFFFFFA
:1026F000FFFFFFFFFFFFFFFFFFFFFFFFFFFFFFFFEA
:10270000FFFFFFFFFFFFFFFFFFFFFFFFFFFFFFFFD9
:10271000FFFFFFFFFFFFFFFFFFFFFFFFFFFFFFFFC9
:10272000FFFFFFFFFFFFFFFFFFFFFFFFFFFFFFFFB9
:10273000FFFFFFFFFFFFFFFFFFFFFFFFFFFFFFFFA9
:10274000FFFFFFFFFFFFFFFFFFFFFFFFFFFFFFFF99
:10275000FFFFFFFFFFFFFFFFFFFFFFFFFFFFFFFF89
:10276000FFFFFFFFFFFFFFFFFFFFFFFFFFFFFFFF79
:10277000FFFFFFFFFFFFFFFFFFFFFFFFFFFFFFFF69
:10278000FFFFFFFFFFFFFFFFFFFFFFFFFFFFFFFF59
:10279000FFFFFFFFFFFFFFFFFFFFFFFFFFFFFFFF49
:1027A000FFFFFFFFFFFFFFFFFFFFFFFFFFFFFFFF39
:1027B000FFFFFFFFFFFFFFFFFFFFFFFFFFFFFFFF29
:1027C000FFFFFFFFFFFFFFFFFFFFFFFFFFFFFFFF19
:1027D000FFFFFFFFFFFFFFFFFFFFFFFFFFFFFFFF09
:1027E000FFFFFFFFFFFFFFFFFFFFFFFFFFFFFFFFF9
:1027F000FFFFFFFFFFFFFFFFFFFFFFFFFFFFFFFFE9
:10280000FFFFFFFFFFFFFFFFFFFFFFFFFFFFFFFFD8
:10281000FFFFFFFFFFFFFFFFFFFFFFFFFFFFFFFFC8
:10282000FFFFFFFFFFFFFFFFFFFFFFFFFFFFFFFFB8
:10283000FFFFFFFFFFFFFFFFFFFFFFFFFFFFFFFFA8
:10284000FFFFFFFFFFFFFFFFFFFFFFFFFFFFFFFF98
:10285000FFFFFFFFFFFFFFFFFFFFFFFFFFFFFFFF88
:10286000FFFFFFFFFFFFFFFFFFFFFFFFFFFFFFFF78
:10287000FFFFFFFFFFFFFFFFFFFFFFFFFFFFFFFF68
:10288000FFFFFFFFFFFFFFFFFFFFFFFFFFFFFFFF58
:10289000FFFFFFFFFFFFFFFFFFFFFFFFFFFFFFFF48
:1028A000FFFFFFFFFFFFFFFFFFFFFFFFFFFFFFFF38
:1028B000FFFFFFFFFFFFFFFFFFFFFFFFFFFFFFFF28
:1028C000FFFFFFFFFFFFFFFFFFFFFFFFFFFFFFFF18
:1028D000FFFFFFFFFFFFFFFFFFFFFFFFFFFFFFFF08
:1028E000FFFFFFFFFFFFFFFFFFFFFFFFFFFFFFFFF8
:1028F000FFFFFFFFFFFFFFFFFFFFFFFFFFFFFFFFE8
:10290000FFFFFFFFFFFFFFFFFFFFFFFFFFFFFFFFD7
:10291000FFFFFFFFFFFFFFFFFFFFFFFFFFFFFFFFC7
:10292000FFFFFFFFFFFFFFFFFFFFFFFFFFFFFFFFB7
:10293000FFFFFFFFFFFFFFFFFFFFFFFFFFFFFFFFA7
:10294000FFFFFFFFFFFFFFFFFFFFFFFFFFFFFFFF97
:10295000FFFFFFFFFFFFFFFFFFFFFFFFFFFFFFFF87
:10296000FFFFFFFFFFFFFFFFFFFFFFFFFFFFFFFF77
:10297000FFFFFFFFFFFFFFFFFFFFFFFFFFFFFFFF67
:10298000FFFFFFFFFFFFFFFFFFFFFFFFFFFFFFFF57
:10299000FFFFFFFFFFFFFFFFFFFFFFFFFFFFFFFF47
:1029A000FFFFFFFFFFFFFFFFFFFFFFFFFFFFFFFF37
:1029B000FFFFFFFFFFFFFFFFFFFFFFFFFFFFFFFF27
:1029C000FFFFFFFFFFFFFFFFFFFFFFFFFFFFFFFF17
:1029D000FFFFFFFFFFFFFFFFFFFFFFFFFFFFFFFF07
:1029E000FFFFFFFFFFFFFFFFFFFFFFFFFFFFFFFFF7
:1029F000FFFFFFFFFFFFFFFFFFFFFFFFFFFFFFFFE7
:102A0000FFFFFFFFFFFFFFFFFFFFFFFFFFFFFFFFD6
:102A1000FFFFFFFFFFFFFFFFFFFFFFFFFFFFFFFFC6
:102A2000FFFFFFFFFFFFFFFFFFFFFFFFFFFFFFFFB6
:102A3000FFFFFFFFFFFFFFFFFFFFFFFFFFFFFFFFA6
:102A4000FFFFFFFFFFFFFFFFFFFFFFFFFFFFFFFF96
:102A5000FFFFFFFFFFFFFFFFFFFFFFFFFFFFFFFF86
:102A6000FFFFFFFFFFFFFFFFFFFFFFFFFFFFFFFF76
:102A7000FFFFFFFFFFFFFFFFFFFFFFFFFFFFFFFF66
:102A8000FFFFFFFFFFFFFFFFFFFFFFFFFFFFFFFF56
:102A9000FFFFFFFFFFFFFFFFFFFFFFFFFFFFFFFF46
:102AA000FFFFFFFFFFFFFFFFFFFFFFFFFFFFFFFF36
:102AB000FFFFFFFFFFFFFFFFFFFFFFFFFFFFFFFF26
:102AC000FFFFFFFFFFFFFFFFFFFFFFFFFFFFFFFF16
:102AD000FFFFFFFFFFFFFFFFFFFFFFFFFFFFFFFF06
:102AE000FFFFFFFFFFFFFFFFFFFFFFFFFFFFFFFFF6
:102AF000FFFFFFFFFFFFFFFFFFFFFFFFFFFFFFFFE6
:102B0000FFFFFFFFFFFFFFFFFFFFFFFFFFFFFFFFD5
:102B1000FFFFFFFFFFFFFFFFFFFFFFFFFFFFFFFFC5
:102B2000FFFFFFFFFFFFFFFFFFFFFFFFFFFFFFFFB5
:102B3000FFFFFFFFFFFFFFFFFFFFFFFFFFFFFFFFA5
:102B4000FFFFFFFFFFFFFFFFFFFFFFFFFFFFFFFF95
:102B5000FFFFFFFFFFFFFFFFFFFFFFFFFFFFFFFF85
:102B6000FFFFFFFFFFFFFFFFFFFFFFFFFFFFFFFF75
:102B7000FFFFFFFFFFFFFFFFFFFFFFFFFFFFFFFF65
:102B8000FFFFFFFFFFFFFFFFFFFFFFFFFFFFFFFF55
:102B9000FFFFFFFFFFFFFFFFFFFFFFFFFFFFFFFF45
:102BA000FFFFFFFFFFFFFFFFFFFFFFFFFFFFFFFF35
:102BB000FFFFFFFFFFFFFFFFFFFFFFFFFFFFFFFF25
:102BC000FFFFFFFFFFFFFFFFFFFFFFFFFFFFFFFF15
:102BD000FFFFFFFFFFFFFFFFFFFFFFFFFFFFFFFF05
:102BE000FFFFFFFFFFFFFFFFFFFFFFFFFFFFFFFFF5
:102BF000FFFFFFFFFFFFFFFFFFFFFFFFFFFFFFFFE5
:102C0000FFFFFFFFFFFFFFFFFFFFFFFFFFFFFFFFD4
:102C1000FFFFFFFFFFFFFFFFFFFFFFFFFFFFFFFFC4
:102C2000FFFFFFFFFFFFFFFFFFFFFFFFFFFFFFFFB4
:102C3000FFFFFFFFFFFFFFFFFFFFFFFFFFFFFFFFA4
:102C4000FFFFFFFFFFFFFFFFFFFFFFFFFFFFFFFF94
:102C5000FFFFFFFFFFFFFFFFFFFFFFFFFFFFFFFF84
:102C6000FFFFFFFFFFFFFFFFFFFFFFFFFFFFFFFF74
:102C7000FFFFFFFFFFFFFFFFFFFFFFFFFFFFFFFF64
:102C8000FFFFFFFFFFFFFFFFFFFFFFFFFFFFFFFF54
:102C9000FFFFFFFFFFFFFFFFFFFFFFFFFFFFFFFF44
:102CA000FFFFFFFFFFFFFFFFFFFFFFFFFFFFFFFF34
:102CB000FFFFFFFFFFFFFFFFFFFFFFFFFFFFFFFF24
:102CC000FFFFFFFFFFFFFFFFFFFFFFFFFFFFFFFF14
:102CD000FFFFFFFFFFFFFFFFFFFFFFFFFFFFFFFF04
:102CE000FFFFFFFFFFFFFFFFFFFFFFFFFFFFFFFFF4
:102CF000FFFFFFFFFFFFFFFFFFFFFFFFFFFFFFFFE4
:102D0000FFFFFFFFFFFFFFFFFFFFFFFFFFFFFFFFD3
:102D1000FFFFFFFFFFFFFFFFFFFFFFFFFFFFFFFFC3
:102D2000FFFFFFFFFFFFFFFFFFFFFFFFFFFFFFFFB3
:102D3000FFFFFFFFFFFFFFFFFFFFFFFFFFFFFFFFA3
:102D4000FFFFFFFFFFFFFFFFFFFFFFFFFFFFFFFF93
:102D5000FFFFFFFFFFFFFFFFFFFFFFFFFFFFFFFF83
:102D6000FFFFFFFFFFFFFFFFFFFFFFFFFFFFFFFF73
:102D7000FFFFFFFFFFFFFFFFFFFFFFFFFFFFFFFF63
:102D8000FFFFFFFFFFFFFFFFFFFFFFFFFFFFFFFF53
:102D9000FFFFFFFFFFFFFFFFFFFFFFFFFFFFFFFF43
:102DA000FFFFFFFFFFFFFFFFFFFFFFFFFFFFFFFF33
:102DB000FFFFFFFFFFFFFFFFFFFFFFFFFFFFFFFF23
:102DC000FFFFFFFFFFFFFFFFFFFFFFFFFFFFFFFF13
:102DD000FFFFFFFFFFFFFFFFFFFFFFFFFFFFFFFF03
:102DE000FFFFFFFFFFFFFFFFFFFFFFFFFFFFFFFFF3
:102DF000FFFFFFFFFFFFFFFFFFFFFFFFFFFFFFFFE3
:102E0000FFFFFFFFFFFFFFFFFFFFFFFFFFFFFFFFD2
:102E1000FFFFFFFFFFFFFFFFFFFFFFFFFFFFFFFFC2
:102E2000FFFFFFFFFFFFFFFFFFFFFFFFFFFFFFFFB2
:102E3000FFFFFFFFFFFFFFFFFFFFFFFFFFFFFFFFA2
:102E4000FFFFFFFFFFFFFFFFFFFFFFFFFFFFFFFF92
:102E5000FFFFFFFFFFFFFFFFFFFFFFFFFFFFFFFF82
:102E6000FFFFFFFFFFFFFFFFFFFFFFFFFFFFFFFF72
:102E7000FFFFFFFFFFFFFFFFFFFFFFFFFFFFFFFF62
:102E8000FFFFFFFFFFFFFFFFFFFFFFFFFFFFFFFF52
:102E9000FFFFFFFFFFFFFFFFFFFFFFFFFFFFFFFF42
:102EA000FFFFFFFFFFFFFFFFFFFFFFFFFFFFFFFF32
:102EB000FFFFFFFFFFFFFFFFFFFFFFFFFFFFFFFF22
:102EC000FFFFFFFFFFFFFFFFFFFFFFFFFFFFFFFF12
:102ED000FFFFFFFFFFFFFFFFFFFFFFFFFFFFFFFF02
:102EE000FFFFFFFFFFFFFFFFFFFFFFFFFFFFFFFFF2
:102EF000FFFFFFFFFFFFFFFFFFFFFFFFFFFFFFFFE2
:102F0000FFFFFFFFFFFFFFFFFFFFFFFFFFFFFFFFD1
:102F1000FFFFFFFFFFFFFFFFFFFFFFFFFFFFFFFFC1
:102F2000FFFFFFFFFFFFFFFFFFFFFFFFFFFFFFFFB1
:102F3000FFFFFFFFFFFFFFFFFFFFFFFFFFFFFFFFA1
:102F4000FFFFFFFFFFFFFFFFFFFFFFFFFFFFFFFF91
:102F5000FFFFFFFFFFFFFFFFFFFFFFFFFFFFFFFF81
:102F6000FFFFFFFFFFFFFFFFFFFFFFFFFFFFFFFF71
:102F7000FFFFFFFFFFFFFFFFFFFFFFFFFFFFFFFF61
:102F8000FFFFFFFFFFFFFFFFFFFFFFFFFFFFFFFF51
:102F9000FFFFFFFFFFFFFFFFFFFFFFFFFFFFFFFF41
:102FA000FFFFFFFFFFFFFFFFFFFFFFFFFFFFFFFF31
:102FB000FFFFFFFFFFFFFFFFFFFFFFFFFFFFFFFF21
:102FC000FFFFFFFFFFFFFFFFFFFFFFFFFFFFFFFF11
:102FD000FFFFFFFFFFFFFFFFFFFFFFFFFFFFFFFF01
:102FE000FFFFFFFFFFFFFFFFFFFFFFFFFFFFFFFFF1
:102FF000FFFFFFFFFFFFFFFFFFFFFFFFFFFFFFFFE1
:10300000FFFFFFFFFFFFFFFFFFFFFFFFFFFFFFFFD0
:10301000FFFFFFFFFFFFFFFFFFFFFFFFFFFFFFFFC0
:10302000FFFFFFFFFFFFFFFFFFFFFFFFFFFFFFFFB0
:10303000FFFFFFFFFFFFFFFFFFFFFFFFFFFFFFFFA0
:10304000FFFFFFFFFFFFFFFFFFFFFFFFFFFFFFFF90
:10305000FFFFFFFFFFFFFFFFFFFFFFFFFFFFFFFF80
:10306000FFFFFFFFFFFFFFFFFFFFFFFFFFFFFFFF70
:10307000FFFFFFFFFFFFFFFFFFFFFFFFFFFFFFFF60
:10308000FFFFFFFFFFFFFFFFFFFFFFFFFFFFFFFF50
:10309000FFFFFFFFFFFFFFFFFFFFFFFFFFFFFFFF40
:1030A000FFFFFFFFFFFFFFFFFFFFFFFFFFFFFFFF30
:1030B000FFFFFFFFFFFFFFFFFFFFFFFFFFFFFFFF20
:1030C000FFFFFFFFFFFFFFFFFFFFFFFFFFFFFFFF10
:1030D000FFFFFFFFFFFFFFFFFFFFFFFFFFFFFFFF00
:1030E000FFFFFFFFFFFFFFFFFFFFFFFFFFFFFFFFF0
:1030F000FFFFFFFFFFFFFFFFFFFFFFFFFFFFFFFFE0
:10310000FFFFFFFFFFFFFFFFFFFFFFFFFFFFFFFFCF
:10311000FFFFFFFFFFFFFFFFFFFFFFFFFFFFFFFFBF
:10312000FFFFFFFFFFFFFFFFFFFFFFFFFFFFFFFFAF
:10313000FFFFFFFFFFFFFFFFFFFFFFFFFFFFFFFF9F
:10314000FFFFFFFFFFFFFFFFFFFFFFFFFFFFFFFF8F
:10315000FFFFFFFFFFFFFFFFFFFFFFFFFFFFFFFF7F
:10316000FFFFFFFFFFFFFFFFFFFFFFFFFFFFFFFF6F
:10317000FFFFFFFFFFFFFFFFFFFFFFFFFFFFFFFF5F
:10318000FFFFFFFFFFFFFFFFFFFFFFFFFFFFFFFF4F
:10319000FFFFFFFFFFFFFFFFFFFFFFFFFFFFFFFF3F
:1031A000FFFFFFFFFFFFFFFFFFFFFFFFFFFFFFFF2F
:1031B000FFFFFFFFFFFFFFFFFFFFFFFFFFFFFFFF1F
:1031C000FFFFFFFFFFFFFFFFFFFFFFFFFFFFFFFF0F
:1031D000FFFFFFFFFFFFFFFFFFFFFFFFFFFFFFFFFF
:1031E000FFFFFFFFFFFFFFFFFFFFFFFFFFFFFFFFEF
:1031F000FFFFFFFFFFFFFFFFFFFFFFFFFFFFFFFFDF
:10320000FFFFFFFFFFFFFFFFFFFFFFFFFFFFFFFFCE
:10321000FFFFFFFFFFFFFFFFFFFFFFFFFFFFFFFFBE
:10322000FFFFFFFFFFFFFFFFFFFFFFFFFFFFFFFFAE
:10323000FFFFFFFFFFFFFFFFFFFFFFFFFFFFFFFF9E
:10324000FFFFFFFFFFFFFFFFFFFFFFFFFFFFFFFF8E
:10325000FFFFFFFFFFFFFFFFFFFFFFFFFFFFFFFF7E
:10326000FFFFFFFFFFFFFFFFFFFFFFFFFFFFFFFF6E
:10327000FFFFFFFFFFFFFFFFFFFFFFFFFFFFFFFF5E
:10328000FFFFFFFFFFFFFFFFFFFFFFFFFFFFFFFF4E
:10329000FFFFFFFFFFFFFFFFFFFFFFFFFFFFFFFF3E
:1032A000FFFFFFFFFFFFFFFFFFFFFFFFFFFFFFFF2E
:1032B000FFFFFFFFFFFFFFFFFFFFFFFFFFFFFFFF1E
:1032C000FFFFFFFFFFFFFFFFFFFFFFFFFFFFFFFF0E
:1032D000FFFFFFFFFFFFFFFFFFFFFFFFFFFFFFFFFE
:1032E000FFFFFFFFFFFFFFFFFFFFFFFFFFFFFFFFEE
:1032F000FFFFFFFFFFFFFFFFFFFFFFFFFFFFFFFFDE
:10330000FFFFFFFFFFFFFFFFFFFFFFFFFFFFFFFFCD
:10331000FFFFFFFFFFFFFFFFFFFFFFFFFFFFFFFFBD
:10332000FFFFFFFFFFFFFFFFFFFFFFFFFFFFFFFFAD
:10333000FFFFFFFFFFFFFFFFFFFFFFFFFFFFFFFF9D
:10334000FFFFFFFFFFFFFFFFFFFFFFFFFFFFFFFF8D
:10335000FFFFFFFFFFFFFFFFFFFFFFFFFFFFFFFF7D
:10336000FFFFFFFFFFFFFFFFFFFFFFFFFFFFFFFF6D
:10337000FFFFFFFFFFFFFFFFFFFFFFFFFFFFFFFF5D
:10338000FFFFFFFFFFFFFFFFFFFFFFFFFFFFFFFF4D
:10339000FFFFFFFFFFFFFFFFFFFFFFFFFFFFFFFF3D
:1033A000FFFFFFFFFFFFFFFFFFFFFFFFFFFFFFFF2D
:1033B000FFFFFFFFFFFFFFFFFFFFFFFFFFFFFFFF1D
:1033C000FFFFFFFFFFFFFFFFFFFFFFFFFFFFFFFF0D
:1033D000FFFFFFFFFFFFFFFFFFFFFFFFFFFFFFFFFD
:1033E000FFFFFFFFFFFFFFFFFFFFFFFFFFFFFFFFED
:1033F000FFFFFFFFFFFFFFFFFFFFFFFFFFFFFFFFDD
:10340000FFFFFFFFFFFFFFFFFFFFFFFFFFFFFFFFCC
:10341000FFFFFFFFFFFFFFFFFFFFFFFFFFFFFFFFBC
:10342000FFFFFFFFFFFFFFFFFFFFFFFFFFFFFFFFAC
:10343000FFFFFFFFFFFFFFFFFFFFFFFFFFFFFFFF9C
:10344000FFFFFFFFFFFFFFFFFFFFFFFFFFFFFFFF8C
:10345000FFFFFFFFFFFFFFFFFFFFFFFFFFFFFFFF7C
:10346000FFFFFFFFFFFFFFFFFFFFFFFFFFFFFFFF6C
:10347000FFFFFFFFFFFFFFFFFFFFFFFFFFFFFFFF5C
:10348000FFFFFFFFFFFFFFFFFFFFFFFFFFFFFFFF4C
:10349000FFFFFFFFFFFFFFFFFFFFFFFFFFFFFFFF3C
:1034A000FFFFFFFFFFFFFFFFFFFFFFFFFFFFFFFF2C
:1034B000FFFFFFFFFFFFFFFFFFFFFFFFFFFFFFFF1C
:1034C000FFFFFFFFFFFFFFFFFFFFFFFFFFFFFFFF0C
:1034D000FFFFFFFFFFFFFFFFFFFFFFFFFFFFFFFFFC
:1034E000FFFFFFFFFFFFFFFFFFFFFFFFFFFFFFFFEC
:1034F000FFFFFFFFFFFFFFFFFFFFFFFFFFFFFFFFDC
:10350000FFFFFFFFFFFFFFFFFFFFFFFFFFFFFFFFCB
:10351000FFFFFFFFFFFFFFFFFFFFFFFFFFFFFFFFBB
:10352000FFFFFFFFFFFFFFFFFFFFFFFFFFFFFFFFAB
:10353000FFFFFFFFFFFFFFFFFFFFFFFFFFFFFFFF9B
:10354000FFFFFFFFFFFFFFFFFFFFFFFFFFFFFFFF8B
:10355000FFFFFFFFFFFFFFFFFFFFFFFFFFFFFFFF7B
:10356000FFFFFFFFFFFFFFFFFFFFFFFFFFFFFFFF6B
:10357000FFFFFFFFFFFFFFFFFFFFFFFFFFFFFFFF5B
:10358000FFFFFFFFFFFFFFFFFFFFFFFFFFFFFFFF4B
:10359000FFFFFFFFFFFFFFFFFFFFFFFFFFFFFFFF3B
:1035A000FFFFFFFFFFFFFFFFFFFFFFFFFFFFFFFF2B
:1035B000FFFFFFFFFFFFFFFFFFFFFFFFFFFFFFFF1B
:1035C000FFFFFFFFFFFFFFFFFFFFFFFFFFFFFFFF0B
:1035D000FFFFFFFFFFFFFFFFFFFFFFFFFFFFFFFFFB
:1035E000FFFFFFFFFFFFFFFFFFFFFFFFFFFFFFFFEB
:1035F000FFFFFFFFFFFFFFFFFFFFFFFFFFFFFFFFDB
:10360000FFFFFFFFFFFFFFFFFFFFFFFFFFFFFFFFCA
:10361000FFFFFFFFFFFFFFFFFFFFFFFFFFFFFFFFBA
:10362000FFFFFFFFFFFFFFFFFFFFFFFFFFFFFFFFAA
:10363000FFFFFFFFFFFFFFFFFFFFFFFFFFFFFFFF9A
:10364000FFFFFFFFFFFFFFFFFFFFFFFFFFFFFFFF8A
:10365000FFFFFFFFFFFFFFFFFFFFFFFFFFFFFFFF7A
:10366000FFFFFFFFFFFFFFFFFFFFFFFFFFFFFFFF6A
:10367000FFFFFFFFFFFFFFFFFFFFFFFFFFFFFFFF5A
:10368000FFFFFFFFFFFFFFFFFFFFFFFFFFFFFFFF4A
:10369000FFFFFFFFFFFFFFFFFFFFFFFFFFFFFFFF3A
:1036A000FFFFFFFFFFFFFFFFFFFFFFFFFFFFFFFF2A
:1036B000FFFFFFFFFFFFFFFFFFFFFFFFFFFFFFFF1A
:1036C000FFFFFFFFFFFFFFFFFFFFFFFFFFFFFFFF0A
:1036D000FFFFFFFFFFFFFFFFFFFFFFFFFFFFFFFFFA
:1036E000FFFFFFFFFFFFFFFFFFFFFFFFFFFFFFFFEA
:1036F000FFFFFFFFFFFFFFFFFFFFFFFFFFFFFFFFDA
:10370000FFFFFFFFFFFFFFFFFFFFFFFFFFFFFFFFC9
:10371000FFFFFFFFFFFFFFFFFFFFFFFFFFFFFFFFB9
:10372000FFFFFFFFFFFFFFFFFFFFFFFFFFFFFFFFA9
:10373000FFFFFFFFFFFFFFFFFFFFFFFFFFFFFFFF99
:10374000FFFFFFFFFFFFFFFFFFFFFFFFFFFFFFFF89
:10375000FFFFFFFFFFFFFFFFFFFFFFFFFFFFFFFF79
:10376000FFFFFFFFFFFFFFFFFFFFFFFFFFFFFFFF69
:10377000FFFFFFFFFFFFFFFFFFFFFFFFFFFFFFFF59
:10378000FFFFFFFFFFFFFFFFFFFFFFFFFFFFFFFF49
:10379000FFFFFFFFFFFFFFFFFFFFFFFFFFFFFFFF39
:1037A000FFFFFFFFFFFFFFFFFFFFFFFFFFFFFFFF29
:1037B000FFFFFFFFFFFFFFFFFFFFFFFFFFFFFFFF19
:1037C000FFFFFFFFFFFFFFFFFFFFFFFFFFFFFFFF09
:1037D000FFFFFFFFFFFFFFFFFFFFFFFFFFFFFFFFF9
:1037E000FFFFFFFFFFFFFFFFFFFFFFFFFFFFFFFFE9
:1037F000FFFFFFFFFFFFFFFFFFFFFFFFFFFFFFFFD9
:10380000FFFFFFFFFFFFFFFFFFFFFFFFFFFFFFFFC8
:10381000FFFFFFFFFFFFFFFFFFFFFFFFFFFFFFFFB8
:10382000FFFFFFFFFFFFFFFFFFFFFFFFFFFFFFFFA8
:10383000FFFFFFFFFFFFFFFFFFFFFFFFFFFFFFFF98
:10384000FFFFFFFFFFFFFFFFFFFFFFFFFFFFFFFF88
:10385000FFFFFFFFFFFFFFFFFFFFFFFFFFFFFFFF78
:10386000FFFFFFFFFFFFFFFFFFFFFFFFFFFFFFFF68
:10387000FFFFFFFFFFFFFFFFFFFFFFFFFFFFFFFF58
:10388000FFFFFFFFFFFFFFFFFFFFFFFFFFFFFFFF48
:10389000FFFFFFFFFFFFFFFFFFFFFFFFFFFFFFFF38
:1038A000FFFFFFFFFFFFFFFFFFFFFFFFFFFFFFFF28
:1038B000FFFFFFFFFFFFFFFFFFFFFFFFFFFFFFFF18
:1038C000FFFFFFFFFFFFFFFFFFFFFFFFFFFFFFFF08
:1038D000FFFFFFFFFFFFFFFFFFFFFFFFFFFFFFFFF8
:1038E000FFFFFFFFFFFFFFFFFFFFFFFFFFFFFFFFE8
:1038F000FFFFFFFFFFFFFFFFFFFFFFFFFFFFFFFFD8
:10390000FFFFFFFFFFFFFFFFFFFFFFFFFFFFFFFFC7
:10391000FFFFFFFFFFFFFFFFFFFFFFFFFFFFFFFFB7
:10392000FFFFFFFFFFFFFFFFFFFFFFFFFFFFFFFFA7
:10393000FFFFFFFFFFFFFFFFFFFFFFFFFFFFFFFF97
:10394000FFFFFFFFFFFFFFFFFFFFFFFFFFFFFFFF87
:10395000FFFFFFFFFFFFFFFFFFFFFFFFFFFFFFFF77
:10396000FFFFFFFFFFFFFFFFFFFFFFFFFFFFFFFF67
:10397000FFFFFFFFFFFFFFFFFFFFFFFFFFFFFFFF57
:10398000FFFFFFFFFFFFFFFFFFFFFFFFFFFFFFFF47
:10399000FFFFFFFFFFFFFFFFFFFFFFFFFFFFFFFF37
:1039A000FFFFFFFFFFFFFFFFFFFFFFFFFFFFFFFF27
:1039B000FFFFFFFFFFFFFFFFFFFFFFFFFFFFFFFF17
:1039C000FFFFFFFFFFFFFFFFFFFFFFFFFFFFFFFF07
:1039D000FFFFFFFFFFFFFFFFFFFFFFFFFFFFFFFFF7
:1039E000FFFFFFFFFFFFFFFFFFFFFFFFFFFFFFFFE7
:1039F000FFFFFFFFFFFFFFFFFFFFFFFFFFFFFFFFD7
:103A0000FFFFFFFFFFFFFFFFFFFFFFFFFFFFFFFFC6
:103A1000FFFFFFFFFFFFFFFFFFFFFFFFFFFFFFFFB6
:103A2000FFFFFFFFFFFFFFFFFFFFFFFFFFFFFFFFA6
:103A3000FFFFFFFFFFFFFFFFFFFFFFFFFFFFFFFF96
:103A4000FFFFFFFFFFFFFFFFFFFFFFFFFFFFFFFF86
:103A5000FFFFFFFFFFFFFFFFFFFFFFFFFFFFFFFF76
:103A6000FFFFFFFFFFFFFFFFFFFFFFFFFFFFFFFF66
:103A7000FFFFFFFFFFFFFFFFFFFFFFFFFFFFFFFF56
:103A8000FFFFFFFFFFFFFFFFFFFFFFFFFFFFFFFF46
:103A9000FFFFFFFFFFFFFFFFFFFFFFFFFFFFFFFF36
:103AA000FFFFFFFFFFFFFFFFFFFFFFFFFFFFFFFF26
:103AB000FFFFFFFFFFFFFFFFFFFFFFFFFFFFFFFF16
:103AC000FFFFFFFFFFFFFFFFFFFFFFFFFFFFFFFF06
:103AD000FFFFFFFFFFFFFFFFFFFFFFFFFFFFFFFFF6
:103AE000FFFFFFFFFFFFFFFFFFFFFFFFFFFFFFFFE6
:103AF000FFFFFFFFFFFFFFFFFFFFFFFFFFFFFFFFD6
:103B0000FFFFFFFFFFFFFFFFFFFFFFFFFFFFFFFFC5
:103B1000FFFFFFFFFFFFFFFFFFFFFFFFFFFFFFFFB5
:103B2000FFFFFFFFFFFFFFFFFFFFFFFFFFFFFFFFA5
:103B3000FFFFFFFFFFFFFFFFFFFFFFFFFFFFFFFF95
:103B4000FFFFFFFFFFFFFFFFFFFFFFFFFFFFFFFF85
:103B5000FFFFFFFFFFFFFFFFFFFFFFFFFFFFFFFF75
:103B6000FFFFFFFFFFFFFFFFFFFFFFFFFFFFFFFF65
:103B7000FFFFFFFFFFFFFFFFFFFFFFFFFFFFFFFF55
:103B8000FFFFFFFFFFFFFFFFFFFFFFFFFFFFFFFF45
:103B9000FFFFFFFFFFFFFFFFFFFFFFFFFFFFFFFF35
:103BA000FFFFFFFFFFFFFFFFFFFFFFFFFFFFFFFF25
:103BB000FFFFFFFFFFFFFFFFFFFFFFFFFFFFFFFF15
:103BC000FFFFFFFFFFFFFFFFFFFFFFFFFFFFFFFF05
:103BD000FFFFFFFFFFFFFFFFFFFFFFFFFFFFFFFFF5
:103BE000FFFFFFFFFFFFFFFFFFFFFFFFFFFFFFFFE5
:103BF000FFFFFFFFFFFFFFFFFFFFFFFFFFFFFFFFD5
:103C0000FFFFFFFFFFFFFFFFFFFFFFFFFFFFFFFFC4
:103C1000FFFFFFFFFFFFFFFFFFFFFFFFFFFFFFFFB4
:103C2000FFFFFFFFFFFFFFFFFFFFFFFFFFFFFFFFA4
:103C3000FFFFFFFFFFFFFFFFFFFFFFFFFFFFFFFF94
:103C4000FFFFFFFFFFFFFFFFFFFFFFFFFFFFFFFF84
:103C5000FFFFFFFFFFFFFFFFFFFFFFFFFFFFFFFF74
:103C6000FFFFFFFFFFFFFFFFFFFFFFFFFFFFFFFF64
:103C7000FFFFFFFFFFFFFFFFFFFFFFFFFFFFFFFF54
:103C8000FFFFFFFFFFFFFFFFFFFFFFFFFFFFFFFF44
:103C9000FFFFFFFFFFFFFFFFFFFFFFFFFFFFFFFF34
:103CA000FFFFFFFFFFFFFFFFFFFFFFFFFFFFFFFF24
:103CB000FFFFFFFFFFFFFFFFFFFFFFFFFFFFFFFF14
:103CC000FFFFFFFFFFFFFFFFFFFFFFFFFFFFFFFF04
:103CD000FFFFFFFFFFFFFFFFFFFFFFFFFFFFFFFFF4
:103CE000FFFFFFFFFFFFFFFFFFFFFFFFFFFFFFFFE4
:103CF000FFFFFFFFFFFFFFFFFFFFFFFFFFFFFFFFD4
:103D0000FFFFFFFFFFFFFFFFFFFFFFFFFFFFFFFFC3
:103D1000FFFFFFFFFFFFFFFFFFFFFFFFFFFFFFFFB3
:103D2000FFFFFFFFFFFFFFFFFFFFFFFFFFFFFFFFA3
:103D3000FFFFFFFFFFFFFFFFFFFFFFFFFFFFFFFF93
:103D4000FFFFFFFFFFFFFFFFFFFFFFFFFFFFFFFF83
:103D5000FFFFFFFFFFFFFFFFFFFFFFFFFFFFFFFF73
:103D6000FFFFFFFFFFFFFFFFFFFFFFFFFFFFFFFF63
:103D7000FFFFFFFFFFFFFFFFFFFFFFFFFFFFFFFF53
:103D8000FFFFFFFFFFFFFFFFFFFFFFFFFFFFFFFF43
:103D9000FFFFFFFFFFFFFFFFFFFFFFFFFFFFFFFF33
:103DA000FFFFFFFFFFFFFFFFFFFFFFFFFFFFFFFF23
:103DB000FFFFFFFFFFFFFFFFFFFFFFFFFFFFFFFF13
:103DC000FFFFFFFFFFFFFFFFFFFFFFFFFFFFFFFF03
:103DD000FFFFFFFFFFFFFFFFFFFFFFFFFFFFFFFFF3
:103DE000FFFFFFFFFFFFFFFFFFFFFFFFFFFFFFFFE3
:103DF000FFFFFFFFFFFFFFFFFFFFFFFFFFFFFFFFD3
:103E0000FFFFFFFFFFFFFFFFFFFFFFFFFFFFFFFFC2
:103E1000FFFFFFFFFFFFFFFFFFFFFFFFFFFFFFFFB2
:103E2000FFFFFFFFFFFFFFFFFFFFFFFFFFFFFFFFA2
:103E3000FFFFFFFFFFFFFFFFFFFFFFFFFFFFFFFF92
:103E4000FFFFFFFFFFFFFFFFFFFFFFFFFFFFFFFF82
:103E5000FFFFFFFFFFFFFFFFFFFFFFFFFFFFFFFF72
:103E6000FFFFFFFFFFFFFFFFFFFFFFFFFFFFFFFF62
:103E7000FFFFFFFFFFFFFFFFFFFFFFFFFFFFFFFF52
:103E8000FFFFFFFFFFFFFFFFFFFFFFFFFFFFFFFF42
:103E9000FFFFFFFFFFFFFFFFFFFFFFFFFFFFFFFF32
:103EA000FFFFFFFFFFFFFFFFFFFFFFFFFFFFFFFF22
:103EB000FFFFFFFFFFFFFFFFFFFFFFFFFFFFFFFF12
:103EC000FFFFFFFFFFFFFFFFFFFFFFFFFFFFFFFF02
:103ED000FFFFFFFFFFFFFFFFFFFFFFFFFFFFFFFFF2
:103EE000FFFFFFFFFFFFFFFFFFFFFFFFFFFFFFFFE2
:103EF000FFFFFFFFFFFFFFFFFFFFFFFFFFFFFFFFD2
:103F0000FFFFFFFFFFFFFFFFFFFFFFFFFFFFFFFFC1
:103F1000FFFFFFFFFFFFFFFFFFFFFFFFFFFFFFFFB1
:103F2000FFFFFFFFFFFFFFFFFFFFFFFFFFFFFFFFA1
:103F3000FFFFFFFFFFFFFFFFFFFFFFFFFFFFFFFF91
:103F4000FFFFFFFFFFFFFFFFFFFFFFFFFFFFFFFF81
:103F5000FFFFFFFFFFFFFFFFFFFFFFFFFFFFFFFF71
:103F6000FFFFFFFFFFFFFFFFFFFFFFFFFFFFFFFF61
:103F7000FFFFFFFFFFFFFFFFFFFFFFFFFFFFFFFF51
:103F8000FFFFFFFFFFFFFFFFFFFFFFFFFFFFFFFF41
:103F9000FFFFFFFFFFFFFFFFFFFFFFFFFFFFFFFF31
:103FA000FFFFFFFFFFFFFFFFFFFFFFFFFFFFFFFF21
:103FB000FFFFFFFFFFFFFFFFFFFFFFFFFFFFFFFF11
:103FC000FFFFFFFFFFFFFFFFFFFFFFFFFFFFFFFF01
:103FD000FFFFFFFFFFFFFFFFFFFFFFFFFFFFFFFFF1
:103FE000FFFFFFFFFFFFFFFFFFFFFFFFFFFFFFFFE1
:103FF000FFFFFFFFFFFFFFFFFFFFFFFFFFFFFFFFD1
:10400000FFFFFFFFFFFFFFFFFFFFFFFFFFFFFFFFC0
:10401000FFFFFFFFFFFFFFFFFFFFFFFFFFFFFFFFB0
:10402000FFFFFFFFFFFFFFFFFFFFFFFFFFFFFFFFA0
:10403000FFFFFFFFFFFFFFFFFFFFFFFFFFFFFFFF90
:10404000FFFFFFFFFFFFFFFFFFFFFFFFFFFFFFFF80
:10405000FFFFFFFFFFFFFFFFFFFFFFFFFFFFFFFF70
:10406000FFFFFFFFFFFFFFFFFFFFFFFFFFFFFFFF60
:10407000FFFFFFFFFFFFFFFFFFFFFFFFFFFFFFFF50
:10408000FFFFFFFFFFFFFFFFFFFFFFFFFFFFFFFF40
:10409000FFFFFFFFFFFFFFFFFFFFFFFFFFFFFFFF30
:1040A000FFFFFFFFFFFFFFFFFFFFFFFFFFFFFFFF20
:1040B000FFFFFFFFFFFFFFFFFFFFFFFFFFFFFFFF10
:1040C000FFFFFFFFFFFFFFFFFFFFFFFFFFFFFFFF00
:1040D000FFFFFFFFFFFFFFFFFFFFFFFFFFFFFFFFF0
:1040E000FFFFFFFFFFFFFFFFFFFFFFFFFFFFFFFFE0
:1040F000FFFFFFFFFFFFFFFFFFFFFFFFFFFFFFFFD0
:10410000FFFFFFFFFFFFFFFFFFFFFFFFFFFFFFFFBF
:10411000FFFFFFFFFFFFFFFFFFFFFFFFFFFFFFFFAF
:10412000FFFFFFFFFFFFFFFFFFFFFFFFFFFFFFFF9F
:10413000FFFFFFFFFFFFFFFFFFFFFFFFFFFFFFFF8F
:10414000FFFFFFFFFFFFFFFFFFFFFFFFFFFFFFFF7F
:10415000FFFFFFFFFFFFFFFFFFFFFFFFFFFFFFFF6F
:10416000FFFFFFFFFFFFFFFFFFFFFFFFFFFFFFFF5F
:10417000FFFFFFFFFFFFFFFFFFFFFFFFFFFFFFFF4F
:10418000FFFFFFFFFFFFFFFFFFFFFFFFFFFFFFFF3F
:10419000FFFFFFFFFFFFFFFFFFFFFFFFFFFFFFFF2F
:1041A000FFFFFFFFFFFFFFFFFFFFFFFFFFFFFFFF1F
:1041B000FFFFFFFFFFFFFFFFFFFFFFFFFFFFFFFF0F
:1041C000FFFFFFFFFFFFFFFFFFFFFFFFFFFFFFFFFF
:1041D000FFFFFFFFFFFFFFFFFFFFFFFFFFFFFFFFEF
:1041E000FFFFFFFFFFFFFFFFFFFFFFFFFFFFFFFFDF
:1041F000FFFFFFFFFFFFFFFFFFFFFFFFFFFFFFFFCF
:10420000FFFFFFFFFFFFFFFFFFFFFFFFFFFFFFFFBE
:10421000FFFFFFFFFFFFFFFFFFFFFFFFFFFFFFFFAE
:10422000FFFFFFFFFFFFFFFFFFFFFFFFFFFFFFFF9E
:10423000FFFFFFFFFFFFFFFFFFFFFFFFFFFFFFFF8E
:10424000FFFFFFFFFFFFFFFFFFFFFFFFFFFFFFFF7E
:10425000FFFFFFFFFFFFFFFFFFFFFFFFFFFFFFFF6E
:10426000FFFFFFFFFFFFFFFFFFFFFFFFFFFFFFFF5E
:10427000FFFFFFFFFFFFFFFFFFFFFFFFFFFFFFFF4E
:10428000FFFFFFFFFFFFFFFFFFFFFFFFFFFFFFFF3E
:10429000FFFFFFFFFFFFFFFFFFFFFFFFFFFFFFFF2E
:1042A000FFFFFFFFFFFFFFFFFFFFFFFFFFFFFFFF1E
:1042B000FFFFFFFFFFFFFFFFFFFFFFFFFFFFFFFF0E
:1042C000FFFFFFFFFFFFFFFFFFFFFFFFFFFFFFFFFE
:1042D000FFFFFFFFFFFFFFFFFFFFFFFFFFFFFFFFEE
:1042E000FFFFFFFFFFFFFFFFFFFFFFFFFFFFFFFFDE
:1042F000FFFFFFFFFFFFFFFFFFFFFFFFFFFFFFFFCE
:10430000FFFFFFFFFFFFFFFFFFFFFFFFFFFFFFFFBD
:10431000FFFFFFFFFFFFFFFFFFFFFFFFFFFFFFFFAD
:10432000FFFFFFFFFFFFFFFFFFFFFFFFFFFFFFFF9D
:10433000FFFFFFFFFFFFFFFFFFFFFFFFFFFFFFFF8D
:10434000FFFFFFFFFFFFFFFFFFFFFFFFFFFFFFFF7D
:10435000FFFFFFFFFFFFFFFFFFFFFFFFFFFFFFFF6D
:10436000FFFFFFFFFFFFFFFFFFFFFFFFFFFFFFFF5D
:10437000FFFFFFFFFFFFFFFFFFFFFFFFFFFFFFFF4D
:10438000FFFFFFFFFFFFFFFFFFFFFFFFFFFFFFFF3D
:10439000FFFFFFFFFFFFFFFFFFFFFFFFFFFFFFFF2D
:1043A000FFFFFFFFFFFFFFFFFFFFFFFFFFFFFFFF1D
:1043B000FFFFFFFFFFFFFFFFFFFFFFFFFFFFFFFF0D
:1043C000FFFFFFFFFFFFFFFFFFFFFFFFFFFFFFFFFD
:1043D000FFFFFFFFFFFFFFFFFFFFFFFFFFFFFFFFED
:1043E000FFFFFFFFFFFFFFFFFFFFFFFFFFFFFFFFDD
:1043F000FFFFFFFFFFFFFFFFFFFFFFFFFFFFFFFFCD
:10440000FFFFFFFFFFFFFFFFFFFFFFFFFFFFFFFFBC
:10441000FFFFFFFFFFFFFFFFFFFFFFFFFFFFFFFFAC
:10442000FFFFFFFFFFFFFFFFFFFFFFFFFFFFFFFF9C
:10443000FFFFFFFFFFFFFFFFFFFFFFFFFFFFFFFF8C
:10444000FFFFFFFFFFFFFFFFFFFFFFFFFFFFFFFF7C
:10445000FFFFFFFFFFFFFFFFFFFFFFFFFFFFFFFF6C
:10446000FFFFFFFFFFFFFFFFFFFFFFFFFFFFFFFF5C
:10447000FFFFFFFFFFFFFFFFFFFFFFFFFFFFFFFF4C
:10448000FFFFFFFFFFFFFFFFFFFFFFFFFFFFFFFF3C
:10449000FFFFFFFFFFFFFFFFFFFFFFFFFFFFFFFF2C
:1044A000FFFFFFFFFFFFFFFFFFFFFFFFFFFFFFFF1C
:1044B000FFFFFFFFFFFFFFFFFFFFFFFFFFFFFFFF0C
:1044C000FFFFFFFFFFFFFFFFFFFFFFFFFFFFFFFFFC
:1044D000FFFFFFFFFFFFFFFFFFFFFFFFFFFFFFFFEC
:1044E000FFFFFFFFFFFFFFFFFFFFFFFFFFFFFFFFDC
:1044F000FFFFFFFFFFFFFFFFFFFFFFFFFFFFFFFFCC
:10450000FFFFFFFFFFFFFFFFFFFFFFFFFFFFFFFFBB
:10451000FFFFFFFFFFFFFFFFFFFFFFFFFFFFFFFFAB
:10452000FFFFFFFFFFFFFFFFFFFFFFFFFFFFFFFF9B
:10453000FFFFFFFFFFFFFFFFFFFFFFFFFFFFFFFF8B
:10454000FFFFFFFFFFFFFFFFFFFFFFFFFFFFFFFF7B
:10455000FFFFFFFFFFFFFFFFFFFFFFFFFFFFFFFF6B
:10456000FFFFFFFFFFFFFFFFFFFFFFFFFFFFFFFF5B
:10457000FFFFFFFFFFFFFFFFFFFFFFFFFFFFFFFF4B
:10458000FFFFFFFFFFFFFFFFFFFFFFFFFFFFFFFF3B
:10459000FFFFFFFFFFFFFFFFFFFFFFFFFFFFFFFF2B
:1045A000FFFFFFFFFFFFFFFFFFFFFFFFFFFFFFFF1B
:1045B000FFFFFFFFFFFFFFFFFFFFFFFFFFFFFFFF0B
:1045C000FFFFFFFFFFFFFFFFFFFFFFFFFFFFFFFFFB
:1045D000FFFFFFFFFFFFFFFFFFFFFFFFFFFFFFFFEB
:1045E000FFFFFFFFFFFFFFFFFFFFFFFFFFFFFFFFDB
:1045F000FFFFFFFFFFFFFFFFFFFFFFFFFFFFFFFFCB
:10460000FFFFFFFFFFFFFFFFFFFFFFFFFFFFFFFFBA
:10461000FFFFFFFFFFFFFFFFFFFFFFFFFFFFFFFFAA
:10462000FFFFFFFFFFFFFFFFFFFFFFFFFFFFFFFF9A
:10463000FFFFFFFFFFFFFFFFFFFFFFFFFFFFFFFF8A
:10464000FFFFFFFFFFFFFFFFFFFFFFFFFFFFFFFF7A
:10465000FFFFFFFFFFFFFFFFFFFFFFFFFFFFFFFF6A
:10466000FFFFFFFFFFFFFFFFFFFFFFFFFFFFFFFF5A
:10467000FFFFFFFFFFFFFFFFFFFFFFFFFFFFFFFF4A
:10468000FFFFFFFFFFFFFFFFFFFFFFFFFFFFFFFF3A
:10469000FFFFFFFFFFFFFFFFFFFFFFFFFFFFFFFF2A
:1046A000FFFFFFFFFFFFFFFFFFFFFFFFFFFFFFFF1A
:1046B000FFFFFFFFFFFFFFFFFFFFFFFFFFFFFFFF0A
:1046C000FFFFFFFFFFFFFFFFFFFFFFFFFFFFFFFFFA
:1046D000FFFFFFFFFFFFFFFFFFFFFFFFFFFFFFFFEA
:1046E000FFFFFFFFFFFFFFFFFFFFFFFFFFFFFFFFDA
:1046F000FFFFFFFFFFFFFFFFFFFFFFFFFFFFFFFFCA
:10470000FFFFFFFFFFFFFFFFFFFFFFFFFFFFFFFFB9
:10471000FFFFFFFFFFFFFFFFFFFFFFFFFFFFFFFFA9
:10472000FFFFFFFFFFFFFFFFFFFFFFFFFFFFFFFF99
:10473000FFFFFFFFFFFFFFFFFFFFFFFFFFFFFFFF89
:10474000FFFFFFFFFFFFFFFFFFFFFFFFFFFFFFFF79
:10475000FFFFFFFFFFFFFFFFFFFFFFFFFFFFFFFF69
:10476000FFFFFFFFFFFFFFFFFFFFFFFFFFFFFFFF59
:10477000FFFFFFFFFFFFFFFFFFFFFFFFFFFFFFFF49
:10478000FFFFFFFFFFFFFFFFFFFFFFFFFFFFFFFF39
:10479000FFFFFFFFFFFFFFFFFFFFFFFFFFFFFFFF29
:1047A000FFFFFFFFFFFFFFFFFFFFFFFFFFFFFFFF19
:1047B000FFFFFFFFFFFFFFFFFFFFFFFFFFFFFFFF09
:1047C000FFFFFFFFFFFFFFFFFFFFFFFFFFFFFFFFF9
:1047D000FFFFFFFFFFFFFFFFFFFFFFFFFFFFFFFFE9
:1047E000FFFFFFFFFFFFFFFFFFFFFFFFFFFFFFFFD9
:1047F000FFFFFFFFFFFFFFFFFFFFFFFFFFFFFFFFC9
:10480000FFFFFFFFFFFFFFFFFFFFFFFFFFFFFFFFB8
:10481000FFFFFFFFFFFFFFFFFFFFFFFFFFFFFFFFA8
:10482000FFFFFFFFFFFFFFFFFFFFFFFFFFFFFFFF98
:10483000FFFFFFFFFFFFFFFFFFFFFFFFFFFFFFFF88
:10484000FFFFFFFFFFFFFFFFFFFFFFFFFFFFFFFF78
:10485000FFFFFFFFFFFFFFFFFFFFFFFFFFFFFFFF68
:10486000FFFFFFFFFFFFFFFFFFFFFFFFFFFFFFFF58
:10487000FFFFFFFFFFFFFFFFFFFFFFFFFFFFFFFF48
:10488000FFFFFFFFFFFFFFFFFFFFFFFFFFFFFFFF38
:10489000FFFFFFFFFFFFFFFFFFFFFFFFFFFFFFFF28
:1048A000FFFFFFFFFFFFFFFFFFFFFFFFFFFFFFFF18
:1048B000FFFFFFFFFFFFFFFFFFFFFFFFFFFFFFFF08
:1048C000FFFFFFFFFFFFFFFFFFFFFFFFFFFFFFFFF8
:1048D000FFFFFFFFFFFFFFFFFFFFFFFFFFFFFFFFE8
:1048E000FFFFFFFFFFFFFFFFFFFFFFFFFFFFFFFFD8
:1048F000FFFFFFFFFFFFFFFFFFFFFFFFFFFFFFFFC8
:10490000FFFFFFFFFFFFFFFFFFFFFFFFFFFFFFFFB7
:10491000FFFFFFFFFFFFFFFFFFFFFFFFFFFFFFFFA7
:10492000FFFFFFFFFFFFFFFFFFFFFFFFFFFFFFFF97
:10493000FFFFFFFFFFFFFFFFFFFFFFFFFFFFFFFF87
:10494000FFFFFFFFFFFFFFFFFFFFFFFFFFFFFFFF77
:10495000FFFFFFFFFFFFFFFFFFFFFFFFFFFFFFFF67
:10496000FFFFFFFFFFFFFFFFFFFFFFFFFFFFFFFF57
:10497000FFFFFFFFFFFFFFFFFFFFFFFFFFFFFFFF47
:10498000FFFFFFFFFFFFFFFFFFFFFFFFFFFFFFFF37
:10499000FFFFFFFFFFFFFFFFFFFFFFFFFFFFFFFF27
:1049A000FFFFFFFFFFFFFFFFFFFFFFFFFFFFFFFF17
:1049B000FFFFFFFFFFFFFFFFFFFFFFFFFFFFFFFF07
:1049C000FFFFFFFFFFFFFFFFFFFFFFFFFFFFFFFFF7
:1049D000FFFFFFFFFFFFFFFFFFFFFFFFFFFFFFFFE7
:1049E000FFFFFFFFFFFFFFFFFFFFFFFFFFFFFFFFD7
:1049F000FFFFFFFFFFFFFFFFFFFFFFFFFFFFFFFFC7
:104A0000FFFFFFFFFFFFFFFFFFFFFFFFFFFFFFFFB6
:104A1000FFFFFFFFFFFFFFFFFFFFFFFFFFFFFFFFA6
:104A2000FFFFFFFFFFFFFFFFFFFFFFFFFFFFFFFF96
:104A3000FFFFFFFFFFFFFFFFFFFFFFFFFFFFFFFF86
:104A4000FFFFFFFFFFFFFFFFFFFFFFFFFFFFFFFF76
:104A5000FFFFFFFFFFFFFFFFFFFFFFFFFFFFFFFF66
:104A6000FFFFFFFFFFFFFFFFFFFFFFFFFFFFFFFF56
:104A7000FFFFFFFFFFFFFFFFFFFFFFFFFFFFFFFF46
:104A8000FFFFFFFFFFFFFFFFFFFFFFFFFFFFFFFF36
:104A9000FFFFFFFFFFFFFFFFFFFFFFFFFFFFFFFF26
:104AA000FFFFFFFFFFFFFFFFFFFFFFFFFFFFFFFF16
:104AB000FFFFFFFFFFFFFFFFFFFFFFFFFFFFFFFF06
:104AC000FFFFFFFFFFFFFFFFFFFFFFFFFFFFFFFFF6
:104AD000FFFFFFFFFFFFFFFFFFFFFFFFFFFFFFFFE6
:104AE000FFFFFFFFFFFFFFFFFFFFFFFFFFFFFFFFD6
:104AF000FFFFFFFFFFFFFFFFFFFFFFFFFFFFFFFFC6
:104B0000FFFFFFFFFFFFFFFFFFFFFFFFFFFFFFFFB5
:104B1000FFFFFFFFFFFFFFFFFFFFFFFFFFFFFFFFA5
:104B2000FFFFFFFFFFFFFFFFFFFFFFFFFFFFFFFF95
:104B3000FFFFFFFFFFFFFFFFFFFFFFFFFFFFFFFF85
:104B4000FFFFFFFFFFFFFFFFFFFFFFFFFFFFFFFF75
:104B5000FFFFFFFFFFFFFFFFFFFFFFFFFFFFFFFF65
:104B6000FFFFFFFFFFFFFFFFFFFFFFFFFFFFFFFF55
:104B7000FFFFFFFFFFFFFFFFFFFFFFFFFFFFFFFF45
:104B8000FFFFFFFFFFFFFFFFFFFFFFFFFFFFFFFF35
:104B9000FFFFFFFFFFFFFFFFFFFFFFFFFFFFFFFF25
:104BA000FFFFFFFFFFFFFFFFFFFFFFFFFFFFFFFF15
:104BB000FFFFFFFFFFFFFFFFFFFFFFFFFFFFFFFF05
:104BC000FFFFFFFFFFFFFFFFFFFFFFFFFFFFFFFFF5
:104BD000FFFFFFFFFFFFFFFFFFFFFFFFFFFFFFFFE5
:104BE000FFFFFFFFFFFFFFFFFFFFFFFFFFFFFFFFD5
:104BF000FFFFFFFFFFFFFFFFFFFFFFFFFFFFFFFFC5
:104C0000FFFFFFFFFFFFFFFFFFFFFFFFFFFFFFFFB4
:104C1000FFFFFFFFFFFFFFFFFFFFFFFFFFFFFFFFA4
:104C2000FFFFFFFFFFFFFFFFFFFFFFFFFFFFFFFF94
:104C3000FFFFFFFFFFFFFFFFFFFFFFFFFFFFFFFF84
:104C4000FFFFFFFFFFFFFFFFFFFFFFFFFFFFFFFF74
:104C5000FFFFFFFFFFFFFFFFFFFFFFFFFFFFFFFF64
:104C6000FFFFFFFFFFFFFFFFFFFFFFFFFFFFFFFF54
:104C7000FFFFFFFFFFFFFFFFFFFFFFFFFFFFFFFF44
:104C8000FFFFFFFFFFFFFFFFFFFFFFFFFFFFFFFF34
:104C9000FFFFFFFFFFFFFFFFFFFFFFFFFFFFFFFF24
:104CA000FFFFFFFFFFFFFFFFFFFFFFFFFFFFFFFF14
:104CB000FFFFFFFFFFFFFFFFFFFFFFFFFFFFFFFF04
:104CC000FFFFFFFFFFFFFFFFFFFFFFFFFFFFFFFFF4
:104CD000FFFFFFFFFFFFFFFFFFFFFFFFFFFFFFFFE4
:104CE000FFFFFFFFFFFFFFFFFFFFFFFFFFFFFFFFD4
:104CF000FFFFFFFFFFFFFFFFFFFFFFFFFFFFFFFFC4
:104D0000FFFFFFFFFFFFFFFFFFFFFFFFFFFFFFFFB3
:104D1000FFFFFFFFFFFFFFFFFFFFFFFFFFFFFFFFA3
:104D2000FFFFFFFFFFFFFFFFFFFFFFFFFFFFFFFF93
:104D3000FFFFFFFFFFFFFFFFFFFFFFFFFFFFFFFF83
:104D4000FFFFFFFFFFFFFFFFFFFFFFFFFFFFFFFF73
:104D5000FFFFFFFFFFFFFFFFFFFFFFFFFFFFFFFF63
:104D6000FFFFFFFFFFFFFFFFFFFFFFFFFFFFFFFF53
:104D7000FFFFFFFFFFFFFFFFFFFFFFFFFFFFFFFF43
:104D8000FFFFFFFFFFFFFFFFFFFFFFFFFFFFFFFF33
:104D9000FFFFFFFFFFFFFFFFFFFFFFFFFFFFFFFF23
:104DA000FFFFFFFFFFFFFFFFFFFFFFFFFFFFFFFF13
:104DB000FFFFFFFFFFFFFFFFFFFFFFFFFFFFFFFF03
:104DC000FFFFFFFFFFFFFFFFFFFFFFFFFFFFFFFFF3
:104DD000FFFFFFFFFFFFFFFFFFFFFFFFFFFFFFFFE3
:104DE000FFFFFFFFFFFFFFFFFFFFFFFFFFFFFFFFD3
:104DF000FFFFFFFFFFFFFFFFFFFFFFFFFFFFFFFFC3
:104E0000FFFFFFFFFFFFFFFFFFFFFFFFFFFFFFFFB2
:104E1000FFFFFFFFFFFFFFFFFFFFFFFFFFFFFFFFA2
:104E2000FFFFFFFFFFFFFFFFFFFFFFFFFFFFFFFF92
:104E3000FFFFFFFFFFFFFFFFFFFFFFFFFFFFFFFF82
:104E4000FFFFFFFFFFFFFFFFFFFFFFFFFFFFFFFF72
:104E5000FFFFFFFFFFFFFFFFFFFFFFFFFFFFFFFF62
:104E6000FFFFFFFFFFFFFFFFFFFFFFFFFFFFFFFF52
:104E7000FFFFFFFFFFFFFFFFFFFFFFFFFFFFFFFF42
:104E8000FFFFFFFFFFFFFFFFFFFFFFFFFFFFFFFF32
:104E9000FFFFFFFFFFFFFFFFFFFFFFFFFFFFFFFF22
:104EA000FFFFFFFFFFFFFFFFFFFFFFFFFFFFFFFF12
:104EB000FFFFFFFFFFFFFFFFFFFFFFFFFFFFFFFF02
:104EC000FFFFFFFFFFFFFFFFFFFFFFFFFFFFFFFFF2
:104ED000FFFFFFFFFFFFFFFFFFFFFFFFFFFFFFFFE2
:104EE000FFFFFFFFFFFFFFFFFFFFFFFFFFFFFFFFD2
:104EF000FFFFFFFFFFFFFFFFFFFFFFFFFFFFFFFFC2
:104F0000FFFFFFFFFFFFFFFFFFFFFFFFFFFFFFFFB1
:104F1000FFFFFFFFFFFFFFFFFFFFFFFFFFFFFFFFA1
:104F2000FFFFFFFFFFFFFFFFFFFFFFFFFFFFFFFF91
:104F3000FFFFFFFFFFFFFFFFFFFFFFFFFFFFFFFF81
:104F4000FFFFFFFFFFFFFFFFFFFFFFFFFFFFFFFF71
:104F5000FFFFFFFFFFFFFFFFFFFFFFFFFFFFFFFF61
:104F6000FFFFFFFFFFFFFFFFFFFFFFFFFFFFFFFF51
:104F7000FFFFFFFFFFFFFFFFFFFFFFFFFFFFFFFF41
:104F8000FFFFFFFFFFFFFFFFFFFFFFFFFFFFFFFF31
:104F9000FFFFFFFFFFFFFFFFFFFFFFFFFFFFFFFF21
:104FA000FFFFFFFFFFFFFFFFFFFFFFFFFFFFFFFF11
:104FB000FFFFFFFFFFFFFFFFFFFFFFFFFFFFFFFF01
:104FC000FFFFFFFFFFFFFFFFFFFFFFFFFFFFFFFFF1
:104FD000FFFFFFFFFFFFFFFFFFFFFFFFFFFFFFFFE1
:104FE000FFFFFFFFFFFFFFFFFFFFFFFFFFFFFFFFD1
:104FF000FFFFFFFFFFFFFFFFFFFFFFFFFFFFFFFFC1
:10500000FFFFFFFFFFFFFFFFFFFFFFFFFFFFFFFFB0
:10501000FFFFFFFFFFFFFFFFFFFFFFFFFFFFFFFFA0
:10502000FFFFFFFFFFFFFFFFFFFFFFFFFFFFFFFF90
:10503000FFFFFFFFFFFFFFFFFFFFFFFFFFFFFFFF80
:10504000FFFFFFFFFFFFFFFFFFFFFFFFFFFFFFFF70
:10505000FFFFFFFFFFFFFFFFFFFFFFFFFFFFFFFF60
:10506000FFFFFFFFFFFFFFFFFFFFFFFFFFFFFFFF50
:10507000FFFFFFFFFFFFFFFFFFFFFFFFFFFFFFFF40
:10508000FFFFFFFFFFFFFFFFFFFFFFFFFFFFFFFF30
:10509000FFFFFFFFFFFFFFFFFFFFFFFFFFFFFFFF20
:1050A000FFFFFFFFFFFFFFFFFFFFFFFFFFFFFFFF10
:1050B000FFFFFFFFFFFFFFFFFFFFFFFFFFFFFFFF00
:1050C000FFFFFFFFFFFFFFFFFFFFFFFFFFFFFFFFF0
:1050D000FFFFFFFFFFFFFFFFFFFFFFFFFFFFFFFFE0
:1050E000FFFFFFFFFFFFFFFFFFFFFFFFFFFFFFFFD0
:1050F000FFFFFFFFFFFFFFFFFFFFFFFFFFFFFFFFC0
:10510000FFFFFFFFFFFFFFFFFFFFFFFFFFFFFFFFAF
:10511000FFFFFFFFFFFFFFFFFFFFFFFFFFFFFFFF9F
:10512000FFFFFFFFFFFFFFFFFFFFFFFFFFFFFFFF8F
:10513000FFFFFFFFFFFFFFFFFFFFFFFFFFFFFFFF7F
:10514000FFFFFFFFFFFFFFFFFFFFFFFFFFFFFFFF6F
:10515000FFFFFFFFFFFFFFFFFFFFFFFFFFFFFFFF5F
:10516000FFFFFFFFFFFFFFFFFFFFFFFFFFFFFFFF4F
:10517000FFFFFFFFFFFFFFFFFFFFFFFFFFFFFFFF3F
:10518000FFFFFFFFFFFFFFFFFFFFFFFFFFFFFFFF2F
:10519000FFFFFFFFFFFFFFFFFFFFFFFFFFFFFFFF1F
:1051A000FFFFFFFFFFFFFFFFFFFFFFFFFFFFFFFF0F
:1051B000FFFFFFFFFFFFFFFFFFFFFFFFFFFFFFFFFF
:1051C000FFFFFFFFFFFFFFFFFFFFFFFFFFFFFFFFEF
:1051D000FFFFFFFFFFFFFFFFFFFFFFFFFFFFFFFFDF
:1051E000FFFFFFFFFFFFFFFFFFFFFFFFFFFFFFFFCF
:1051F000FFFFFFFFFFFFFFFFFFFFFFFFFFFFFFFFBF
:10520000FFFFFFFFFFFFFFFFFFFFFFFFFFFFFFFFAE
:10521000FFFFFFFFFFFFFFFFFFFFFFFFFFFFFFFF9E
:10522000FFFFFFFFFFFFFFFFFFFFFFFFFFFFFFFF8E
:10523000FFFFFFFFFFFFFFFFFFFFFFFFFFFFFFFF7E
:10524000FFFFFFFFFFFFFFFFFFFFFFFFFFFFFFFF6E
:10525000FFFFFFFFFFFFFFFFFFFFFFFFFFFFFFFF5E
:10526000FFFFFFFFFFFFFFFFFFFFFFFFFFFFFFFF4E
:10527000FFFFFFFFFFFFFFFFFFFFFFFFFFFFFFFF3E
:10528000FFFFFFFFFFFFFFFFFFFFFFFFFFFFFFFF2E
:10529000FFFFFFFFFFFFFFFFFFFFFFFFFFFFFFFF1E
:1052A000FFFFFFFFFFFFFFFFFFFFFFFFFFFFFFFF0E
:1052B000FFFFFFFFFFFFFFFFFFFFFFFFFFFFFFFFFE
:1052C000FFFFFFFFFFFFFFFFFFFFFFFFFFFFFFFFEE
:1052D000FFFFFFFFFFFFFFFFFFFFFFFFFFFFFFFFDE
:1052E000FFFFFFFFFFFFFFFFFFFFFFFFFFFFFFFFCE
:1052F000FFFFFFFFFFFFFFFFFFFFFFFFFFFFFFFFBE
:10530000FFFFFFFFFFFFFFFFFFFFFFFFFFFFFFFFAD
:10531000FFFFFFFFFFFFFFFFFFFFFFFFFFFFFFFF9D
:10532000FFFFFFFFFFFFFFFFFFFFFFFFFFFFFFFF8D
:10533000FFFFFFFFFFFFFFFFFFFFFFFFFFFFFFFF7D
:10534000FFFFFFFFFFFFFFFFFFFFFFFFFFFFFFFF6D
:10535000FFFFFFFFFFFFFFFFFFFFFFFFFFFFFFFF5D
:10536000FFFFFFFFFFFFFFFFFFFFFFFFFFFFFFFF4D
:10537000FFFFFFFFFFFFFFFFFFFFFFFFFFFFFFFF3D
:10538000FFFFFFFFFFFFFFFFFFFFFFFFFFFFFFFF2D
:10539000FFFFFFFFFFFFFFFFFFFFFFFFFFFFFFFF1D
:1053A000FFFFFFFFFFFFFFFFFFFFFFFFFFFFFFFF0D
:1053B000FFFFFFFFFFFFFFFFFFFFFFFFFFFFFFFFFD
:1053C000FFFFFFFFFFFFFFFFFFFFFFFFFFFFFFFFED
:1053D000FFFFFFFFFFFFFFFFFFFFFFFFFFFFFFFFDD
:1053E000FFFFFFFFFFFFFFFFFFFFFFFFFFFFFFFFCD
:1053F000FFFFFFFFFFFFFFFFFFFFFFFFFFFFFFFFBD
:10540000FFFFFFFFFFFFFFFFFFFFFFFFFFFFFFFFAC
:10541000FFFFFFFFFFFFFFFFFFFFFFFFFFFFFFFF9C
:10542000FFFFFFFFFFFFFFFFFFFFFFFFFFFFFFFF8C
:10543000FFFFFFFFFFFFFFFFFFFFFFFFFFFFFFFF7C
:10544000FFFFFFFFFFFFFFFFFFFFFFFFFFFFFFFF6C
:10545000FFFFFFFFFFFFFFFFFFFFFFFFFFFFFFFF5C
:10546000FFFFFFFFFFFFFFFFFFFFFFFFFFFFFFFF4C
:10547000FFFFFFFFFFFFFFFFFFFFFFFFFFFFFFFF3C
:10548000FFFFFFFFFFFFFFFFFFFFFFFFFFFFFFFF2C
:10549000FFFFFFFFFFFFFFFFFFFFFFFFFFFFFFFF1C
:1054A000FFFFFFFFFFFFFFFFFFFFFFFFFFFFFFFF0C
:1054B000FFFFFFFFFFFFFFFFFFFFFFFFFFFFFFFFFC
:1054C000FFFFFFFFFFFFFFFFFFFFFFFFFFFFFFFFEC
:1054D000FFFFFFFFFFFFFFFFFFFFFFFFFFFFFFFFDC
:1054E000FFFFFFFFFFFFFFFFFFFFFFFFFFFFFFFFCC
:1054F000FFFFFFFFFFFFFFFFFFFFFFFFFFFFFFFFBC
:10550000FFFFFFFFFFFFFFFFFFFFFFFFFFFFFFFFAB
:10551000FFFFFFFFFFFFFFFFFFFFFFFFFFFFFFFF9B
:10552000FFFFFFFFFFFFFFFFFFFFFFFFFFFFFFFF8B
:10553000FFFFFFFFFFFFFFFFFFFFFFFFFFFFFFFF7B
:10554000FFFFFFFFFFFFFFFFFFFFFFFFFFFFFFFF6B
:10555000FFFFFFFFFFFFFFFFFFFFFFFFFFFFFFFF5B
:10556000FFFFFFFFFFFFFFFFFFFFFFFFFFFFFFFF4B
:10557000FFFFFFFFFFFFFFFFFFFFFFFFFFFFFFFF3B
:10558000FFFFFFFFFFFFFFFFFFFFFFFFFFFFFFFF2B
:10559000FFFFFFFFFFFFFFFFFFFFFFFFFFFFFFFF1B
:1055A000FFFFFFFFFFFFFFFFFFFFFFFFFFFFFFFF0B
:1055B000FFFFFFFFFFFFFFFFFFFFFFFFFFFFFFFFFB
:1055C000FFFFFFFFFFFFFFFFFFFFFFFFFFFFFFFFEB
:1055D000FFFFFFFFFFFFFFFFFFFFFFFFFFFFFFFFDB
:1055E000FFFFFFFFFFFFFFFFFFFFFFFFFFFFFFFFCB
:1055F000FFFFFFFFFFFFFFFFFFFFFFFFFFFFFFFFBB
:10560000FFFFFFFFFFFFFFFFFFFFFFFFFFFFFFFFAA
:10561000FFFFFFFFFFFFFFFFFFFFFFFFFFFFFFFF9A
:10562000FFFFFFFFFFFFFFFFFFFFFFFFFFFFFFFF8A
:10563000FFFFFFFFFFFFFFFFFFFFFFFFFFFFFFFF7A
:10564000FFFFFFFFFFFFFFFFFFFFFFFFFFFFFFFF6A
:10565000FFFFFFFFFFFFFFFFFFFFFFFFFFFFFFFF5A
:10566000FFFFFFFFFFFFFFFFFFFFFFFFFFFFFFFF4A
:10567000FFFFFFFFFFFFFFFFFFFFFFFFFFFFFFFF3A
:10568000FFFFFFFFFFFFFFFFFFFFFFFFFFFFFFFF2A
:10569000FFFFFFFFFFFFFFFFFFFFFFFFFFFFFFFF1A
:1056A000FFFFFFFFFFFFFFFFFFFFFFFFFFFFFFFF0A
:1056B000FFFFFFFFFFFFFFFFFFFFFFFFFFFFFFFFFA
:1056C000FFFFFFFFFFFFFFFFFFFFFFFFFFFFFFFFEA
:1056D000FFFFFFFFFFFFFFFFFFFFFFFFFFFFFFFFDA
:1056E000FFFFFFFFFFFFFFFFFFFFFFFFFFFFFFFFCA
:1056F000FFFFFFFFFFFFFFFFFFFFFFFFFFFFFFFFBA
:10570000FFFFFFFFFFFFFFFFFFFFFFFFFFFFFFFFA9
:10571000FFFFFFFFFFFFFFFFFFFFFFFFFFFFFFFF99
:10572000FFFFFFFFFFFFFFFFFFFFFFFFFFFFFFFF89
:10573000FFFFFFFFFFFFFFFFFFFFFFFFFFFFFFFF79
:10574000FFFFFFFFFFFFFFFFFFFFFFFFFFFFFFFF69
:10575000FFFFFFFFFFFFFFFFFFFFFFFFFFFFFFFF59
:10576000FFFFFFFFFFFFFFFFFFFFFFFFFFFFFFFF49
:10577000FFFFFFFFFFFFFFFFFFFFFFFFFFFFFFFF39
:10578000FFFFFFFFFFFFFFFFFFFFFFFFFFFFFFFF29
:10579000FFFFFFFFFFFFFFFFFFFFFFFFFFFFFFFF19
:1057A000FFFFFFFFFFFFFFFFFFFFFFFFFFFFFFFF09
:1057B000FFFFFFFFFFFFFFFFFFFFFFFFFFFFFFFFF9
:1057C000FFFFFFFFFFFFFFFFFFFFFFFFFFFFFFFFE9
:1057D000FFFFFFFFFFFFFFFFFFFFFFFFFFFFFFFFD9
:1057E000FFFFFFFFFFFFFFFFFFFFFFFFFFFFFFFFC9
:1057F000FFFFFFFFFFFFFFFFFFFFFFFFFFFFFFFFB9
:10580000FFFFFFFFFFFFFFFFFFFFFFFFFFFFFFFFA8
:10581000FFFFFFFFFFFFFFFFFFFFFFFFFFFFFFFF98
:10582000FFFFFFFFFFFFFFFFFFFFFFFFFFFFFFFF88
:10583000FFFFFFFFFFFFFFFFFFFFFFFFFFFFFFFF78
:10584000FFFFFFFFFFFFFFFFFFFFFFFFFFFFFFFF68
:10585000FFFFFFFFFFFFFFFFFFFFFFFFFFFFFFFF58
:10586000FFFFFFFFFFFFFFFFFFFFFFFFFFFFFFFF48
:10587000FFFFFFFFFFFFFFFFFFFFFFFFFFFFFFFF38
:10588000FFFFFFFFFFFFFFFFFFFFFFFFFFFFFFFF28
:10589000FFFFFFFFFFFFFFFFFFFFFFFFFFFFFFFF18
:1058A000FFFFFFFFFFFFFFFFFFFFFFFFFFFFFFFF08
:1058B000FFFFFFFFFFFFFFFFFFFFFFFFFFFFFFFFF8
:1058C000FFFFFFFFFFFFFFFFFFFFFFFFFFFFFFFFE8
:1058D000FFFFFFFFFFFFFFFFFFFFFFFFFFFFFFFFD8
:1058E000FFFFFFFFFFFFFFFFFFFFFFFFFFFFFFFFC8
:1058F000FFFFFFFFFFFFFFFFFFFFFFFFFFFFFFFFB8
:10590000FFFFFFFFFFFFFFFFFFFFFFFFFFFFFFFFA7
:10591000FFFFFFFFFFFFFFFFFFFFFFFFFFFFFFFF97
:10592000FFFFFFFFFFFFFFFFFFFFFFFFFFFFFFFF87
:10593000FFFFFFFFFFFFFFFFFFFFFFFFFFFFFFFF77
:10594000FFFFFFFFFFFFFFFFFFFFFFFFFFFFFFFF67
:10595000FFFFFFFFFFFFFFFFFFFFFFFFFFFFFFFF57
:10596000FFFFFFFFFFFFFFFFFFFFFFFFFFFFFFFF47
:10597000FFFFFFFFFFFFFFFFFFFFFFFFFFFFFFFF37
:10598000FFFFFFFFFFFFFFFFFFFFFFFFFFFFFFFF27
:10599000FFFFFFFFFFFFFFFFFFFFFFFFFFFFFFFF17
:1059A000FFFFFFFFFFFFFFFFFFFFFFFFFFFFFFFF07
:1059B000FFFFFFFFFFFFFFFFFFFFFFFFFFFFFFFFF7
:1059C000FFFFFFFFFFFFFFFFFFFFFFFFFFFFFFFFE7
:1059D000FFFFFFFFFFFFFFFFFFFFFFFFFFFFFFFFD7
:1059E000FFFFFFFFFFFFFFFFFFFFFFFFFFFFFFFFC7
:1059F000FFFFFFFFFFFFFFFFFFFFFFFFFFFFFFFFB7
:105A0000FFFFFFFFFFFFFFFFFFFFFFFFFFFFFFFFA6
:105A1000FFFFFFFFFFFFFFFFFFFFFFFFFFFFFFFF96
:105A2000FFFFFFFFFFFFFFFFFFFFFFFFFFFFFFFF86
:105A3000FFFFFFFFFFFFFFFFFFFFFFFFFFFFFFFF76
:105A4000FFFFFFFFFFFFFFFFFFFFFFFFFFFFFFFF66
:105A5000FFFFFFFFFFFFFFFFFFFFFFFFFFFFFFFF56
:105A6000FFFFFFFFFFFFFFFFFFFFFFFFFFFFFFFF46
:105A7000FFFFFFFFFFFFFFFFFFFFFFFFFFFFFFFF36
:105A8000FFFFFFFFFFFFFFFFFFFFFFFFFFFFFFFF26
:105A9000FFFFFFFFFFFFFFFFFFFFFFFFFFFFFFFF16
:105AA000FFFFFFFFFFFFFFFFFFFFFFFFFFFFFFFF06
:105AB000FFFFFFFFFFFFFFFFFFFFFFFFFFFFFFFFF6
:105AC000FFFFFFFFFFFFFFFFFFFFFFFFFFFFFFFFE6
:105AD000FFFFFFFFFFFFFFFFFFFFFFFFFFFFFFFFD6
:105AE000FFFFFFFFFFFFFFFFFFFFFFFFFFFFFFFFC6
:105AF000FFFFFFFFFFFFFFFFFFFFFFFFFFFFFFFFB6
:105B0000FFFFFFFFFFFFFFFFFFFFFFFFFFFFFFFFA5
:105B1000FFFFFFFFFFFFFFFFFFFFFFFFFFFFFFFF95
:105B2000FFFFFFFFFFFFFFFFFFFFFFFFFFFFFFFF85
:105B3000FFFFFFFFFFFFFFFFFFFFFFFFFFFFFFFF75
:105B4000FFFFFFFFFFFFFFFFFFFFFFFFFFFFFFFF65
:105B5000FFFFFFFFFFFFFFFFFFFFFFFFFFFFFFFF55
:105B6000FFFFFFFFFFFFFFFFFFFFFFFFFFFFFFFF45
:105B7000FFFFFFFFFFFFFFFFFFFFFFFFFFFFFFFF35
:105B8000FFFFFFFFFFFFFFFFFFFFFFFFFFFFFFFF25
:105B9000FFFFFFFFFFFFFFFFFFFFFFFFFFFFFFFF15
:105BA000FFFFFFFFFFFFFFFFFFFFFFFFFFFFFFFF05
:105BB000FFFFFFFFFFFFFFFFFFFFFFFFFFFFFFFFF5
:105BC000FFFFFFFFFFFFFFFFFFFFFFFFFFFFFFFFE5
:105BD000FFFFFFFFFFFFFFFFFFFFFFFFFFFFFFFFD5
:105BE000FFFFFFFFFFFFFFFFFFFFFFFFFFFFFFFFC5
:105BF000FFFFFFFFFFFFFFFFFFFFFFFFFFFFFFFFB5
:105C0000FFFFFFFFFFFFFFFFFFFFFFFFFFFFFFFFA4
:105C1000FFFFFFFFFFFFFFFFFFFFFFFFFFFFFFFF94
:105C2000FFFFFFFFFFFFFFFFFFFFFFFFFFFFFFFF84
:105C3000FFFFFFFFFFFFFFFFFFFFFFFFFFFFFFFF74
:105C4000FFFFFFFFFFFFFFFFFFFFFFFFFFFFFFFF64
:105C5000FFFFFFFFFFFFFFFFFFFFFFFFFFFFFFFF54
:105C6000FFFFFFFFFFFFFFFFFFFFFFFFFFFFFFFF44
:105C7000FFFFFFFFFFFFFFFFFFFFFFFFFFFFFFFF34
:105C8000FFFFFFFFFFFFFFFFFFFFFFFFFFFFFFFF24
:105C9000FFFFFFFFFFFFFFFFFFFFFFFFFFFFFFFF14
:105CA000FFFFFFFFFFFFFFFFFFFFFFFFFFFFFFFF04
:105CB000FFFFFFFFFFFFFFFFFFFFFFFFFFFFFFFFF4
:105CC000FFFFFFFFFFFFFFFFFFFFFFFFFFFFFFFFE4
:105CD000FFFFFFFFFFFFFFFFFFFFFFFFFFFFFFFFD4
:105CE000FFFFFFFFFFFFFFFFFFFFFFFFFFFFFFFFC4
:105CF000FFFFFFFFFFFFFFFFFFFFFFFFFFFFFFFFB4
:105D0000FFFFFFFFFFFFFFFFFFFFFFFFFFFFFFFFA3
:105D1000FFFFFFFFFFFFFFFFFFFFFFFFFFFFFFFF93
:105D2000FFFFFFFFFFFFFFFFFFFFFFFFFFFFFFFF83
:105D3000FFFFFFFFFFFFFFFFFFFFFFFFFFFFFFFF73
:105D4000FFFFFFFFFFFFFFFFFFFFFFFFFFFFFFFF63
:105D5000FFFFFFFFFFFFFFFFFFFFFFFFFFFFFFFF53
:105D6000FFFFFFFFFFFFFFFFFFFFFFFFFFFFFFFF43
:105D7000FFFFFFFFFFFFFFFFFFFFFFFFFFFFFFFF33
:105D8000FFFFFFFFFFFFFFFFFFFFFFFFFFFFFFFF23
:105D9000FFFFFFFFFFFFFFFFFFFFFFFFFFFFFFFF13
:105DA000FFFFFFFFFFFFFFFFFFFFFFFFFFFFFFFF03
:105DB000FFFFFFFFFFFFFFFFFFFFFFFFFFFFFFFFF3
:105DC000FFFFFFFFFFFFFFFFFFFFFFFFFFFFFFFFE3
:105DD000FFFFFFFFFFFFFFFFFFFFFFFFFFFFFFFFD3
:105DE000FFFFFFFFFFFFFFFFFFFFFFFFFFFFFFFFC3
:105DF000FFFFFFFFFFFFFFFFFFFFFFFFFFFFFFFFB3
:105E0000FFFFFFFFFFFFFFFFFFFFFFFFFFFFFFFFA2
:105E1000FFFFFFFFFFFFFFFFFFFFFFFFFFFFFFFF92
:105E2000FFFFFFFFFFFFFFFFFFFFFFFFFFFFFFFF82
:105E3000FFFFFFFFFFFFFFFFFFFFFFFFFFFFFFFF72
:105E4000FFFFFFFFFFFFFFFFFFFFFFFFFFFFFFFF62
:105E5000FFFFFFFFFFFFFFFFFFFFFFFFFFFFFFFF52
:105E6000FFFFFFFFFFFFFFFFFFFFFFFFFFFFFFFF42
:105E7000FFFFFFFFFFFFFFFFFFFFFFFFFFFFFFFF32
:105E8000FFFFFFFFFFFFFFFFFFFFFFFFFFFFFFFF22
:105E9000FFFFFFFFFFFFFFFFFFFFFFFFFFFFFFFF12
:105EA000FFFFFFFFFFFFFFFFFFFFFFFFFFFFFFFF02
:105EB000FFFFFFFFFFFFFFFFFFFFFFFFFFFFFFFFF2
:105EC000FFFFFFFFFFFFFFFFFFFFFFFFFFFFFFFFE2
:105ED000FFFFFFFFFFFFFFFFFFFFFFFFFFFFFFFFD2
:105EE000FFFFFFFFFFFFFFFFFFFFFFFFFFFFFFFFC2
:105EF000FFFFFFFFFFFFFFFFFFFFFFFFFFFFFFFFB2
:105F0000FFFFFFFFFFFFFFFFFFFFFFFFFFFFFFFFA1
:105F1000FFFFFFFFFFFFFFFFFFFFFFFFFFFFFFFF91
:105F2000FFFFFFFFFFFFFFFFFFFFFFFFFFFFFFFF81
:105F3000FFFFFFFFFFFFFFFFFFFFFFFFFFFFFFFF71
:105F4000FFFFFFFFFFFFFFFFFFFFFFFFFFFFFFFF61
:105F5000FFFFFFFFFFFFFFFFFFFFFFFFFFFFFFFF51
:105F6000FFFFFFFFFFFFFFFFFFFFFFFFFFFFFFFF41
:105F7000FFFFFFFFFFFFFFFFFFFFFFFFFFFFFFFF31
:105F8000FFFFFFFFFFFFFFFFFFFFFFFFFFFFFFFF21
:105F9000FFFFFFFFFFFFFFFFFFFFFFFFFFFFFFFF11
:105FA000FFFFFFFFFFFFFFFFFFFFFFFFFFFFFFFF01
:105FB000FFFFFFFFFFFFFFFFFFFFFFFFFFFFFFFFF1
:105FC000FFFFFFFFFFFFFFFFFFFFFFFFFFFFFFFFE1
:105FD000FFFFFFFFFFFFFFFFFFFFFFFFFFFFFFFFD1
:105FE000FFFFFFFFFFFFFFFFFFFFFFFFFFFFFFFFC1
:105FF000FFFFFFFFFFFFFFFFFFFFFFFFFFFFFFFFB1
:10600000FFFFFFFFFFFFFFFFFFFFFFFFFFFFFFFFA0
:10601000FFFFFFFFFFFFFFFFFFFFFFFFFFFFFFFF90
:10602000FFFFFFFFFFFFFFFFFFFFFFFFFFFFFFFF80
:10603000FFFFFFFFFFFFFFFFFFFFFFFFFFFFFFFF70
:10604000FFFFFFFFFFFFFFFFFFFFFFFFFFFFFFFF60
:10605000FFFFFFFFFFFFFFFFFFFFFFFFFFFFFFFF50
:10606000FFFFFFFFFFFFFFFFFFFFFFFFFFFFFFFF40
:10607000FFFFFFFFFFFFFFFFFFFFFFFFFFFFFFFF30
:10608000FFFFFFFFFFFFFFFFFFFFFFFFFFFFFFFF20
:10609000FFFFFFFFFFFFFFFFFFFFFFFFFFFFFFFF10
:1060A000FFFFFFFFFFFFFFFFFFFFFFFFFFFFFFFF00
:1060B000FFFFFFFFFFFFFFFFFFFFFFFFFFFFFFFFF0
:1060C000FFFFFFFFFFFFFFFFFFFFFFFFFFFFFFFFE0
:1060D000FFFFFFFFFFFFFFFFFFFFFFFFFFFFFFFFD0
:1060E000FFFFFFFFFFFFFFFFFFFFFFFFFFFFFFFFC0
:1060F000FFFFFFFFFFFFFFFFFFFFFFFFFFFFFFFFB0
:10610000FFFFFFFFFFFFFFFFFFFFFFFFFFFFFFFF9F
:10611000FFFFFFFFFFFFFFFFFFFFFFFFFFFFFFFF8F
:10612000FFFFFFFFFFFFFFFFFFFFFFFFFFFFFFFF7F
:10613000FFFFFFFFFFFFFFFFFFFFFFFFFFFFFFFF6F
:10614000FFFFFFFFFFFFFFFFFFFFFFFFFFFFFFFF5F
:10615000FFFFFFFFFFFFFFFFFFFFFFFFFFFFFFFF4F
:10616000FFFFFFFFFFFFFFFFFFFFFFFFFFFFFFFF3F
:10617000FFFFFFFFFFFFFFFFFFFFFFFFFFFFFFFF2F
:10618000FFFFFFFFFFFFFFFFFFFFFFFFFFFFFFFF1F
:10619000FFFFFFFFFFFFFFFFFFFFFFFFFFFFFFFF0F
:1061A000FFFFFFFFFFFFFFFFFFFFFFFFFFFFFFFFFF
:1061B000FFFFFFFFFFFFFFFFFFFFFFFFFFFFFFFFEF
:1061C000FFFFFFFFFFFFFFFFFFFFFFFFFFFFFFFFDF
:1061D000FFFFFFFFFFFFFFFFFFFFFFFFFFFFFFFFCF
:1061E000FFFFFFFFFFFFFFFFFFFFFFFFFFFFFFFFBF
:1061F000FFFFFFFFFFFFFFFFFFFFFFFFFFFFFFFFAF
:10620000FFFFFFFFFFFFFFFFFFFFFFFFFFFFFFFF9E
:10621000FFFFFFFFFFFFFFFFFFFFFFFFFFFFFFFF8E
:10622000FFFFFFFFFFFFFFFFFFFFFFFFFFFFFFFF7E
:10623000FFFFFFFFFFFFFFFFFFFFFFFFFFFFFFFF6E
:10624000FFFFFFFFFFFFFFFFFFFFFFFFFFFFFFFF5E
:10625000FFFFFFFFFFFFFFFFFFFFFFFFFFFFFFFF4E
:10626000FFFFFFFFFFFFFFFFFFFFFFFFFFFFFFFF3E
:10627000FFFFFFFFFFFFFFFFFFFFFFFFFFFFFFFF2E
:10628000FFFFFFFFFFFFFFFFFFFFFFFFFFFFFFFF1E
:10629000FFFFFFFFFFFFFFFFFFFFFFFFFFFFFFFF0E
:1062A000FFFFFFFFFFFFFFFFFFFFFFFFFFFFFFFFFE
:1062B000FFFFFFFFFFFFFFFFFFFFFFFFFFFFFFFFEE
:1062C000FFFFFFFFFFFFFFFFFFFFFFFFFFFFFFFFDE
:1062D000FFFFFFFFFFFFFFFFFFFFFFFFFFFFFFFFCE
:1062E000FFFFFFFFFFFFFFFFFFFFFFFFFFFFFFFFBE
:1062F000FFFFFFFFFFFFFFFFFFFFFFFFFFFFFFFFAE
:10630000FFFFFFFFFFFFFFFFFFFFFFFFFFFFFFFF9D
:10631000FFFFFFFFFFFFFFFFFFFFFFFFFFFFFFFF8D
:10632000FFFFFFFFFFFFFFFFFFFFFFFFFFFFFFFF7D
:10633000FFFFFFFFFFFFFFFFFFFFFFFFFFFFFFFF6D
:10634000FFFFFFFFFFFFFFFFFFFFFFFFFFFFFFFF5D
:10635000FFFFFFFFFFFFFFFFFFFFFFFFFFFFFFFF4D
:10636000FFFFFFFFFFFFFFFFFFFFFFFFFFFFFFFF3D
:10637000FFFFFFFFFFFFFFFFFFFFFFFFFFFFFFFF2D
:10638000FFFFFFFFFFFFFFFFFFFFFFFFFFFFFFFF1D
:10639000FFFFFFFFFFFFFFFFFFFFFFFFFFFFFFFF0D
:1063A000FFFFFFFFFFFFFFFFFFFFFFFFFFFFFFFFFD
:1063B000FFFFFFFFFFFFFFFFFFFFFFFFFFFFFFFFED
:1063C000FFFFFFFFFFFFFFFFFFFFFFFFFFFFFFFFDD
:1063D000FFFFFFFFFFFFFFFFFFFFFFFFFFFFFFFFCD
:1063E000FFFFFFFFFFFFFFFFFFFFFFFFFFFFFFFFBD
:1063F000FFFFFFFFFFFFFFFFFFFFFFFFFFFFFFFFAD
:10640000FFFFFFFFFFFFFFFFFFFFFFFFFFFFFFFF9C
:10641000FFFFFFFFFFFFFFFFFFFFFFFFFFFFFFFF8C
:10642000FFFFFFFFFFFFFFFFFFFFFFFFFFFFFFFF7C
:10643000FFFFFFFFFFFFFFFFFFFFFFFFFFFFFFFF6C
:10644000FFFFFFFFFFFFFFFFFFFFFFFFFFFFFFFF5C
:10645000FFFFFFFFFFFFFFFFFFFFFFFFFFFFFFFF4C
:10646000FFFFFFFFFFFFFFFFFFFFFFFFFFFFFFFF3C
:10647000FFFFFFFFFFFFFFFFFFFFFFFFFFFFFFFF2C
:10648000FFFFFFFFFFFFFFFFFFFFFFFFFFFFFFFF1C
:10649000FFFFFFFFFFFFFFFFFFFFFFFFFFFFFFFF0C
:1064A000FFFFFFFFFFFFFFFFFFFFFFFFFFFFFFFFFC
:1064B000FFFFFFFFFFFFFFFFFFFFFFFFFFFFFFFFEC
:1064C000FFFFFFFFFFFFFFFFFFFFFFFFFFFFFFFFDC
:1064D000FFFFFFFFFFFFFFFFFFFFFFFFFFFFFFFFCC
:1064E000FFFFFFFFFFFFFFFFFFFFFFFFFFFFFFFFBC
:1064F000FFFFFFFFFFFFFFFFFFFFFFFFFFFFFFFFAC
:10650000FFFFFFFFFFFFFFFFFFFFFFFFFFFFFFFF9B
:10651000FFFFFFFFFFFFFFFFFFFFFFFFFFFFFFFF8B
:10652000FFFFFFFFFFFFFFFFFFFFFFFFFFFFFFFF7B
:10653000FFFFFFFFFFFFFFFFFFFFFFFFFFFFFFFF6B
:10654000FFFFFFFFFFFFFFFFFFFFFFFFFFFFFFFF5B
:10655000FFFFFFFFFFFFFFFFFFFFFFFFFFFFFFFF4B
:10656000FFFFFFFFFFFFFFFFFFFFFFFFFFFFFFFF3B
:10657000FFFFFFFFFFFFFFFFFFFFFFFFFFFFFFFF2B
:10658000FFFFFFFFFFFFFFFFFFFFFFFFFFFFFFFF1B
:10659000FFFFFFFFFFFFFFFFFFFFFFFFFFFFFFFF0B
:1065A000FFFFFFFFFFFFFFFFFFFFFFFFFFFFFFFFFB
:1065B000FFFFFFFFFFFFFFFFFFFFFFFFFFFFFFFFEB
:1065C000FFFFFFFFFFFFFFFFFFFFFFFFFFFFFFFFDB
:1065D000FFFFFFFFFFFFFFFFFFFFFFFFFFFFFFFFCB
:1065E000FFFFFFFFFFFFFFFFFFFFFFFFFFFFFFFFBB
:1065F000FFFFFFFFFFFFFFFFFFFFFFFFFFFFFFFFAB
:10660000FFFFFFFFFFFFFFFFFFFFFFFFFFFFFFFF9A
:10661000FFFFFFFFFFFFFFFFFFFFFFFFFFFFFFFF8A
:10662000FFFFFFFFFFFFFFFFFFFFFFFFFFFFFFFF7A
:10663000FFFFFFFFFFFFFFFFFFFFFFFFFFFFFFFF6A
:10664000FFFFFFFFFFFFFFFFFFFFFFFFFFFFFFFF5A
:10665000FFFFFFFFFFFFFFFFFFFFFFFFFFFFFFFF4A
:10666000FFFFFFFFFFFFFFFFFFFFFFFFFFFFFFFF3A
:10667000FFFFFFFFFFFFFFFFFFFFFFFFFFFFFFFF2A
:10668000FFFFFFFFFFFFFFFFFFFFFFFFFFFFFFFF1A
:10669000FFFFFFFFFFFFFFFFFFFFFFFFFFFFFFFF0A
:1066A000FFFFFFFFFFFFFFFFFFFFFFFFFFFFFFFFFA
:1066B000FFFFFFFFFFFFFFFFFFFFFFFFFFFFFFFFEA
:1066C000FFFFFFFFFFFFFFFFFFFFFFFFFFFFFFFFDA
:1066D000FFFFFFFFFFFFFFFFFFFFFFFFFFFFFFFFCA
:1066E000FFFFFFFFFFFFFFFFFFFFFFFFFFFFFFFFBA
:1066F000FFFFFFFFFFFFFFFFFFFFFFFFFFFFFFFFAA
:10670000FFFFFFFFFFFFFFFFFFFFFFFFFFFFFFFF99
:10671000FFFFFFFFFFFFFFFFFFFFFFFFFFFFFFFF89
:10672000FFFFFFFFFFFFFFFFFFFFFFFFFFFFFFFF79
:10673000FFFFFFFFFFFFFFFFFFFFFFFFFFFFFFFF69
:10674000FFFFFFFFFFFFFFFFFFFFFFFFFFFFFFFF59
:10675000FFFFFFFFFFFFFFFFFFFFFFFFFFFFFFFF49
:10676000FFFFFFFFFFFFFFFFFFFFFFFFFFFFFFFF39
:10677000FFFFFFFFFFFFFFFFFFFFFFFFFFFFFFFF29
:10678000FFFFFFFFFFFFFFFFFFFFFFFFFFFFFFFF19
:10679000FFFFFFFFFFFFFFFFFFFFFFFFFFFFFFFF09
:1067A000FFFFFFFFFFFFFFFFFFFFFFFFFFFFFFFFF9
:1067B000FFFFFFFFFFFFFFFFFFFFFFFFFFFFFFFFE9
:1067C000FFFFFFFFFFFFFFFFFFFFFFFFFFFFFFFFD9
:1067D000FFFFFFFFFFFFFFFFFFFFFFFFFFFFFFFFC9
:1067E000FFFFFFFFFFFFFFFFFFFFFFFFFFFFFFFFB9
:1067F000FFFFFFFFFFFFFFFFFFFFFFFFFFFFFFFFA9
:10680000FFFFFFFFFFFFFFFFFFFFFFFFFFFFFFFF98
:10681000FFFFFFFFFFFFFFFFFFFFFFFFFFFFFFFF88
:10682000FFFFFFFFFFFFFFFFFFFFFFFFFFFFFFFF78
:10683000FFFFFFFFFFFFFFFFFFFFFFFFFFFFFFFF68
:10684000FFFFFFFFFFFFFFFFFFFFFFFFFFFFFFFF58
:10685000FFFFFFFFFFFFFFFFFFFFFFFFFFFFFFFF48
:10686000FFFFFFFFFFFFFFFFFFFFFFFFFFFFFFFF38
:10687000FFFFFFFFFFFFFFFFFFFFFFFFFFFFFFFF28
:10688000FFFFFFFFFFFFFFFFFFFFFFFFFFFFFFFF18
:10689000FFFFFFFFFFFFFFFFFFFFFFFFFFFFFFFF08
:1068A000FFFFFFFFFFFFFFFFFFFFFFFFFFFFFFFFF8
:1068B000FFFFFFFFFFFFFFFFFFFFFFFFFFFFFFFFE8
:1068C000FFFFFFFFFFFFFFFFFFFFFFFFFFFFFFFFD8
:1068D000FFFFFFFFFFFFFFFFFFFFFFFFFFFFFFFFC8
:1068E000FFFFFFFFFFFFFFFFFFFFFFFFFFFFFFFFB8
:1068F000FFFFFFFFFFFFFFFFFFFFFFFFFFFFFFFFA8
:10690000FFFFFFFFFFFFFFFFFFFFFFFFFFFFFFFF97
:10691000FFFFFFFFFFFFFFFFFFFFFFFFFFFFFFFF87
:10692000FFFFFFFFFFFFFFFFFFFFFFFFFFFFFFFF77
:10693000FFFFFFFFFFFFFFFFFFFFFFFFFFFFFFFF67
:10694000FFFFFFFFFFFFFFFFFFFFFFFFFFFFFFFF57
:10695000FFFFFFFFFFFFFFFFFFFFFFFFFFFFFFFF47
:10696000FFFFFFFFFFFFFFFFFFFFFFFFFFFFFFFF37
:10697000FFFFFFFFFFFFFFFFFFFFFFFFFFFFFFFF27
:10698000FFFFFFFFFFFFFFFFFFFFFFFFFFFFFFFF17
:10699000FFFFFFFFFFFFFFFFFFFFFFFFFFFFFFFF07
:1069A000FFFFFFFFFFFFFFFFFFFFFFFFFFFFFFFFF7
:1069B000FFFFFFFFFFFFFFFFFFFFFFFFFFFFFFFFE7
:1069C000FFFFFFFFFFFFFFFFFFFFFFFFFFFFFFFFD7
:1069D000FFFFFFFFFFFFFFFFFFFFFFFFFFFFFFFFC7
:1069E000FFFFFFFFFFFFFFFFFFFFFFFFFFFFFFFFB7
:1069F000FFFFFFFFFFFFFFFFFFFFFFFFFFFFFFFFA7
:106A0000FFFFFFFFFFFFFFFFFFFFFFFFFFFFFFFF96
:106A1000FFFFFFFFFFFFFFFFFFFFFFFFFFFFFFFF86
:106A2000FFFFFFFFFFFFFFFFFFFFFFFFFFFFFFFF76
:106A3000FFFFFFFFFFFFFFFFFFFFFFFFFFFFFFFF66
:106A4000FFFFFFFFFFFFFFFFFFFFFFFFFFFFFFFF56
:106A5000FFFFFFFFFFFFFFFFFFFFFFFFFFFFFFFF46
:106A6000FFFFFFFFFFFFFFFFFFFFFFFFFFFFFFFF36
:106A7000FFFFFFFFFFFFFFFFFFFFFFFFFFFFFFFF26
:106A8000FFFFFFFFFFFFFFFFFFFFFFFFFFFFFFFF16
:106A9000FFFFFFFFFFFFFFFFFFFFFFFFFFFFFFFF06
:106AA000FFFFFFFFFFFFFFFFFFFFFFFFFFFFFFFFF6
:106AB000FFFFFFFFFFFFFFFFFFFFFFFFFFFFFFFFE6
:106AC000FFFFFFFFFFFFFFFFFFFFFFFFFFFFFFFFD6
:106AD000FFFFFFFFFFFFFFFFFFFFFFFFFFFFFFFFC6
:106AE000FFFFFFFFFFFFFFFFFFFFFFFFFFFFFFFFB6
:106AF000FFFFFFFFFFFFFFFFFFFFFFFFFFFFFFFFA6
:106B0000FFFFFFFFFFFFFFFFFFFFFFFFFFFFFFFF95
:106B1000FFFFFFFFFFFFFFFFFFFFFFFFFFFFFFFF85
:106B2000FFFFFFFFFFFFFFFFFFFFFFFFFFFFFFFF75
:106B3000FFFFFFFFFFFFFFFFFFFFFFFFFFFFFFFF65
:106B4000FFFFFFFFFFFFFFFFFFFFFFFFFFFFFFFF55
:106B5000FFFFFFFFFFFFFFFFFFFFFFFFFFFFFFFF45
:106B6000FFFFFFFFFFFFFFFFFFFFFFFFFFFFFFFF35
:106B7000FFFFFFFFFFFFFFFFFFFFFFFFFFFFFFFF25
:106B8000FFFFFFFFFFFFFFFFFFFFFFFFFFFFFFFF15
:106B9000FFFFFFFFFFFFFFFFFFFFFFFFFFFFFFFF05
:106BA000FFFFFFFFFFFFFFFFFFFFFFFFFFFFFFFFF5
:106BB000FFFFFFFFFFFFFFFFFFFFFFFFFFFFFFFFE5
:106BC000FFFFFFFFFFFFFFFFFFFFFFFFFFFFFFFFD5
:106BD000FFFFFFFFFFFFFFFFFFFFFFFFFFFFFFFFC5
:106BE000FFFFFFFFFFFFFFFFFFFFFFFFFFFFFFFFB5
:106BF000FFFFFFFFFFFFFFFFFFFFFFFFFFFFFFFFA5
:106C0000FFFFFFFFFFFFFFFFFFFFFFFFFFFFFFFF94
:106C1000FFFFFFFFFFFFFFFFFFFFFFFFFFFFFFFF84
:106C2000FFFFFFFFFFFFFFFFFFFFFFFFFFFFFFFF74
:106C3000FFFFFFFFFFFFFFFFFFFFFFFFFFFFFFFF64
:106C4000FFFFFFFFFFFFFFFFFFFFFFFFFFFFFFFF54
:106C5000FFFFFFFFFFFFFFFFFFFFFFFFFFFFFFFF44
:106C6000FFFFFFFFFFFFFFFFFFFFFFFFFFFFFFFF34
:106C7000FFFFFFFFFFFFFFFFFFFFFFFFFFFFFFFF24
:106C8000FFFFFFFFFFFFFFFFFFFFFFFFFFFFFFFF14
:106C9000FFFFFFFFFFFFFFFFFFFFFFFFFFFFFFFF04
:106CA000FFFFFFFFFFFFFFFFFFFFFFFFFFFFFFFFF4
:106CB000FFFFFFFFFFFFFFFFFFFFFFFFFFFFFFFFE4
:106CC000FFFFFFFFFFFFFFFFFFFFFFFFFFFFFFFFD4
:106CD000FFFFFFFFFFFFFFFFFFFFFFFFFFFFFFFFC4
:106CE000FFFFFFFFFFFFFFFFFFFFFFFFFFFFFFFFB4
:106CF000FFFFFFFFFFFFFFFFFFFFFFFFFFFFFFFFA4
:106D0000FFFFFFFFFFFFFFFFFFFFFFFFFFFFFFFF93
:106D1000FFFFFFFFFFFFFFFFFFFFFFFFFFFFFFFF83
:106D2000FFFFFFFFFFFFFFFFFFFFFFFFFFFFFFFF73
:106D3000FFFFFFFFFFFFFFFFFFFFFFFFFFFFFFFF63
:106D4000FFFFFFFFFFFFFFFFFFFFFFFFFFFFFFFF53
:106D5000FFFFFFFFFFFFFFFFFFFFFFFFFFFFFFFF43
:106D6000FFFFFFFFFFFFFFFFFFFFFFFFFFFFFFFF33
:106D7000FFFFFFFFFFFFFFFFFFFFFFFFFFFFFFFF23
:106D8000FFFFFFFFFFFFFFFFFFFFFFFFFFFFFFFF13
:106D9000FFFFFFFFFFFFFFFFFFFFFFFFFFFFFFFF03
:106DA000FFFFFFFFFFFFFFFFFFFFFFFFFFFFFFFFF3
:106DB000FFFFFFFFFFFFFFFFFFFFFFFFFFFFFFFFE3
:106DC000FFFFFFFFFFFFFFFFFFFFFFFFFFFFFFFFD3
:106DD000FFFFFFFFFFFFFFFFFFFFFFFFFFFFFFFFC3
:106DE000FFFFFFFFFFFFFFFFFFFFFFFFFFFFFFFFB3
:106DF000FFFFFFFFFFFFFFFFFFFFFFFFFFFFFFFFA3
:106E0000FFFFFFFFFFFFFFFFFFFFFFFFFFFFFFFF92
:106E1000FFFFFFFFFFFFFFFFFFFFFFFFFFFFFFFF82
:106E2000FFFFFFFFFFFFFFFFFFFFFFFFFFFFFFFF72
:106E3000FFFFFFFFFFFFFFFFFFFFFFFFFFFFFFFF62
:106E4000FFFFFFFFFFFFFFFFFFFFFFFFFFFFFFFF52
:106E5000FFFFFFFFFFFFFFFFFFFFFFFFFFFFFFFF42
:106E6000FFFFFFFFFFFFFFFFFFFFFFFFFFFFFFFF32
:106E7000FFFFFFFFFFFFFFFFFFFFFFFFFFFFFFFF22
:106E8000FFFFFFFFFFFFFFFFFFFFFFFFFFFFFFFF12
:106E9000FFFFFFFFFFFFFFFFFFFFFFFFFFFFFFFF02
:106EA000FFFFFFFFFFFFFFFFFFFFFFFFFFFFFFFFF2
:106EB000FFFFFFFFFFFFFFFFFFFFFFFFFFFFFFFFE2
:106EC000FFFFFFFFFFFFFFFFFFFFFFFFFFFFFFFFD2
:106ED000FFFFFFFFFFFFFFFFFFFFFFFFFFFFFFFFC2
:106EE000FFFFFFFFFFFFFFFFFFFFFFFFFFFFFFFFB2
:106EF000FFFFFFFFFFFFFFFFFFFFFFFFFFFFFFFFA2
:106F0000FFFFFFFFFFFFFFFFFFFFFFFFFFFFFFFF91
:106F1000FFFFFFFFFFFFFFFFFFFFFFFFFFFFFFFF81
:106F2000FFFFFFFFFFFFFFFFFFFFFFFFFFFFFFFF71
:106F3000FFFFFFFFFFFFFFFFFFFFFFFFFFFFFFFF61
:106F4000FFFFFFFFFFFFFFFFFFFFFFFFFFFFFFFF51
:106F5000FFFFFFFFFFFFFFFFFFFFFFFFFFFFFFFF41
:106F6000FFFFFFFFFFFFFFFFFFFFFFFFFFFFFFFF31
:106F7000FFFFFFFFFFFFFFFFFFFFFFFFFFFFFFFF21
:106F8000FFFFFFFFFFFFFFFFFFFFFFFFFFFFFFFF11
:106F9000FFFFFFFFFFFFFFFFFFFFFFFFFFFFFFFF01
:106FA000FFFFFFFFFFFFFFFFFFFFFFFFFFFFFFFFF1
:106FB000FFFFFFFFFFFFFFFFFFFFFFFFFFFFFFFFE1
:106FC000FFFFFFFFFFFFFFFFFFFFFFFFFFFFFFFFD1
:106FD000FFFFFFFFFFFFFFFFFFFFFFFFFFFFFFFFC1
:106FE000FFFFFFFFFFFFFFFFFFFFFFFFFFFFFFFFB1
:106FF000FFFFFFFFFFFFFFFFFFFFFFFFFFFFFFFFA1
:10700000FFFFFFFFFFFFFFFFFFFFFFFFFFFFFFFF90
:10701000FFFFFFFFFFFFFFFFFFFFFFFFFFFFFFFF80
:10702000FFFFFFFFFFFFFFFFFFFFFFFFFFFFFFFF70
:10703000FFFFFFFFFFFFFFFFFFFFFFFFFFFFFFFF60
:10704000FFFFFFFFFFFFFFFFFFFFFFFFFFFFFFFF50
:10705000FFFFFFFFFFFFFFFFFFFFFFFFFFFFFFFF40
:10706000FFFFFFFFFFFFFFFFFFFFFFFFFFFFFFFF30
:10707000FFFFFFFFFFFFFFFFFFFFFFFFFFFFFFFF20
:10708000FFFFFFFFFFFFFFFFFFFFFFFFFFFFFFFF10
:10709000FFFFFFFFFFFFFFFFFFFFFFFFFFFFFFFF00
:1070A000FFFFFFFFFFFFFFFFFFFFFFFFFFFFFFFFF0
:1070B000FFFFFFFFFFFFFFFFFFFFFFFFFFFFFFFFE0
:1070C000FFFFFFFFFFFFFFFFFFFFFFFFFFFFFFFFD0
:1070D000FFFFFFFFFFFFFFFFFFFFFFFFFFFFFFFFC0
:1070E000FFFFFFFFFFFFFFFFFFFFFFFFFFFFFFFFB0
:1070F000FFFFFFFFFFFFFFFFFFFFFFFFFFFFFFFFA0
:10710000FFFFFFFFFFFFFFFFFFFFFFFFFFFFFFFF8F
:10711000FFFFFFFFFFFFFFFFFFFFFFFFFFFFFFFF7F
:10712000FFFFFFFFFFFFFFFFFFFFFFFFFFFFFFFF6F
:10713000FFFFFFFFFFFFFFFFFFFFFFFFFFFFFFFF5F
:10714000FFFFFFFFFFFFFFFFFFFFFFFFFFFFFFFF4F
:10715000FFFFFFFFFFFFFFFFFFFFFFFFFFFFFFFF3F
:10716000FFFFFFFFFFFFFFFFFFFFFFFFFFFFFFFF2F
:10717000FFFFFFFFFFFFFFFFFFFFFFFFFFFFFFFF1F
:10718000FFFFFFFFFFFFFFFFFFFFFFFFFFFFFFFF0F
:10719000FFFFFFFFFFFFFFFFFFFFFFFFFFFFFFFFFF
:1071A000FFFFFFFFFFFFFFFFFFFFFFFFFFFFFFFFEF
:1071B000FFFFFFFFFFFFFFFFFFFFFFFFFFFFFFFFDF
:1071C000FFFFFFFFFFFFFFFFFFFFFFFFFFFFFFFFCF
:1071D000FFFFFFFFFFFFFFFFFFFFFFFFFFFFFFFFBF
:1071E000FFFFFFFFFFFFFFFFFFFFFFFFFFFFFFFFAF
:1071F000FFFFFFFFFFFFFFFFFFFFFFFFFFFFFFFF9F
:10720000FFFFFFFFFFFFFFFFFFFFFFFFFFFFFFFF8E
:10721000FFFFFFFFFFFFFFFFFFFFFFFFFFFFFFFF7E
:10722000FFFFFFFFFFFFFFFFFFFFFFFFFFFFFFFF6E
:10723000FFFFFFFFFFFFFFFFFFFFFFFFFFFFFFFF5E
:10724000FFFFFFFFFFFFFFFFFFFFFFFFFFFFFFFF4E
:10725000FFFFFFFFFFFFFFFFFFFFFFFFFFFFFFFF3E
:10726000FFFFFFFFFFFFFFFFFFFFFFFFFFFFFFFF2E
:10727000FFFFFFFFFFFFFFFFFFFFFFFFFFFFFFFF1E
:10728000FFFFFFFFFFFFFFFFFFFFFFFFFFFFFFFF0E
:10729000FFFFFFFFFFFFFFFFFFFFFFFFFFFFFFFFFE
:1072A000FFFFFFFFFFFFFFFFFFFFFFFFFFFFFFFFEE
:1072B000FFFFFFFFFFFFFFFFFFFFFFFFFFFFFFFFDE
:1072C000FFFFFFFFFFFFFFFFFFFFFFFFFFFFFFFFCE
:1072D000FFFFFFFFFFFFFFFFFFFFFFFFFFFFFFFFBE
:1072E000FFFFFFFFFFFFFFFFFFFFFFFFFFFFFFFFAE
:1072F000FFFFFFFFFFFFFFFFFFFFFFFFFFFFFFFF9E
:10730000FFFFFFFFFFFFFFFFFFFFFFFFFFFFFFFF8D
:10731000FFFFFFFFFFFFFFFFFFFFFFFFFFFFFFFF7D
:10732000FFFFFFFFFFFFFFFFFFFFFFFFFFFFFFFF6D
:10733000FFFFFFFFFFFFFFFFFFFFFFFFFFFFFFFF5D
:10734000FFFFFFFFFFFFFFFFFFFFFFFFFFFFFFFF4D
:10735000FFFFFFFFFFFFFFFFFFFFFFFFFFFFFFFF3D
:10736000FFFFFFFFFFFFFFFFFFFFFFFFFFFFFFFF2D
:10737000FFFFFFFFFFFFFFFFFFFFFFFFFFFFFFFF1D
:10738000FFFFFFFFFFFFFFFFFFFFFFFFFFFFFFFF0D
:10739000FFFFFFFFFFFFFFFFFFFFFFFFFFFFFFFFFD
:1073A000FFFFFFFFFFFFFFFFFFFFFFFFFFFFFFFFED
:1073B000FFFFFFFFFFFFFFFFFFFFFFFFFFFFFFFFDD
:1073C000FFFFFFFFFFFFFFFFFFFFFFFFFFFFFFFFCD
:1073D000FFFFFFFFFFFFFFFFFFFFFFFFFFFFFFFFBD
:1073E000FFFFFFFFFFFFFFFFFFFFFFFFFFFFFFFFAD
:1073F000FFFFFFFFFFFFFFFFFFFFFFFFFFFFFFFF9D
:10740000FFFFFFFFFFFFFFFFFFFFFFFFFFFFFFFF8C
:10741000FFFFFFFFFFFFFFFFFFFFFFFFFFFFFFFF7C
:10742000FFFFFFFFFFFFFFFFFFFFFFFFFFFFFFFF6C
:10743000FFFFFFFFFFFFFFFFFFFFFFFFFFFFFFFF5C
:10744000FFFFFFFFFFFFFFFFFFFFFFFFFFFFFFFF4C
:10745000FFFFFFFFFFFFFFFFFFFFFFFFFFFFFFFF3C
:10746000FFFFFFFFFFFFFFFFFFFFFFFFFFFFFFFF2C
:10747000FFFFFFFFFFFFFFFFFFFFFFFFFFFFFFFF1C
:10748000FFFFFFFFFFFFFFFFFFFFFFFFFFFFFFFF0C
:10749000FFFFFFFFFFFFFFFFFFFFFFFFFFFFFFFFFC
:1074A000FFFFFFFFFFFFFFFFFFFFFFFFFFFFFFFFEC
:1074B000FFFFFFFFFFFFFFFFFFFFFFFFFFFFFFFFDC
:1074C000FFFFFFFFFFFFFFFFFFFFFFFFFFFFFFFFCC
:1074D000FFFFFFFFFFFFFFFFFFFFFFFFFFFFFFFFBC
:1074E000FFFFFFFFFFFFFFFFFFFFFFFFFFFFFFFFAC
:1074F000FFFFFFFFFFFFFFFFFFFFFFFFFFFFFFFF9C
:10750000FFFFFFFFFFFFFFFFFFFFFFFFFFFFFFFF8B
:10751000FFFFFFFFFFFFFFFFFFFFFFFFFFFFFFFF7B
:10752000FFFFFFFFFFFFFFFFFFFFFFFFFFFFFFFF6B
:10753000FFFFFFFFFFFFFFFFFFFFFFFFFFFFFFFF5B
:10754000FFFFFFFFFFFFFFFFFFFFFFFFFFFFFFFF4B
:10755000FFFFFFFFFFFFFFFFFFFFFFFFFFFFFFFF3B
:10756000FFFFFFFFFFFFFFFFFFFFFFFFFFFFFFFF2B
:10757000FFFFFFFFFFFFFFFFFFFFFFFFFFFFFFFF1B
:10758000FFFFFFFFFFFFFFFFFFFFFFFFFFFFFFFF0B
:10759000FFFFFFFFFFFFFFFFFFFFFFFFFFFFFFFFFB
:1075A000FFFFFFFFFFFFFFFFFFFFFFFFFFFFFFFFEB
:1075B000FFFFFFFFFFFFFFFFFFFFFFFFFFFFFFFFDB
:1075C000FFFFFFFFFFFFFFFFFFFFFFFFFFFFFFFFCB
:1075D000FFFFFFFFFFFFFFFFFFFFFFFFFFFFFFFFBB
:1075E000FFFFFFFFFFFFFFFFFFFFFFFFFFFFFFFFAB
:1075F000FFFFFFFFFFFFFFFFFFFFFFFFFFFFFFFF9B
:10760000FFFFFFFFFFFFFFFFFFFFFFFFFFFFFFFF8A
:10761000FFFFFFFFFFFFFFFFFFFFFFFFFFFFFFFF7A
:10762000FFFFFFFFFFFFFFFFFFFFFFFFFFFFFFFF6A
:10763000FFFFFFFFFFFFFFFFFFFFFFFFFFFFFFFF5A
:10764000FFFFFFFFFFFFFFFFFFFFFFFFFFFFFFFF4A
:10765000FFFFFFFFFFFFFFFFFFFFFFFFFFFFFFFF3A
:10766000FFFFFFFFFFFFFFFFFFFFFFFFFFFFFFFF2A
:10767000FFFFFFFFFFFFFFFFFFFFFFFFFFFFFFFF1A
:10768000FFFFFFFFFFFFFFFFFFFFFFFFFFFFFFFF0A
:10769000FFFFFFFFFFFFFFFFFFFFFFFFFFFFFFFFFA
:1076A000FFFFFFFFFFFFFFFFFFFFFFFFFFFFFFFFEA
:1076B000FFFFFFFFFFFFFFFFFFFFFFFFFFFFFFFFDA
:1076C000FFFFFFFFFFFFFFFFFFFFFFFFFFFFFFFFCA
:1076D000FFFFFFFFFFFFFFFFFFFFFFFFFFFFFFFFBA
:1076E000FFFFFFFFFFFFFFFFFFFFFFFFFFFFFFFFAA
:1076F000FFFFFFFFFFFFFFFFFFFFFFFFFFFFFFFF9A
:10770000FFFFFFFFFFFFFFFFFFFFFFFFFFFFFFFF89
:10771000FFFFFFFFFFFFFFFFFFFFFFFFFFFFFFFF79
:10772000FFFFFFFFFFFFFFFFFFFFFFFFFFFFFFFF69
:10773000FFFFFFFFFFFFFFFFFFFFFFFFFFFFFFFF59
:10774000FFFFFFFFFFFFFFFFFFFFFFFFFFFFFFFF49
:10775000FFFFFFFFFFFFFFFFFFFFFFFFFFFFFFFF39
:10776000FFFFFFFFFFFFFFFFFFFFFFFFFFFFFFFF29
:10777000FFFFFFFFFFFFFFFFFFFFFFFFFFFFFFFF19
:10778000FFFFFFFFFFFFFFFFFFFFFFFFFFFFFFFF09
:10779000FFFFFFFFFFFFFFFFFFFFFFFFFFFFFFFFF9
:1077A000FFFFFFFFFFFFFFFFFFFFFFFFFFFFFFFFE9
:1077B000FFFFFFFFFFFFFFFFFFFFFFFFFFFFFFFFD9
:1077C000FFFFFFFFFFFFFFFFFFFFFFFFFFFFFFFFC9
:1077D000FFFFFFFFFFFFFFFFFFFFFFFFFFFFFFFFB9
:1077E000FFFFFFFFFFFFFFFFFFFFFFFFFFFFFFFFA9
:1077F000FFFFFFFFFFFFFFFFFFFFFFFFFFFFFFFF99
:10780000FFFFFFFFFFFFFFFFFFFFFFFFFFFFFFFF88
:10781000FFFFFFFFFFFFFFFFFFFFFFFFFFFFFFFF78
:10782000FFFFFFFFFFFFFFFFFFFFFFFFFFFFFFFF68
:10783000FFFFFFFFFFFFFFFFFFFFFFFFFFFFFFFF58
:10784000FFFFFFFFFFFFFFFFFFFFFFFFFFFFFFFF48
:10785000FFFFFFFFFFFFFFFFFFFFFFFFFFFFFFFF38
:10786000FFFFFFFFFFFFFFFFFFFFFFFFFFFFFFFF28
:10787000FFFFFFFFFFFFFFFFFFFFFFFFFFFFFFFF18
:10788000FFFFFFFFFFFFFFFFFFFFFFFFFFFFFFFF08
:10789000FFFFFFFFFFFFFFFFFFFFFFFFFFFFFFFFF8
:1078A000FFFFFFFFFFFFFFFFFFFFFFFFFFFFFFFFE8
:1078B000FFFFFFFFFFFFFFFFFFFFFFFFFFFFFFFFD8
:1078C000FFFFFFFFFFFFFFFFFFFFFFFFFFFFFFFFC8
:1078D000FFFFFFFFFFFFFFFFFFFFFFFFFFFFFFFFB8
:1078E000FFFFFFFFFFFFFFFFFFFFFFFFFFFFFFFFA8
:1078F000FFFFFFFFFFFFFFFFFFFFFFFFFFFFFFFF98
:10790000FFFFFFFFFFFFFFFFFFFFFFFFFFFFFFFF87
:10791000FFFFFFFFFFFFFFFFFFFFFFFFFFFFFFFF77
:10792000FFFFFFFFFFFFFFFFFFFFFFFFFFFFFFFF67
:10793000FFFFFFFFFFFFFFFFFFFFFFFFFFFFFFFF57
:10794000FFFFFFFFFFFFFFFFFFFFFFFFFFFFFFFF47
:10795000FFFFFFFFFFFFFFFFFFFFFFFFFFFFFFFF37
:10796000FFFFFFFFFFFFFFFFFFFFFFFFFFFFFFFF27
:10797000FFFFFFFFFFFFFFFFFFFFFFFFFFFFFFFF17
:10798000FFFFFFFFFFFFFFFFFFFFFFFFFFFFFFFF07
:10799000FFFFFFFFFFFFFFFFFFFFFFFFFFFFFFFFF7
:1079A000FFFFFFFFFFFFFFFFFFFFFFFFFFFFFFFFE7
:1079B000FFFFFFFFFFFFFFFFFFFFFFFFFFFFFFFFD7
:1079C000FFFFFFFFFFFFFFFFFFFFFFFFFFFFFFFFC7
:1079D000FFFFFFFFFFFFFFFFFFFFFFFFFFFFFFFFB7
:1079E000FFFFFFFFFFFFFFFFFFFFFFFFFFFFFFFFA7
:1079F000FFFFFFFFFFFFFFFFFFFFFFFFFFFFFFFF97
:107A0000FFFFFFFFFFFFFFFFFFFFFFFFFFFFFFFF86
:107A1000FFFFFFFFFFFFFFFFFFFFFFFFFFFFFFFF76
:107A2000FFFFFFFFFFFFFFFFFFFFFFFFFFFFFFFF66
:107A3000FFFFFFFFFFFFFFFFFFFFFFFFFFFFFFFF56
:107A4000FFFFFFFFFFFFFFFFFFFFFFFFFFFFFFFF46
:107A5000FFFFFFFFFFFFFFFFFFFFFFFFFFFFFFFF36
:107A6000FFFFFFFFFFFFFFFFFFFFFFFFFFFFFFFF26
:107A7000FFFFFFFFFFFFFFFFFFFFFFFFFFFFFFFF16
:107A8000FFFFFFFFFFFFFFFFFFFFFFFFFFFFFFFF06
:107A9000FFFFFFFFFFFFFFFFFFFFFFFFFFFFFFFFF6
:107AA000FFFFFFFFFFFFFFFFFFFFFFFFFFFFFFFFE6
:107AB000FFFFFFFFFFFFFFFFFFFFFFFFFFFFFFFFD6
:107AC000FFFFFFFFFFFFFFFFFFFFFFFFFFFFFFFFC6
:107AD000FFFFFFFFFFFFFFFFFFFFFFFFFFFFFFFFB6
:107AE000FFFFFFFFFFFFFFFFFFFFFFFFFFFFFFFFA6
:107AF000FFFFFFFFFFFFFFFFFFFFFFFFFFFFFFFF96
:107B0000FFFFFFFFFFFFFFFFFFFFFFFFFFFFFFFF85
:107B1000FFFFFFFFFFFFFFFFFFFFFFFFFFFFFFFF75
:107B2000FFFFFFFFFFFFFFFFFFFFFFFFFFFFFFFF65
:107B3000FFFFFFFFFFFFFFFFFFFFFFFFFFFFFFFF55
:107B4000FFFFFFFFFFFFFFFFFFFFFFFFFFFFFFFF45
:107B5000FFFFFFFFFFFFFFFFFFFFFFFFFFFFFFFF35
:107B6000FFFFFFFFFFFFFFFFFFFFFFFFFFFFFFFF25
:107B7000FFFFFFFFFFFFFFFFFFFFFFFFFFFFFFFF15
:107B8000FFFFFFFFFFFFFFFFFFFFFFFFFFFFFFFF05
:107B9000FFFFFFFFFFFFFFFFFFFFFFFFFFFFFFFFF5
:107BA000FFFFFFFFFFFFFFFFFFFFFFFFFFFFFFFFE5
:107BB000FFFFFFFFFFFFFFFFFFFFFFFFFFFFFFFFD5
:107BC000FFFFFFFFFFFFFFFFFFFFFFFFFFFFFFFFC5
:107BD000FFFFFFFFFFFFFFFFFFFFFFFFFFFFFFFFB5
:107BE000FFFFFFFFFFFFFFFFFFFFFFFFFFFFFFFFA5
:107BF000FFFFFFFFFFFFFFFFFFFFFFFFFFFFFFFF95
:107C0000FFFFFFFFFFFFFFFFFFFFFFFFFFFFFFFF84
:107C1000FFFFFFFFFFFFFFFFFFFFFFFFFFFFFFFF74
:107C2000FFFFFFFFFFFFFFFFFFFFFFFFFFFFFFFF64
:107C3000FFFFFFFFFFFFFFFFFFFFFFFFFFFFFFFF54
:107C4000FFFFFFFFFFFFFFFFFFFFFFFFFFFFFFFF44
:107C5000FFFFFFFFFFFFFFFFFFFFFFFFFFFFFFFF34
:107C6000FFFFFFFFFFFFFFFFFFFFFFFFFFFFFFFF24
:107C7000FFFFFFFFFFFFFFFFFFFFFFFFFFFFFFFF14
:107C8000FFFFFFFFFFFFFFFFFFFFFFFFFFFFFFFF04
:107C9000FFFFFFFFFFFFFFFFFFFFFFFFFFFFFFFFF4
:107CA000FFFFFFFFFFFFFFFFFFFFFFFFFFFFFFFFE4
:107CB000FFFFFFFFFFFFFFFFFFFFFFFFFFFFFFFFD4
:107CC000FFFFFFFFFFFFFFFFFFFFFFFFFFFFFFFFC4
:107CD000FFFFFFFFFFFFFFFFFFFFFFFFFFFFFFFFB4
:107CE000FFFFFFFFFFFFFFFFFFFFFFFFFFFFFFFFA4
:107CF000FFFFFFFFFFFFFFFFFFFFFFFFFFFFFFFF94
:107D0000FFFFFFFFFFFFFFFFFFFFFFFFFFFFFFFF83
:107D1000FFFFFFFFFFFFFFFFFFFFFFFFFFFFFFFF73
:107D2000FFFFFFFFFFFFFFFFFFFFFFFFFFFFFFFF63
:107D3000FFFFFFFFFFFFFFFFFFFFFFFFFFFFFFFF53
:107D4000FFFFFFFFFFFFFFFFFFFFFFFFFFFFFFFF43
:107D5000FFFFFFFFFFFFFFFFFFFFFFFFFFFFFFFF33
:107D6000FFFFFFFFFFFFFFFFFFFFFFFFFFFFFFFF23
:107D7000FFFFFFFFFFFFFFFFFFFFFFFFFFFFFFFF13
:107D8000FFFFFFFFFFFFFFFFFFFFFFFFFFFFFFFF03
:107D9000FFFFFFFFFFFFFFFFFFFFFFFFFFFFFFFFF3
:107DA000FFFFFFFFFFFFFFFFFFFFFFFFFFFFFFFFE3
:107DB000FFFFFFFFFFFFFFFFFFFFFFFFFFFFFFFFD3
:107DC000FFFFFFFFFFFFFFFFFFFFFFFFFFFFFFFFC3
:107DD000FFFFFFFFFFFFFFFFFFFFFFFFFFFFFFFFB3
:107DE000FFFFFFFFFFFFFFFFFFFFFFFFFFFFFFFFA3
:107DF000FFFFFFFFFFFFFFFFFFFFFFFFFFFFFFFF93
:107E0000FFFFFFFFFFFFFFFFFFFFFFFFFFFFFFFF82
:107E1000FFFFFFFFFFFFFFFFFFFFFFFFFFFFFFFF72
:107E2000FFFFFFFFFFFFFFFFFFFFFFFFFFFFFFFF62
:107E3000FFFFFFFFFFFFFFFFFFFFFFFFFFFFFFFF52
:107E4000FFFFFFFFFFFFFFFFFFFFFFFFFFFFFFFF42
:107E5000FFFFFFFFFFFFFFFFFFFFFFFFFFFFFFFF32
:107E6000FFFFFFFFFFFFFFFFFFFFFFFFFFFFFFFF22
:107E7000FFFFFFFFFFFFFFFFFFFFFFFFFFFFFFFF12
:107E8000FFFFFFFFFFFFFFFFFFFFFFFFFFFFFFFF02
:107E9000FFFFFFFFFFFFFFFFFFFFFFFFFFFFFFFFF2
:107EA000FFFFFFFFFFFFFFFFFFFFFFFFFFFFFFFFE2
:107EB000FFFFFFFFFFFFFFFFFFFFFFFFFFFFFFFFD2
:107EC000FFFFFFFFFFFFFFFFFFFFFFFFFFFFFFFFC2
:107ED000FFFFFFFFFFFFFFFFFFFFFFFFFFFFFFFFB2
:107EE000FFFFFFFFFFFFFFFFFFFFFFFFFFFFFFFFA2
:107EF000FFFFFFFFFFFFFFFFFFFFFFFFFFFFFFFF92
:107F0000FFFFFFFFFFFFFFFFFFFFFFFFFFFFFFFF81
:107F1000FFFFFFFFFFFFFFFFFFFFFFFFFFFFFFFF71
:107F2000FFFFFFFFFFFFFFFFFFFFFFFFFFFFFFFF61
:107F3000FFFFFFFFFFFFFFFFFFFFFFFFFFFFFFFF51
:107F4000FFFFFFFFFFFFFFFFFFFFFFFFFFFFFFFF41
:107F5000FFFFFFFFFFFFFFFFFFFFFFFFFFFFFFFF31
:107F6000FFFFFFFFFFFFFFFFFFFFFFFFFFFFFFFF21
:107F7000FFFFFFFFFFFFFFFFFFFFFFFFFFFFFFFF11
:107F8000FFFFFFFFFFFFFFFFFFFFFFFFFFFFFFFF01
:107F9000FFFFFFFFFFFFFFFFFFFFFFFFFFFFFFFFF1
:107FA000FFFFFFFFFFFFFFFFFFFFFFFFFFFFFFFFE1
:107FB000FFFFFFFFFFFFFFFFFFFFFFFFFFFFFFFFD1
:107FC000FFFFFFFFFFFFFFFFFFFFFFFFFFFFFFFFC1
:107FD000FFFFFFFFFFFFFFFFFFFFFFFFFFFFFFFFB1
:107FE000FFFFFFFFFFFFFFFFFFFFFFFFFFFFFFFFA1
:107FF000FFFFFFFFFFFFFFFFFFFFFFFFFFFFFFFF91
:10800000FFFFFFFFFFFFFFFFFFFFFFFFFFFFFFFF80
:10801000FFFFFFFFFFFFFFFFFFFFFFFFFFFFFFFF70
:10802000FFFFFFFFFFFFFFFFFFFFFFFFFFFFFFFF60
:10803000FFFFFFFFFFFFFFFFFFFFFFFFFFFFFFFF50
:10804000FFFFFFFFFFFFFFFFFFFFFFFFFFFFFFFF40
:10805000FFFFFFFFFFFFFFFFFFFFFFFFFFFFFFFF30
:10806000FFFFFFFFFFFFFFFFFFFFFFFFFFFFFFFF20
:10807000FFFFFFFFFFFFFFFFFFFFFFFFFFFFFFFF10
:10808000FFFFFFFFFFFFFFFFFFFFFFFFFFFFFFFF00
:10809000FFFFFFFFFFFFFFFFFFFFFFFFFFFFFFFFF0
:1080A000FFFFFFFFFFFFFFFFFFFFFFFFFFFFFFFFE0
:1080B000FFFFFFFFFFFFFFFFFFFFFFFFFFFFFFFFD0
:1080C000FFFFFFFFFFFFFFFFFFFFFFFFFFFFFFFFC0
:1080D000FFFFFFFFFFFFFFFFFFFFFFFFFFFFFFFFB0
:1080E000FFFFFFFFFFFFFFFFFFFFFFFFFFFFFFFFA0
:1080F000FFFFFFFFFFFFFFFFFFFFFFFFFFFFFFFF90
:10810000FFFFFFFFFFFFFFFFFFFFFFFFFFFFFFFF7F
:10811000FFFFFFFFFFFFFFFFFFFFFFFFFFFFFFFF6F
:10812000FFFFFFFFFFFFFFFFFFFFFFFFFFFFFFFF5F
:10813000FFFFFFFFFFFFFFFFFFFFFFFFFFFFFFFF4F
:10814000FFFFFFFFFFFFFFFFFFFFFFFFFFFFFFFF3F
:10815000FFFFFFFFFFFFFFFFFFFFFFFFFFFFFFFF2F
:10816000FFFFFFFFFFFFFFFFFFFFFFFFFFFFFFFF1F
:10817000FFFFFFFFFFFFFFFFFFFFFFFFFFFFFFFF0F
:10818000FFFFFFFFFFFFFFFFFFFFFFFFFFFFFFFFFF
:10819000FFFFFFFFFFFFFFFFFFFFFFFFFFFFFFFFEF
:1081A000FFFFFFFFFFFFFFFFFFFFFFFFFFFFFFFFDF
:1081B000FFFFFFFFFFFFFFFFFFFFFFFFFFFFFFFFCF
:1081C000FFFFFFFFFFFFFFFFFFFFFFFFFFFFFFFFBF
:1081D000FFFFFFFFFFFFFFFFFFFFFFFFFFFFFFFFAF
:1081E000FFFFFFFFFFFFFFFFFFFFFFFFFFFFFFFF9F
:1081F000FFFFFFFFFFFFFFFFFFFFFFFFFFFFFFFF8F
:10820000FFFFFFFFFFFFFFFFFFFFFFFFFFFFFFFF7E
:10821000FFFFFFFFFFFFFFFFFFFFFFFFFFFFFFFF6E
:10822000FFFFFFFFFFFFFFFFFFFFFFFFFFFFFFFF5E
:10823000FFFFFFFFFFFFFFFFFFFFFFFFFFFFFFFF4E
:10824000FFFFFFFFFFFFFFFFFFFFFFFFFFFFFFFF3E
:10825000FFFFFFFFFFFFFFFFFFFFFFFFFFFFFFFF2E
:10826000FFFFFFFFFFFFFFFFFFFFFFFFFFFFFFFF1E
:10827000FFFFFFFFFFFFFFFFFFFFFFFFFFFFFFFF0E
:10828000FFFFFFFFFFFFFFFFFFFFFFFFFFFFFFFFFE
:10829000FFFFFFFFFFFFFFFFFFFFFFFFFFFFFFFFEE
:1082A000FFFFFFFFFFFFFFFFFFFFFFFFFFFFFFFFDE
:1082B000FFFFFFFFFFFFFFFFFFFFFFFFFFFFFFFFCE
:1082C000FFFFFFFFFFFFFFFFFFFFFFFFFFFFFFFFBE
:1082D000FFFFFFFFFFFFFFFFFFFFFFFFFFFFFFFFAE
:1082E000FFFFFFFFFFFFFFFFFFFFFFFFFFFFFFFF9E
:1082F000FFFFFFFFFFFFFFFFFFFFFFFFFFFFFFFF8E
:10830000FFFFFFFFFFFFFFFFFFFFFFFFFFFFFFFF7D
:10831000FFFFFFFFFFFFFFFFFFFFFFFFFFFFFFFF6D
:10832000FFFFFFFFFFFFFFFFFFFFFFFFFFFFFFFF5D
:10833000FFFFFFFFFFFFFFFFFFFFFFFFFFFFFFFF4D
:10834000FFFFFFFFFFFFFFFFFFFFFFFFFFFFFFFF3D
:10835000FFFFFFFFFFFFFFFFFFFFFFFFFFFFFFFF2D
:10836000FFFFFFFFFFFFFFFFFFFFFFFFFFFFFFFF1D
:10837000FFFFFFFFFFFFFFFFFFFFFFFFFFFFFFFF0D
:10838000FFFFFFFFFFFFFFFFFFFFFFFFFFFFFFFFFD
:10839000FFFFFFFFFFFFFFFFFFFFFFFFFFFFFFFFED
:1083A000FFFFFFFFFFFFFFFFFFFFFFFFFFFFFFFFDD
:1083B000FFFFFFFFFFFFFFFFFFFFFFFFFFFFFFFFCD
:1083C000FFFFFFFFFFFFFFFFFFFFFFFFFFFFFFFFBD
:1083D000FFFFFFFFFFFFFFFFFFFFFFFFFFFFFFFFAD
:1083E000FFFFFFFFFFFFFFFFFFFFFFFFFFFFFFFF9D
:1083F000FFFFFFFFFFFFFFFFFFFFFFFFFFFFFFFF8D
:10840000FFFFFFFFFFFFFFFFFFFFFFFFFFFFFFFF7C
:10841000FFFFFFFFFFFFFFFFFFFFFFFFFFFFFFFF6C
:10842000FFFFFFFFFFFFFFFFFFFFFFFFFFFFFFFF5C
:10843000FFFFFFFFFFFFFFFFFFFFFFFFFFFFFFFF4C
:10844000FFFFFFFFFFFFFFFFFFFFFFFFFFFFFFFF3C
:10845000FFFFFFFFFFFFFFFFFFFFFFFFFFFFFFFF2C
:10846000FFFFFFFFFFFFFFFFFFFFFFFFFFFFFFFF1C
:10847000FFFFFFFFFFFFFFFFFFFFFFFFFFFFFFFF0C
:10848000FFFFFFFFFFFFFFFFFFFFFFFFFFFFFFFFFC
:10849000FFFFFFFFFFFFFFFFFFFFFFFFFFFFFFFFEC
:1084A000FFFFFFFFFFFFFFFFFFFFFFFFFFFFFFFFDC
:1084B000FFFFFFFFFFFFFFFFFFFFFFFFFFFFFFFFCC
:1084C000FFFFFFFFFFFFFFFFFFFFFFFFFFFFFFFFBC
:1084D000FFFFFFFFFFFFFFFFFFFFFFFFFFFFFFFFAC
:1084E000FFFFFFFFFFFFFFFFFFFFFFFFFFFFFFFF9C
:1084F000FFFFFFFFFFFFFFFFFFFFFFFFFFFFFFFF8C
:10850000FFFFFFFFFFFFFFFFFFFFFFFFFFFFFFFF7B
:10851000FFFFFFFFFFFFFFFFFFFFFFFFFFFFFFFF6B
:10852000FFFFFFFFFFFFFFFFFFFFFFFFFFFFFFFF5B
:10853000FFFFFFFFFFFFFFFFFFFFFFFFFFFFFFFF4B
:10854000FFFFFFFFFFFFFFFFFFFFFFFFFFFFFFFF3B
:10855000FFFFFFFFFFFFFFFFFFFFFFFFFFFFFFFF2B
:10856000FFFFFFFFFFFFFFFFFFFFFFFFFFFFFFFF1B
:10857000FFFFFFFFFFFFFFFFFFFFFFFFFFFFFFFF0B
:10858000FFFFFFFFFFFFFFFFFFFFFFFFFFFFFFFFFB
:10859000FFFFFFFFFFFFFFFFFFFFFFFFFFFFFFFFEB
:1085A000FFFFFFFFFFFFFFFFFFFFFFFFFFFFFFFFDB
:1085B000FFFFFFFFFFFFFFFFFFFFFFFFFFFFFFFFCB
:1085C000FFFFFFFFFFFFFFFFFFFFFFFFFFFFFFFFBB
:1085D000FFFFFFFFFFFFFFFFFFFFFFFFFFFFFFFFAB
:1085E000FFFFFFFFFFFFFFFFFFFFFFFFFFFFFFFF9B
:1085F000FFFFFFFFFFFFFFFFFFFFFFFFFFFFFFFF8B
:10860000FFFFFFFFFFFFFFFFFFFFFFFFFFFFFFFF7A
:10861000FFFFFFFFFFFFFFFFFFFFFFFFFFFFFFFF6A
:10862000FFFFFFFFFFFFFFFFFFFFFFFFFFFFFFFF5A
:10863000FFFFFFFFFFFFFFFFFFFFFFFFFFFFFFFF4A
:10864000FFFFFFFFFFFFFFFFFFFFFFFFFFFFFFFF3A
:10865000FFFFFFFFFFFFFFFFFFFFFFFFFFFFFFFF2A
:10866000FFFFFFFFFFFFFFFFFFFFFFFFFFFFFFFF1A
:10867000FFFFFFFFFFFFFFFFFFFFFFFFFFFFFFFF0A
:10868000FFFFFFFFFFFFFFFFFFFFFFFFFFFFFFFFFA
:10869000FFFFFFFFFFFFFFFFFFFFFFFFFFFFFFFFEA
:1086A000FFFFFFFFFFFFFFFFFFFFFFFFFFFFFFFFDA
:1086B000FFFFFFFFFFFFFFFFFFFFFFFFFFFFFFFFCA
:1086C000FFFFFFFFFFFFFFFFFFFFFFFFFFFFFFFFBA
:1086D000FFFFFFFFFFFFFFFFFFFFFFFFFFFFFFFFAA
:1086E000FFFFFFFFFFFFFFFFFFFFFFFFFFFFFFFF9A
:1086F000FFFFFFFFFFFFFFFFFFFFFFFFFFFFFFFF8A
:10870000FFFFFFFFFFFFFFFFFFFFFFFFFFFFFFFF79
:10871000FFFFFFFFFFFFFFFFFFFFFFFFFFFFFFFF69
:10872000FFFFFFFFFFFFFFFFFFFFFFFFFFFFFFFF59
:10873000FFFFFFFFFFFFFFFFFFFFFFFFFFFFFFFF49
:10874000FFFFFFFFFFFFFFFFFFFFFFFFFFFFFFFF39
:10875000FFFFFFFFFFFFFFFFFFFFFFFFFFFFFFFF29
:10876000FFFFFFFFFFFFFFFFFFFFFFFFFFFFFFFF19
:10877000FFFFFFFFFFFFFFFFFFFFFFFFFFFFFFFF09
:10878000FFFFFFFFFFFFFFFFFFFFFFFFFFFFFFFFF9
:10879000FFFFFFFFFFFFFFFFFFFFFFFFFFFFFFFFE9
:1087A000FFFFFFFFFFFFFFFFFFFFFFFFFFFFFFFFD9
:1087B000FFFFFFFFFFFFFFFFFFFFFFFFFFFFFFFFC9
:1087C000FFFFFFFFFFFFFFFFFFFFFFFFFFFFFFFFB9
:1087D000FFFFFFFFFFFFFFFFFFFFFFFFFFFFFFFFA9
:1087E000FFFFFFFFFFFFFFFFFFFFFFFFFFFFFFFF99
:1087F000FFFFFFFFFFFFFFFFFFFFFFFFFFFFFFFF89
:10880000FFFFFFFFFFFFFFFFFFFFFFFFFFFFFFFF78
:10881000FFFFFFFFFFFFFFFFFFFFFFFFFFFFFFFF68
:10882000FFFFFFFFFFFFFFFFFFFFFFFFFFFFFFFF58
:10883000FFFFFFFFFFFFFFFFFFFFFFFFFFFFFFFF48
:10884000FFFFFFFFFFFFFFFFFFFFFFFFFFFFFFFF38
:10885000FFFFFFFFFFFFFFFFFFFFFFFFFFFFFFFF28
:10886000FFFFFFFFFFFFFFFFFFFFFFFFFFFFFFFF18
:10887000FFFFFFFFFFFFFFFFFFFFFFFFFFFFFFFF08
:10888000FFFFFFFFFFFFFFFFFFFFFFFFFFFFFFFFF8
:10889000FFFFFFFFFFFFFFFFFFFFFFFFFFFFFFFFE8
:1088A000FFFFFFFFFFFFFFFFFFFFFFFFFFFFFFFFD8
:1088B000FFFFFFFFFFFFFFFFFFFFFFFFFFFFFFFFC8
:1088C000FFFFFFFFFFFFFFFFFFFFFFFFFFFFFFFFB8
:1088D000FFFFFFFFFFFFFFFFFFFFFFFFFFFFFFFFA8
:1088E000FFFFFFFFFFFFFFFFFFFFFFFFFFFFFFFF98
:1088F000FFFFFFFFFFFFFFFFFFFFFFFFFFFFFFFF88
:10890000FFFFFFFFFFFFFFFFFFFFFFFFFFFFFFFF77
:10891000FFFFFFFFFFFFFFFFFFFFFFFFFFFFFFFF67
:10892000FFFFFFFFFFFFFFFFFFFFFFFFFFFFFFFF57
:10893000FFFFFFFFFFFFFFFFFFFFFFFFFFFFFFFF47
:10894000FFFFFFFFFFFFFFFFFFFFFFFFFFFFFFFF37
:10895000FFFFFFFFFFFFFFFFFFFFFFFFFFFFFFFF27
:10896000FFFFFFFFFFFFFFFFFFFFFFFFFFFFFFFF17
:10897000FFFFFFFFFFFFFFFFFFFFFFFFFFFFFFFF07
:10898000FFFFFFFFFFFFFFFFFFFFFFFFFFFFFFFFF7
:10899000FFFFFFFFFFFFFFFFFFFFFFFFFFFFFFFFE7
:1089A000FFFFFFFFFFFFFFFFFFFFFFFFFFFFFFFFD7
:1089B000FFFFFFFFFFFFFFFFFFFFFFFFFFFFFFFFC7
:1089C000FFFFFFFFFFFFFFFFFFFFFFFFFFFFFFFFB7
:1089D000FFFFFFFFFFFFFFFFFFFFFFFFFFFFFFFFA7
:1089E000FFFFFFFFFFFFFFFFFFFFFFFFFFFFFFFF97
:1089F000FFFFFFFFFFFFFFFFFFFFFFFFFFFFFFFF87
:108A0000FFFFFFFFFFFFFFFFFFFFFFFFFFFFFFFF76
:108A1000FFFFFFFFFFFFFFFFFFFFFFFFFFFFFFFF66
:108A2000FFFFFFFFFFFFFFFFFFFFFFFFFFFFFFFF56
:108A3000FFFFFFFFFFFFFFFFFFFFFFFFFFFFFFFF46
:108A4000FFFFFFFFFFFFFFFFFFFFFFFFFFFFFFFF36
:108A5000FFFFFFFFFFFFFFFFFFFFFFFFFFFFFFFF26
:108A6000FFFFFFFFFFFFFFFFFFFFFFFFFFFFFFFF16
:108A7000FFFFFFFFFFFFFFFFFFFFFFFFFFFFFFFF06
:108A8000FFFFFFFFFFFFFFFFFFFFFFFFFFFFFFFFF6
:108A9000FFFFFFFFFFFFFFFFFFFFFFFFFFFFFFFFE6
:108AA000FFFFFFFFFFFFFFFFFFFFFFFFFFFFFFFFD6
:108AB000FFFFFFFFFFFFFFFFFFFFFFFFFFFFFFFFC6
:108AC000FFFFFFFFFFFFFFFFFFFFFFFFFFFFFFFFB6
:108AD000FFFFFFFFFFFFFFFFFFFFFFFFFFFFFFFFA6
:108AE000FFFFFFFFFFFFFFFFFFFFFFFFFFFFFFFF96
:108AF000FFFFFFFFFFFFFFFFFFFFFFFFFFFFFFFF86
:108B0000FFFFFFFFFFFFFFFFFFFFFFFFFFFFFFFF75
:108B1000FFFFFFFFFFFFFFFFFFFFFFFFFFFFFFFF65
:108B2000FFFFFFFFFFFFFFFFFFFFFFFFFFFFFFFF55
:108B3000FFFFFFFFFFFFFFFFFFFFFFFFFFFFFFFF45
:108B4000FFFFFFFFFFFFFFFFFFFFFFFFFFFFFFFF35
:108B5000FFFFFFFFFFFFFFFFFFFFFFFFFFFFFFFF25
:108B6000FFFFFFFFFFFFFFFFFFFFFFFFFFFFFFFF15
:108B7000FFFFFFFFFFFFFFFFFFFFFFFFFFFFFFFF05
:108B8000FFFFFFFFFFFFFFFFFFFFFFFFFFFFFFFFF5
:108B9000FFFFFFFFFFFFFFFFFFFFFFFFFFFFFFFFE5
:108BA000FFFFFFFFFFFFFFFFFFFFFFFFFFFFFFFFD5
:108BB000FFFFFFFFFFFFFFFFFFFFFFFFFFFFFFFFC5
:108BC000FFFFFFFFFFFFFFFFFFFFFFFFFFFFFFFFB5
:108BD000FFFFFFFFFFFFFFFFFFFFFFFFFFFFFFFFA5
:108BE000FFFFFFFFFFFFFFFFFFFFFFFFFFFFFFFF95
:108BF000FFFFFFFFFFFFFFFFFFFFFFFFFFFFFFFF85
:108C0000FFFFFFFFFFFFFFFFFFFFFFFFFFFFFFFF74
:108C1000FFFFFFFFFFFFFFFFFFFFFFFFFFFFFFFF64
:108C2000FFFFFFFFFFFFFFFFFFFFFFFFFFFFFFFF54
:108C3000FFFFFFFFFFFFFFFFFFFFFFFFFFFFFFFF44
:108C4000FFFFFFFFFFFFFFFFFFFFFFFFFFFFFFFF34
:108C5000FFFFFFFFFFFFFFFFFFFFFFFFFFFFFFFF24
:108C6000FFFFFFFFFFFFFFFFFFFFFFFFFFFFFFFF14
:108C7000FFFFFFFFFFFFFFFFFFFFFFFFFFFFFFFF04
:108C8000FFFFFFFFFFFFFFFFFFFFFFFFFFFFFFFFF4
:108C9000FFFFFFFFFFFFFFFFFFFFFFFFFFFFFFFFE4
:108CA000FFFFFFFFFFFFFFFFFFFFFFFFFFFFFFFFD4
:108CB000FFFFFFFFFFFFFFFFFFFFFFFFFFFFFFFFC4
:108CC000FFFFFFFFFFFFFFFFFFFFFFFFFFFFFFFFB4
:108CD000FFFFFFFFFFFFFFFFFFFFFFFFFFFFFFFFA4
:108CE000FFFFFFFFFFFFFFFFFFFFFFFFFFFFFFFF94
:108CF000FFFFFFFFFFFFFFFFFFFFFFFFFFFFFFFF84
:108D0000FFFFFFFFFFFFFFFFFFFFFFFFFFFFFFFF73
:108D1000FFFFFFFFFFFFFFFFFFFFFFFFFFFFFFFF63
:108D2000FFFFFFFFFFFFFFFFFFFFFFFFFFFFFFFF53
:108D3000FFFFFFFFFFFFFFFFFFFFFFFFFFFFFFFF43
:108D4000FFFFFFFFFFFFFFFFFFFFFFFFFFFFFFFF33
:108D5000FFFFFFFFFFFFFFFFFFFFFFFFFFFFFFFF23
:108D6000FFFFFFFFFFFFFFFFFFFFFFFFFFFFFFFF13
:108D7000FFFFFFFFFFFFFFFFFFFFFFFFFFFFFFFF03
:108D8000FFFFFFFFFFFFFFFFFFFFFFFFFFFFFFFFF3
:108D9000FFFFFFFFFFFFFFFFFFFFFFFFFFFFFFFFE3
:108DA000FFFFFFFFFFFFFFFFFFFFFFFFFFFFFFFFD3
:108DB000FFFFFFFFFFFFFFFFFFFFFFFFFFFFFFFFC3
:108DC000FFFFFFFFFFFFFFFFFFFFFFFFFFFFFFFFB3
:108DD000FFFFFFFFFFFFFFFFFFFFFFFFFFFFFFFFA3
:108DE000FFFFFFFFFFFFFFFFFFFFFFFFFFFFFFFF93
:108DF000FFFFFFFFFFFFFFFFFFFFFFFFFFFFFFFF83
:108E0000FFFFFFFFFFFFFFFFFFFFFFFFFFFFFFFF72
:108E1000FFFFFFFFFFFFFFFFFFFFFFFFFFFFFFFF62
:108E2000FFFFFFFFFFFFFFFFFFFFFFFFFFFFFFFF52
:108E3000FFFFFFFFFFFFFFFFFFFFFFFFFFFFFFFF42
:108E4000FFFFFFFFFFFFFFFFFFFFFFFFFFFFFFFF32
:108E5000FFFFFFFFFFFFFFFFFFFFFFFFFFFFFFFF22
:108E6000FFFFFFFFFFFFFFFFFFFFFFFFFFFFFFFF12
:108E7000FFFFFFFFFFFFFFFFFFFFFFFFFFFFFFFF02
:108E8000FFFFFFFFFFFFFFFFFFFFFFFFFFFFFFFFF2
:108E9000FFFFFFFFFFFFFFFFFFFFFFFFFFFFFFFFE2
:108EA000FFFFFFFFFFFFFFFFFFFFFFFFFFFFFFFFD2
:108EB000FFFFFFFFFFFFFFFFFFFFFFFFFFFFFFFFC2
:108EC000FFFFFFFFFFFFFFFFFFFFFFFFFFFFFFFFB2
:108ED000FFFFFFFFFFFFFFFFFFFFFFFFFFFFFFFFA2
:108EE000FFFFFFFFFFFFFFFFFFFFFFFFFFFFFFFF92
:108EF000FFFFFFFFFFFFFFFFFFFFFFFFFFFFFFFF82
:108F0000FFFFFFFFFFFFFFFFFFFFFFFFFFFFFFFF71
:108F1000FFFFFFFFFFFFFFFFFFFFFFFFFFFFFFFF61
:108F2000FFFFFFFFFFFFFFFFFFFFFFFFFFFFFFFF51
:108F3000FFFFFFFFFFFFFFFFFFFFFFFFFFFFFFFF41
:108F4000FFFFFFFFFFFFFFFFFFFFFFFFFFFFFFFF31
:108F5000FFFFFFFFFFFFFFFFFFFFFFFFFFFFFFFF21
:108F6000FFFFFFFFFFFFFFFFFFFFFFFFFFFFFFFF11
:108F7000FFFFFFFFFFFFFFFFFFFFFFFFFFFFFFFF01
:108F8000FFFFFFFFFFFFFFFFFFFFFFFFFFFFFFFFF1
:108F9000FFFFFFFFFFFFFFFFFFFFFFFFFFFFFFFFE1
:108FA000FFFFFFFFFFFFFFFFFFFFFFFFFFFFFFFFD1
:108FB000FFFFFFFFFFFFFFFFFFFFFFFFFFFFFFFFC1
:108FC000FFFFFFFFFFFFFFFFFFFFFFFFFFFFFFFFB1
:108FD000FFFFFFFFFFFFFFFFFFFFFFFFFFFFFFFFA1
:108FE000FFFFFFFFFFFFFFFFFFFFFFFFFFFFFFFF91
:108FF000FFFFFFFFFFFFFFFFFFFFFFFFFFFFFFFF81
:10900000FFFFFFFFFFFFFFFFFFFFFFFFFFFFFFFF70
:10901000FFFFFFFFFFFFFFFFFFFFFFFFFFFFFFFF60
:10902000FFFFFFFFFFFFFFFFFFFFFFFFFFFFFFFF50
:10903000FFFFFFFFFFFFFFFFFFFFFFFFFFFFFFFF40
:10904000FFFFFFFFFFFFFFFFFFFFFFFFFFFFFFFF30
:10905000FFFFFFFFFFFFFFFFFFFFFFFFFFFFFFFF20
:10906000FFFFFFFFFFFFFFFFFFFFFFFFFFFFFFFF10
:10907000FFFFFFFFFFFFFFFFFFFFFFFFFFFFFFFF00
:10908000FFFFFFFFFFFFFFFFFFFFFFFFFFFFFFFFF0
:10909000FFFFFFFFFFFFFFFFFFFFFFFFFFFFFFFFE0
:1090A000FFFFFFFFFFFFFFFFFFFFFFFFFFFFFFFFD0
:1090B000FFFFFFFFFFFFFFFFFFFFFFFFFFFFFFFFC0
:1090C000FFFFFFFFFFFFFFFFFFFFFFFFFFFFFFFFB0
:1090D000FFFFFFFFFFFFFFFFFFFFFFFFFFFFFFFFA0
:1090E000FFFFFFFFFFFFFFFFFFFFFFFFFFFFFFFF90
:1090F000FFFFFFFFFFFFFFFFFFFFFFFFFFFFFFFF80
:10910000FFFFFFFFFFFFFFFFFFFFFFFFFFFFFFFF6F
:10911000FFFFFFFFFFFFFFFFFFFFFFFFFFFFFFFF5F
:10912000FFFFFFFFFFFFFFFFFFFFFFFFFFFFFFFF4F
:10913000FFFFFFFFFFFFFFFFFFFFFFFFFFFFFFFF3F
:10914000FFFFFFFFFFFFFFFFFFFFFFFFFFFFFFFF2F
:10915000FFFFFFFFFFFFFFFFFFFFFFFFFFFFFFFF1F
:10916000FFFFFFFFFFFFFFFFFFFFFFFFFFFFFFFF0F
:10917000FFFFFFFFFFFFFFFFFFFFFFFFFFFFFFFFFF
:10918000FFFFFFFFFFFFFFFFFFFFFFFFFFFFFFFFEF
:10919000FFFFFFFFFFFFFFFFFFFFFFFFFFFFFFFFDF
:1091A000FFFFFFFFFFFFFFFFFFFFFFFFFFFFFFFFCF
:1091B000FFFFFFFFFFFFFFFFFFFFFFFFFFFFFFFFBF
:1091C000FFFFFFFFFFFFFFFFFFFFFFFFFFFFFFFFAF
:1091D000FFFFFFFFFFFFFFFFFFFFFFFFFFFFFFFF9F
:1091E000FFFFFFFFFFFFFFFFFFFFFFFFFFFFFFFF8F
:1091F000FFFFFFFFFFFFFFFFFFFFFFFFFFFFFFFF7F
:10920000FFFFFFFFFFFFFFFFFFFFFFFFFFFFFFFF6E
:10921000FFFFFFFFFFFFFFFFFFFFFFFFFFFFFFFF5E
:10922000FFFFFFFFFFFFFFFFFFFFFFFFFFFFFFFF4E
:10923000FFFFFFFFFFFFFFFFFFFFFFFFFFFFFFFF3E
:10924000FFFFFFFFFFFFFFFFFFFFFFFFFFFFFFFF2E
:10925000FFFFFFFFFFFFFFFFFFFFFFFFFFFFFFFF1E
:10926000FFFFFFFFFFFFFFFFFFFFFFFFFFFFFFFF0E
:10927000FFFFFFFFFFFFFFFFFFFFFFFFFFFFFFFFFE
:10928000FFFFFFFFFFFFFFFFFFFFFFFFFFFFFFFFEE
:10929000FFFFFFFFFFFFFFFFFFFFFFFFFFFFFFFFDE
:1092A000FFFFFFFFFFFFFFFFFFFFFFFFFFFFFFFFCE
:1092B000FFFFFFFFFFFFFFFFFFFFFFFFFFFFFFFFBE
:1092C000FFFFFFFFFFFFFFFFFFFFFFFFFFFFFFFFAE
:1092D000FFFFFFFFFFFFFFFFFFFFFFFFFFFFFFFF9E
:1092E000FFFFFFFFFFFFFFFFFFFFFFFFFFFFFFFF8E
:1092F000FFFFFFFFFFFFFFFFFFFFFFFFFFFFFFFF7E
:10930000FFFFFFFFFFFFFFFFFFFFFFFFFFFFFFFF6D
:10931000FFFFFFFFFFFFFFFFFFFFFFFFFFFFFFFF5D
:10932000FFFFFFFFFFFFFFFFFFFFFFFFFFFFFFFF4D
:10933000FFFFFFFFFFFFFFFFFFFFFFFFFFFFFFFF3D
:10934000FFFFFFFFFFFFFFFFFFFFFFFFFFFFFFFF2D
:10935000FFFFFFFFFFFFFFFFFFFFFFFFFFFFFFFF1D
:10936000FFFFFFFFFFFFFFFFFFFFFFFFFFFFFFFF0D
:10937000FFFFFFFFFFFFFFFFFFFFFFFFFFFFFFFFFD
:10938000FFFFFFFFFFFFFFFFFFFFFFFFFFFFFFFFED
:10939000FFFFFFFFFFFFFFFFFFFFFFFFFFFFFFFFDD
:1093A000FFFFFFFFFFFFFFFFFFFFFFFFFFFFFFFFCD
:1093B000FFFFFFFFFFFFFFFFFFFFFFFFFFFFFFFFBD
:1093C000FFFFFFFFFFFFFFFFFFFFFFFFFFFFFFFFAD
:1093D000FFFFFFFFFFFFFFFFFFFFFFFFFFFFFFFF9D
:1093E000FFFFFFFFFFFFFFFFFFFFFFFFFFFFFFFF8D
:1093F000FFFFFFFFFFFFFFFFFFFFFFFFFFFFFFFF7D
:10940000FFFFFFFFFFFFFFFFFFFFFFFFFFFFFFFF6C
:10941000FFFFFFFFFFFFFFFFFFFFFFFFFFFFFFFF5C
:10942000FFFFFFFFFFFFFFFFFFFFFFFFFFFFFFFF4C
:10943000FFFFFFFFFFFFFFFFFFFFFFFFFFFFFFFF3C
:10944000FFFFFFFFFFFFFFFFFFFFFFFFFFFFFFFF2C
:10945000FFFFFFFFFFFFFFFFFFFFFFFFFFFFFFFF1C
:10946000FFFFFFFFFFFFFFFFFFFFFFFFFFFFFFFF0C
:10947000FFFFFFFFFFFFFFFFFFFFFFFFFFFFFFFFFC
:10948000FFFFFFFFFFFFFFFFFFFFFFFFFFFFFFFFEC
:10949000FFFFFFFFFFFFFFFFFFFFFFFFFFFFFFFFDC
:1094A000FFFFFFFFFFFFFFFFFFFFFFFFFFFFFFFFCC
:1094B000FFFFFFFFFFFFFFFFFFFFFFFFFFFFFFFFBC
:1094C000FFFFFFFFFFFFFFFFFFFFFFFFFFFFFFFFAC
:1094D000FFFFFFFFFFFFFFFFFFFFFFFFFFFFFFFF9C
:1094E000FFFFFFFFFFFFFFFFFFFFFFFFFFFFFFFF8C
:1094F000FFFFFFFFFFFFFFFFFFFFFFFFFFFFFFFF7C
:10950000FFFFFFFFFFFFFFFFFFFFFFFFFFFFFFFF6B
:10951000FFFFFFFFFFFFFFFFFFFFFFFFFFFFFFFF5B
:10952000FFFFFFFFFFFFFFFFFFFFFFFFFFFFFFFF4B
:10953000FFFFFFFFFFFFFFFFFFFFFFFFFFFFFFFF3B
:10954000FFFFFFFFFFFFFFFFFFFFFFFFFFFFFFFF2B
:10955000FFFFFFFFFFFFFFFFFFFFFFFFFFFFFFFF1B
:10956000FFFFFFFFFFFFFFFFFFFFFFFFFFFFFFFF0B
:10957000FFFFFFFFFFFFFFFFFFFFFFFFFFFFFFFFFB
:10958000FFFFFFFFFFFFFFFFFFFFFFFFFFFFFFFFEB
:10959000FFFFFFFFFFFFFFFFFFFFFFFFFFFFFFFFDB
:1095A000FFFFFFFFFFFFFFFFFFFFFFFFFFFFFFFFCB
:1095B000FFFFFFFFFFFFFFFFFFFFFFFFFFFFFFFFBB
:1095C000FFFFFFFFFFFFFFFFFFFFFFFFFFFFFFFFAB
:1095D000FFFFFFFFFFFFFFFFFFFFFFFFFFFFFFFF9B
:1095E000FFFFFFFFFFFFFFFFFFFFFFFFFFFFFFFF8B
:1095F000FFFFFFFFFFFFFFFFFFFFFFFFFFFFFFFF7B
:10960000FFFFFFFFFFFFFFFFFFFFFFFFFFFFFFFF6A
:10961000FFFFFFFFFFFFFFFFFFFFFFFFFFFFFFFF5A
:10962000FFFFFFFFFFFFFFFFFFFFFFFFFFFFFFFF4A
:10963000FFFFFFFFFFFFFFFFFFFFFFFFFFFFFFFF3A
:10964000FFFFFFFFFFFFFFFFFFFFFFFFFFFFFFFF2A
:10965000FFFFFFFFFFFFFFFFFFFFFFFFFFFFFFFF1A
:10966000FFFFFFFFFFFFFFFFFFFFFFFFFFFFFFFF0A
:10967000FFFFFFFFFFFFFFFFFFFFFFFFFFFFFFFFFA
:10968000FFFFFFFFFFFFFFFFFFFFFFFFFFFFFFFFEA
:10969000FFFFFFFFFFFFFFFFFFFFFFFFFFFFFFFFDA
:1096A000FFFFFFFFFFFFFFFFFFFFFFFFFFFFFFFFCA
:1096B000FFFFFFFFFFFFFFFFFFFFFFFFFFFFFFFFBA
:1096C000FFFFFFFFFFFFFFFFFFFFFFFFFFFFFFFFAA
:1096D000FFFFFFFFFFFFFFFFFFFFFFFFFFFFFFFF9A
:1096E000FFFFFFFFFFFFFFFFFFFFFFFFFFFFFFFF8A
:1096F000FFFFFFFFFFFFFFFFFFFFFFFFFFFFFFFF7A
:10970000FFFFFFFFFFFFFFFFFFFFFFFFFFFFFFFF69
:10971000FFFFFFFFFFFFFFFFFFFFFFFFFFFFFFFF59
:10972000FFFFFFFFFFFFFFFFFFFFFFFFFFFFFFFF49
:10973000FFFFFFFFFFFFFFFFFFFFFFFFFFFFFFFF39
:10974000FFFFFFFFFFFFFFFFFFFFFFFFFFFFFFFF29
:10975000FFFFFFFFFFFFFFFFFFFFFFFFFFFFFFFF19
:10976000FFFFFFFFFFFFFFFFFFFFFFFFFFFFFFFF09
:10977000FFFFFFFFFFFFFFFFFFFFFFFFFFFFFFFFF9
:10978000FFFFFFFFFFFFFFFFFFFFFFFFFFFFFFFFE9
:10979000FFFFFFFFFFFFFFFFFFFFFFFFFFFFFFFFD9
:1097A000FFFFFFFFFFFFFFFFFFFFFFFFFFFFFFFFC9
:1097B000FFFFFFFFFFFFFFFFFFFFFFFFFFFFFFFFB9
:1097C000FFFFFFFFFFFFFFFFFFFFFFFFFFFFFFFFA9
:1097D000FFFFFFFFFFFFFFFFFFFFFFFFFFFFFFFF99
:1097E000FFFFFFFFFFFFFFFFFFFFFFFFFFFFFFFF89
:1097F000FFFFFFFFFFFFFFFFFFFFFFFFFFFFFFFF79
:10980000FFFFFFFFFFFFFFFFFFFFFFFFFFFFFFFF68
:10981000FFFFFFFFFFFFFFFFFFFFFFFFFFFFFFFF58
:10982000FFFFFFFFFFFFFFFFFFFFFFFFFFFFFFFF48
:10983000FFFFFFFFFFFFFFFFFFFFFFFFFFFFFFFF38
:10984000FFFFFFFFFFFFFFFFFFFFFFFFFFFFFFFF28
:10985000FFFFFFFFFFFFFFFFFFFFFFFFFFFFFFFF18
:10986000FFFFFFFFFFFFFFFFFFFFFFFFFFFFFFFF08
:10987000FFFFFFFFFFFFFFFFFFFFFFFFFFFFFFFFF8
:10988000FFFFFFFFFFFFFFFFFFFFFFFFFFFFFFFFE8
:10989000FFFFFFFFFFFFFFFFFFFFFFFFFFFFFFFFD8
:1098A000FFFFFFFFFFFFFFFFFFFFFFFFFFFFFFFFC8
:1098B000FFFFFFFFFFFFFFFFFFFFFFFFFFFFFFFFB8
:1098C000FFFFFFFFFFFFFFFFFFFFFFFFFFFFFFFFA8
:1098D000FFFFFFFFFFFFFFFFFFFFFFFFFFFFFFFF98
:1098E000FFFFFFFFFFFFFFFFFFFFFFFFFFFFFFFF88
:1098F000FFFFFFFFFFFFFFFFFFFFFFFFFFFFFFFF78
:10990000FFFFFFFFFFFFFFFFFFFFFFFFFFFFFFFF67
:10991000FFFFFFFFFFFFFFFFFFFFFFFFFFFFFFFF57
:10992000FFFFFFFFFFFFFFFFFFFFFFFFFFFFFFFF47
:10993000FFFFFFFFFFFFFFFFFFFFFFFFFFFFFFFF37
:10994000FFFFFFFFFFFFFFFFFFFFFFFFFFFFFFFF27
:10995000FFFFFFFFFFFFFFFFFFFFFFFFFFFFFFFF17
:10996000FFFFFFFFFFFFFFFFFFFFFFFFFFFFFFFF07
:10997000FFFFFFFFFFFFFFFFFFFFFFFFFFFFFFFFF7
:10998000FFFFFFFFFFFFFFFFFFFFFFFFFFFFFFFFE7
:10999000FFFFFFFFFFFFFFFFFFFFFFFFFFFFFFFFD7
:1099A000FFFFFFFFFFFFFFFFFFFFFFFFFFFFFFFFC7
:1099B000FFFFFFFFFFFFFFFFFFFFFFFFFFFFFFFFB7
:1099C000FFFFFFFFFFFFFFFFFFFFFFFFFFFFFFFFA7
:1099D000FFFFFFFFFFFFFFFFFFFFFFFFFFFFFFFF97
:1099E000FFFFFFFFFFFFFFFFFFFFFFFFFFFFFFFF87
:1099F000FFFFFFFFFFFFFFFFFFFFFFFFFFFFFFFF77
:109A0000FFFFFFFFFFFFFFFFFFFFFFFFFFFFFFFF66
:109A1000FFFFFFFFFFFFFFFFFFFFFFFFFFFFFFFF56
:109A2000FFFFFFFFFFFFFFFFFFFFFFFFFFFFFFFF46
:109A3000FFFFFFFFFFFFFFFFFFFFFFFFFFFFFFFF36
:109A4000FFFFFFFFFFFFFFFFFFFFFFFFFFFFFFFF26
:109A5000FFFFFFFFFFFFFFFFFFFFFFFFFFFFFFFF16
:109A6000FFFFFFFFFFFFFFFFFFFFFFFFFFFFFFFF06
:109A7000FFFFFFFFFFFFFFFFFFFFFFFFFFFFFFFFF6
:109A8000FFFFFFFFFFFFFFFFFFFFFFFFFFFFFFFFE6
:109A9000FFFFFFFFFFFFFFFFFFFFFFFFFFFFFFFFD6
:109AA000FFFFFFFFFFFFFFFFFFFFFFFFFFFFFFFFC6
:109AB000FFFFFFFFFFFFFFFFFFFFFFFFFFFFFFFFB6
:109AC000FFFFFFFFFFFFFFFFFFFFFFFFFFFFFFFFA6
:109AD000FFFFFFFFFFFFFFFFFFFFFFFFFFFFFFFF96
:109AE000FFFFFFFFFFFFFFFFFFFFFFFFFFFFFFFF86
:109AF000FFFFFFFFFFFFFFFFFFFFFFFFFFFFFFFF76
:109B0000FFFFFFFFFFFFFFFFFFFFFFFFFFFFFFFF65
:109B1000FFFFFFFFFFFFFFFFFFFFFFFFFFFFFFFF55
:109B2000FFFFFFFFFFFFFFFFFFFFFFFFFFFFFFFF45
:109B3000FFFFFFFFFFFFFFFFFFFFFFFFFFFFFFFF35
:109B4000FFFFFFFFFFFFFFFFFFFFFFFFFFFFFFFF25
:109B5000FFFFFFFFFFFFFFFFFFFFFFFFFFFFFFFF15
:109B6000FFFFFFFFFFFFFFFFFFFFFFFFFFFFFFFF05
:109B7000FFFFFFFFFFFFFFFFFFFFFFFFFFFFFFFFF5
:109B8000FFFFFFFFFFFFFFFFFFFFFFFFFFFFFFFFE5
:109B9000FFFFFFFFFFFFFFFFFFFFFFFFFFFFFFFFD5
:109BA000FFFFFFFFFFFFFFFFFFFFFFFFFFFFFFFFC5
:109BB000FFFFFFFFFFFFFFFFFFFFFFFFFFFFFFFFB5
:109BC000FFFFFFFFFFFFFFFFFFFFFFFFFFFFFFFFA5
:109BD000FFFFFFFFFFFFFFFFFFFFFFFFFFFFFFFF95
:109BE000FFFFFFFFFFFFFFFFFFFFFFFFFFFFFFFF85
:109BF000FFFFFFFFFFFFFFFFFFFFFFFFFFFFFFFF75
:109C0000FFFFFFFFFFFFFFFFFFFFFFFFFFFFFFFF64
:109C1000FFFFFFFFFFFFFFFFFFFFFFFFFFFFFFFF54
:109C2000FFFFFFFFFFFFFFFFFFFFFFFFFFFFFFFF44
:109C3000FFFFFFFFFFFFFFFFFFFFFFFFFFFFFFFF34
:109C4000FFFFFFFFFFFFFFFFFFFFFFFFFFFFFFFF24
:109C5000FFFFFFFFFFFFFFFFFFFFFFFFFFFFFFFF14
:109C6000FFFFFFFFFFFFFFFFFFFFFFFFFFFFFFFF04
:109C7000FFFFFFFFFFFFFFFFFFFFFFFFFFFFFFFFF4
:109C8000FFFFFFFFFFFFFFFFFFFFFFFFFFFFFFFFE4
:109C9000FFFFFFFFFFFFFFFFFFFFFFFFFFFFFFFFD4
:109CA000FFFFFFFFFFFFFFFFFFFFFFFFFFFFFFFFC4
:109CB000FFFFFFFFFFFFFFFFFFFFFFFFFFFFFFFFB4
:109CC000FFFFFFFFFFFFFFFFFFFFFFFFFFFFFFFFA4
:109CD000FFFFFFFFFFFFFFFFFFFFFFFFFFFFFFFF94
:109CE000FFFFFFFFFFFFFFFFFFFFFFFFFFFFFFFF84
:109CF000FFFFFFFFFFFFFFFFFFFFFFFFFFFFFFFF74
:109D0000FFFFFFFFFFFFFFFFFFFFFFFFFFFFFFFF63
:109D1000FFFFFFFFFFFFFFFFFFFFFFFFFFFFFFFF53
:109D2000FFFFFFFFFFFFFFFFFFFFFFFFFFFFFFFF43
:109D3000FFFFFFFFFFFFFFFFFFFFFFFFFFFFFFFF33
:109D4000FFFFFFFFFFFFFFFFFFFFFFFFFFFFFFFF23
:109D5000FFFFFFFFFFFFFFFFFFFFFFFFFFFFFFFF13
:109D6000FFFFFFFFFFFFFFFFFFFFFFFFFFFFFFFF03
:109D7000FFFFFFFFFFFFFFFFFFFFFFFFFFFFFFFFF3
:109D8000FFFFFFFFFFFFFFFFFFFFFFFFFFFFFFFFE3
:109D9000FFFFFFFFFFFFFFFFFFFFFFFFFFFFFFFFD3
:109DA000FFFFFFFFFFFFFFFFFFFFFFFFFFFFFFFFC3
:109DB000FFFFFFFFFFFFFFFFFFFFFFFFFFFFFFFFB3
:109DC000FFFFFFFFFFFFFFFFFFFFFFFFFFFFFFFFA3
:109DD000FFFFFFFFFFFFFFFFFFFFFFFFFFFFFFFF93
:109DE000FFFFFFFFFFFFFFFFFFFFFFFFFFFFFFFF83
:109DF000FFFFFFFFFFFFFFFFFFFFFFFFFFFFFFFF73
:109E0000FFFFFFFFFFFFFFFFFFFFFFFFFFFFFFFF62
:109E1000FFFFFFFFFFFFFFFFFFFFFFFFFFFFFFFF52
:109E2000FFFFFFFFFFFFFFFFFFFFFFFFFFFFFFFF42
:109E3000FFFFFFFFFFFFFFFFFFFFFFFFFFFFFFFF32
:109E4000FFFFFFFFFFFFFFFFFFFFFFFFFFFFFFFF22
:109E5000FFFFFFFFFFFFFFFFFFFFFFFFFFFFFFFF12
:109E6000FFFFFFFFFFFFFFFFFFFFFFFFFFFFFFFF02
:109E7000FFFFFFFFFFFFFFFFFFFFFFFFFFFFFFFFF2
:109E8000FFFFFFFFFFFFFFFFFFFFFFFFFFFFFFFFE2
:109E9000FFFFFFFFFFFFFFFFFFFFFFFFFFFFFFFFD2
:109EA000FFFFFFFFFFFFFFFFFFFFFFFFFFFFFFFFC2
:109EB000FFFFFFFFFFFFFFFFFFFFFFFFFFFFFFFFB2
:109EC000FFFFFFFFFFFFFFFFFFFFFFFFFFFFFFFFA2
:109ED000FFFFFFFFFFFFFFFFFFFFFFFFFFFFFFFF92
:109EE000FFFFFFFFFFFFFFFFFFFFFFFFFFFFFFFF82
:109EF000FFFFFFFFFFFFFFFFFFFFFFFFFFFFFFFF72
:109F0000FFFFFFFFFFFFFFFFFFFFFFFFFFFFFFFF61
:109F1000FFFFFFFFFFFFFFFFFFFFFFFFFFFFFFFF51
:109F2000FFFFFFFFFFFFFFFFFFFFFFFFFFFFFFFF41
:109F3000FFFFFFFFFFFFFFFFFFFFFFFFFFFFFFFF31
:109F4000FFFFFFFFFFFFFFFFFFFFFFFFFFFFFFFF21
:109F5000FFFFFFFFFFFFFFFFFFFFFFFFFFFFFFFF11
:109F6000FFFFFFFFFFFFFFFFFFFFFFFFFFFFFFFF01
:109F7000FFFFFFFFFFFFFFFFFFFFFFFFFFFFFFFFF1
:109F8000FFFFFFFFFFFFFFFFFFFFFFFFFFFFFFFFE1
:109F9000FFFFFFFFFFFFFFFFFFFFFFFFFFFFFFFFD1
:109FA000FFFFFFFFFFFFFFFFFFFFFFFFFFFFFFFFC1
:109FB000FFFFFFFFFFFFFFFFFFFFFFFFFFFFFFFFB1
:109FC000FFFFFFFFFFFFFFFFFFFFFFFFFFFFFFFFA1
:109FD000FFFFFFFFFFFFFFFFFFFFFFFFFFFFFFFF91
:109FE000FFFFFFFFFFFFFFFFFFFFFFFFFFFFFFFF81
:109FF000FFFFFFFFFFFFFFFFFFFFFFFFFFFFFFFF71
:10A00000FFFFFFFFFFFFFFFFFFFFFFFFFFFFFFFF60
:10A01000FFFFFFFFFFFFFFFFFFFFFFFFFFFFFFFF50
:10A02000FFFFFFFFFFFFFFFFFFFFFFFFFFFFFFFF40
:10A03000FFFFFFFFFFFFFFFFFFFFFFFFFFFFFFFF30
:10A04000FFFFFFFFFFFFFFFFFFFFFFFFFFFFFFFF20
:10A05000FFFFFFFFFFFFFFFFFFFFFFFFFFFFFFFF10
:10A06000FFFFFFFFFFFFFFFFFFFFFFFFFFFFFFFF00
:10A07000FFFFFFFFFFFFFFFFFFFFFFFFFFFFFFFFF0
:10A08000FFFFFFFFFFFFFFFFFFFFFFFFFFFFFFFFE0
:10A09000FFFFFFFFFFFFFFFFFFFFFFFFFFFFFFFFD0
:10A0A000FFFFFFFFFFFFFFFFFFFFFFFFFFFFFFFFC0
:10A0B000FFFFFFFFFFFFFFFFFFFFFFFFFFFFFFFFB0
:10A0C000FFFFFFFFFFFFFFFFFFFFFFFFFFFFFFFFA0
:10A0D000FFFFFFFFFFFFFFFFFFFFFFFFFFFFFFFF90
:10A0E000FFFFFFFFFFFFFFFFFFFFFFFFFFFFFFFF80
:10A0F000FFFFFFFFFFFFFFFFFFFFFFFFFFFFFFFF70
:10A10000FFFFFFFFFFFFFFFFFFFFFFFFFFFFFFFF5F
:10A11000FFFFFFFFFFFFFFFFFFFFFFFFFFFFFFFF4F
:10A12000FFFFFFFFFFFFFFFFFFFFFFFFFFFFFFFF3F
:10A13000FFFFFFFFFFFFFFFFFFFFFFFFFFFFFFFF2F
:10A14000FFFFFFFFFFFFFFFFFFFFFFFFFFFFFFFF1F
:10A15000FFFFFFFFFFFFFFFFFFFFFFFFFFFFFFFF0F
:10A16000FFFFFFFFFFFFFFFFFFFFFFFFFFFFFFFFFF
:10A17000FFFFFFFFFFFFFFFFFFFFFFFFFFFFFFFFEF
:10A18000FFFFFFFFFFFFFFFFFFFFFFFFFFFFFFFFDF
:10A19000FFFFFFFFFFFFFFFFFFFFFFFFFFFFFFFFCF
:10A1A000FFFFFFFFFFFFFFFFFFFFFFFFFFFFFFFFBF
:10A1B000FFFFFFFFFFFFFFFFFFFFFFFFFFFFFFFFAF
:10A1C000FFFFFFFFFFFFFFFFFFFFFFFFFFFFFFFF9F
:10A1D000FFFFFFFFFFFFFFFFFFFFFFFFFFFFFFFF8F
:10A1E000FFFFFFFFFFFFFFFFFFFFFFFFFFFFFFFF7F
:10A1F000FFFFFFFFFFFFFFFFFFFFFFFFFFFFFFFF6F
:10A20000FFFFFFFFFFFFFFFFFFFFFFFFFFFFFFFF5E
:10A21000FFFFFFFFFFFFFFFFFFFFFFFFFFFFFFFF4E
:10A22000FFFFFFFFFFFFFFFFFFFFFFFFFFFFFFFF3E
:10A23000FFFFFFFFFFFFFFFFFFFFFFFFFFFFFFFF2E
:10A24000FFFFFFFFFFFFFFFFFFFFFFFFFFFFFFFF1E
:10A25000FFFFFFFFFFFFFFFFFFFFFFFFFFFFFFFF0E
:10A26000FFFFFFFFFFFFFFFFFFFFFFFFFFFFFFFFFE
:10A27000FFFFFFFFFFFFFFFFFFFFFFFFFFFFFFFFEE
:10A28000FFFFFFFFFFFFFFFFFFFFFFFFFFFFFFFFDE
:10A29000FFFFFFFFFFFFFFFFFFFFFFFFFFFFFFFFCE
:10A2A000FFFFFFFFFFFFFFFFFFFFFFFFFFFFFFFFBE
:10A2B000FFFFFFFFFFFFFFFFFFFFFFFFFFFFFFFFAE
:10A2C000FFFFFFFFFFFFFFFFFFFFFFFFFFFFFFFF9E
:10A2D000FFFFFFFFFFFFFFFFFFFFFFFFFFFFFFFF8E
:10A2E000FFFFFFFFFFFFFFFFFFFFFFFFFFFFFFFF7E
:10A2F000FFFFFFFFFFFFFFFFFFFFFFFFFFFFFFFF6E
:10A30000FFFFFFFFFFFFFFFFFFFFFFFFFFFFFFFF5D
:10A31000FFFFFFFFFFFFFFFFFFFFFFFFFFFFFFFF4D
:10A32000FFFFFFFFFFFFFFFFFFFFFFFFFFFFFFFF3D
:10A33000FFFFFFFFFFFFFFFFFFFFFFFFFFFFFFFF2D
:10A34000FFFFFFFFFFFFFFFFFFFFFFFFFFFFFFFF1D
:10A35000FFFFFFFFFFFFFFFFFFFFFFFFFFFFFFFF0D
:10A36000FFFFFFFFFFFFFFFFFFFFFFFFFFFFFFFFFD
:10A37000FFFFFFFFFFFFFFFFFFFFFFFFFFFFFFFFED
:10A38000FFFFFFFFFFFFFFFFFFFFFFFFFFFFFFFFDD
:10A39000FFFFFFFFFFFFFFFFFFFFFFFFFFFFFFFFCD
:10A3A000FFFFFFFFFFFFFFFFFFFFFFFFFFFFFFFFBD
:10A3B000FFFFFFFFFFFFFFFFFFFFFFFFFFFFFFFFAD
:10A3C000FFFFFFFFFFFFFFFFFFFFFFFFFFFFFFFF9D
:10A3D000FFFFFFFFFFFFFFFFFFFFFFFFFFFFFFFF8D
:10A3E000FFFFFFFFFFFFFFFFFFFFFFFFFFFFFFFF7D
:10A3F000FFFFFFFFFFFFFFFFFFFFFFFFFFFFFFFF6D
:10A40000FFFFFFFFFFFFFFFFFFFFFFFFFFFFFFFF5C
:10A41000FFFFFFFFFFFFFFFFFFFFFFFFFFFFFFFF4C
:10A42000FFFFFFFFFFFFFFFFFFFFFFFFFFFFFFFF3C
:10A43000FFFFFFFFFFFFFFFFFFFFFFFFFFFFFFFF2C
:10A44000FFFFFFFFFFFFFFFFFFFFFFFFFFFFFFFF1C
:10A45000FFFFFFFFFFFFFFFFFFFFFFFFFFFFFFFF0C
:10A46000FFFFFFFFFFFFFFFFFFFFFFFFFFFFFFFFFC
:10A47000FFFFFFFFFFFFFFFFFFFFFFFFFFFFFFFFEC
:10A48000FFFFFFFFFFFFFFFFFFFFFFFFFFFFFFFFDC
:10A49000FFFFFFFFFFFFFFFFFFFFFFFFFFFFFFFFCC
:10A4A000FFFFFFFFFFFFFFFFFFFFFFFFFFFFFFFFBC
:10A4B000FFFFFFFFFFFFFFFFFFFFFFFFFFFFFFFFAC
:10A4C000FFFFFFFFFFFFFFFFFFFFFFFFFFFFFFFF9C
:10A4D000FFFFFFFFFFFFFFFFFFFFFFFFFFFFFFFF8C
:10A4E000FFFFFFFFFFFFFFFFFFFFFFFFFFFFFFFF7C
:10A4F000FFFFFFFFFFFFFFFFFFFFFFFFFFFFFFFF6C
:10A50000FFFFFFFFFFFFFFFFFFFFFFFFFFFFFFFF5B
:10A51000FFFFFFFFFFFFFFFFFFFFFFFFFFFFFFFF4B
:10A52000FFFFFFFFFFFFFFFFFFFFFFFFFFFFFFFF3B
:10A53000FFFFFFFFFFFFFFFFFFFFFFFFFFFFFFFF2B
:10A54000FFFFFFFFFFFFFFFFFFFFFFFFFFFFFFFF1B
:10A55000FFFFFFFFFFFFFFFFFFFFFFFFFFFFFFFF0B
:10A56000FFFFFFFFFFFFFFFFFFFFFFFFFFFFFFFFFB
:10A57000FFFFFFFFFFFFFFFFFFFFFFFFFFFFFFFFEB
:10A58000FFFFFFFFFFFFFFFFFFFFFFFFFFFFFFFFDB
:10A59000FFFFFFFFFFFFFFFFFFFFFFFFFFFFFFFFCB
:10A5A000FFFFFFFFFFFFFFFFFFFFFFFFFFFFFFFFBB
:10A5B000FFFFFFFFFFFFFFFFFFFFFFFFFFFFFFFFAB
:10A5C000FFFFFFFFFFFFFFFFFFFFFFFFFFFFFFFF9B
:10A5D000FFFFFFFFFFFFFFFFFFFFFFFFFFFFFFFF8B
:10A5E000FFFFFFFFFFFFFFFFFFFFFFFFFFFFFFFF7B
:10A5F000FFFFFFFFFFFFFFFFFFFFFFFFFFFFFFFF6B
:10A60000FFFFFFFFFFFFFFFFFFFFFFFFFFFFFFFF5A
:10A61000FFFFFFFFFFFFFFFFFFFFFFFFFFFFFFFF4A
:10A62000FFFFFFFFFFFFFFFFFFFFFFFFFFFFFFFF3A
:10A63000FFFFFFFFFFFFFFFFFFFFFFFFFFFFFFFF2A
:10A64000FFFFFFFFFFFFFFFFFFFFFFFFFFFFFFFF1A
:10A65000FFFFFFFFFFFFFFFFFFFFFFFFFFFFFFFF0A
:10A66000FFFFFFFFFFFFFFFFFFFFFFFFFFFFFFFFFA
:10A67000FFFFFFFFFFFFFFFFFFFFFFFFFFFFFFFFEA
:10A68000FFFFFFFFFFFFFFFFFFFFFFFFFFFFFFFFDA
:10A69000FFFFFFFFFFFFFFFFFFFFFFFFFFFFFFFFCA
:10A6A000FFFFFFFFFFFFFFFFFFFFFFFFFFFFFFFFBA
:10A6B000FFFFFFFFFFFFFFFFFFFFFFFFFFFFFFFFAA
:10A6C000FFFFFFFFFFFFFFFFFFFFFFFFFFFFFFFF9A
:10A6D000FFFFFFFFFFFFFFFFFFFFFFFFFFFFFFFF8A
:10A6E000FFFFFFFFFFFFFFFFFFFFFFFFFFFFFFFF7A
:10A6F000FFFFFFFFFFFFFFFFFFFFFFFFFFFFFFFF6A
:10A70000FFFFFFFFFFFFFFFFFFFFFFFFFFFFFFFF59
:10A71000FFFFFFFFFFFFFFFFFFFFFFFFFFFFFFFF49
:10A72000FFFFFFFFFFFFFFFFFFFFFFFFFFFFFFFF39
:10A73000FFFFFFFFFFFFFFFFFFFFFFFFFFFFFFFF29
:10A74000FFFFFFFFFFFFFFFFFFFFFFFFFFFFFFFF19
:10A75000FFFFFFFFFFFFFFFFFFFFFFFFFFFFFFFF09
:10A76000FFFFFFFFFFFFFFFFFFFFFFFFFFFFFFFFF9
:10A77000FFFFFFFFFFFFFFFFFFFFFFFFFFFFFFFFE9
:10A78000FFFFFFFFFFFFFFFFFFFFFFFFFFFFFFFFD9
:10A79000FFFFFFFFFFFFFFFFFFFFFFFFFFFFFFFFC9
:10A7A000FFFFFFFFFFFFFFFFFFFFFFFFFFFFFFFFB9
:10A7B000FFFFFFFFFFFFFFFFFFFFFFFFFFFFFFFFA9
:10A7C000FFFFFFFFFFFFFFFFFFFFFFFFFFFFFFFF99
:10A7D000FFFFFFFFFFFFFFFFFFFFFFFFFFFFFFFF89
:10A7E000FFFFFFFFFFFFFFFFFFFFFFFFFFFFFFFF79
:10A7F000FFFFFFFFFFFFFFFFFFFFFFFFFFFFFFFF69
:10A80000FFFFFFFFFFFFFFFFFFFFFFFFFFFFFFFF58
:10A81000FFFFFFFFFFFFFFFFFFFFFFFFFFFFFFFF48
:10A82000FFFFFFFFFFFFFFFFFFFFFFFFFFFFFFFF38
:10A83000FFFFFFFFFFFFFFFFFFFFFFFFFFFFFFFF28
:10A84000FFFFFFFFFFFFFFFFFFFFFFFFFFFFFFFF18
:10A85000FFFFFFFFFFFFFFFFFFFFFFFFFFFFFFFF08
:10A86000FFFFFFFFFFFFFFFFFFFFFFFFFFFFFFFFF8
:10A87000FFFFFFFFFFFFFFFFFFFFFFFFFFFFFFFFE8
:10A88000FFFFFFFFFFFFFFFFFFFFFFFFFFFFFFFFD8
:10A89000FFFFFFFFFFFFFFFFFFFFFFFFFFFFFFFFC8
:10A8A000FFFFFFFFFFFFFFFFFFFFFFFFFFFFFFFFB8
:10A8B000FFFFFFFFFFFFFFFFFFFFFFFFFFFFFFFFA8
:10A8C000FFFFFFFFFFFFFFFFFFFFFFFFFFFFFFFF98
:10A8D000FFFFFFFFFFFFFFFFFFFFFFFFFFFFFFFF88
:10A8E000FFFFFFFFFFFFFFFFFFFFFFFFFFFFFFFF78
:10A8F000FFFFFFFFFFFFFFFFFFFFFFFFFFFFFFFF68
:10A90000FFFFFFFFFFFFFFFFFFFFFFFFFFFFFFFF57
:10A91000FFFFFFFFFFFFFFFFFFFFFFFFFFFFFFFF47
:10A92000FFFFFFFFFFFFFFFFFFFFFFFFFFFFFFFF37
:10A93000FFFFFFFFFFFFFFFFFFFFFFFFFFFFFFFF27
:10A94000FFFFFFFFFFFFFFFFFFFFFFFFFFFFFFFF17
:10A95000FFFFFFFFFFFFFFFFFFFFFFFFFFFFFFFF07
:10A96000FFFFFFFFFFFFFFFFFFFFFFFFFFFFFFFFF7
:10A97000FFFFFFFFFFFFFFFFFFFFFFFFFFFFFFFFE7
:10A98000FFFFFFFFFFFFFFFFFFFFFFFFFFFFFFFFD7
:10A99000FFFFFFFFFFFFFFFFFFFFFFFFFFFFFFFFC7
:10A9A000FFFFFFFFFFFFFFFFFFFFFFFFFFFFFFFFB7
:10A9B000FFFFFFFFFFFFFFFFFFFFFFFFFFFFFFFFA7
:10A9C000FFFFFFFFFFFFFFFFFFFFFFFFFFFFFFFF97
:10A9D000FFFFFFFFFFFFFFFFFFFFFFFFFFFFFFFF87
:10A9E000FFFFFFFFFFFFFFFFFFFFFFFFFFFFFFFF77
:10A9F000FFFFFFFFFFFFFFFFFFFFFFFFFFFFFFFF67
:10AA0000FFFFFFFFFFFFFFFFFFFFFFFFFFFFFFFF56
:10AA1000FFFFFFFFFFFFFFFFFFFFFFFFFFFFFFFF46
:10AA2000FFFFFFFFFFFFFFFFFFFFFFFFFFFFFFFF36
:10AA3000FFFFFFFFFFFFFFFFFFFFFFFFFFFFFFFF26
:10AA4000FFFFFFFFFFFFFFFFFFFFFFFFFFFFFFFF16
:10AA5000FFFFFFFFFFFFFFFFFFFFFFFFFFFFFFFF06
:10AA6000FFFFFFFFFFFFFFFFFFFFFFFFFFFFFFFFF6
:10AA7000FFFFFFFFFFFFFFFFFFFFFFFFFFFFFFFFE6
:10AA8000FFFFFFFFFFFFFFFFFFFFFFFFFFFFFFFFD6
:10AA9000FFFFFFFFFFFFFFFFFFFFFFFFFFFFFFFFC6
:10AAA000FFFFFFFFFFFFFFFFFFFFFFFFFFFFFFFFB6
:10AAB000FFFFFFFFFFFFFFFFFFFFFFFFFFFFFFFFA6
:10AAC000FFFFFFFFFFFFFFFFFFFFFFFFFFFFFFFF96
:10AAD000FFFFFFFFFFFFFFFFFFFFFFFFFFFFFFFF86
:10AAE000FFFFFFFFFFFFFFFFFFFFFFFFFFFFFFFF76
:10AAF000FFFFFFFFFFFFFFFFFFFFFFFFFFFFFFFF66
:10AB0000FFFFFFFFFFFFFFFFFFFFFFFFFFFFFFFF55
:10AB1000FFFFFFFFFFFFFFFFFFFFFFFFFFFFFFFF45
:10AB2000FFFFFFFFFFFFFFFFFFFFFFFFFFFFFFFF35
:10AB3000FFFFFFFFFFFFFFFFFFFFFFFFFFFFFFFF25
:10AB4000FFFFFFFFFFFFFFFFFFFFFFFFFFFFFFFF15
:10AB5000FFFFFFFFFFFFFFFFFFFFFFFFFFFFFFFF05
:10AB6000FFFFFFFFFFFFFFFFFFFFFFFFFFFFFFFFF5
:10AB7000FFFFFFFFFFFFFFFFFFFFFFFFFFFFFFFFE5
:10AB8000FFFFFFFFFFFFFFFFFFFFFFFFFFFFFFFFD5
:10AB9000FFFFFFFFFFFFFFFFFFFFFFFFFFFFFFFFC5
:10ABA000FFFFFFFFFFFFFFFFFFFFFFFFFFFFFFFFB5
:10ABB000FFFFFFFFFFFFFFFFFFFFFFFFFFFFFFFFA5
:10ABC000FFFFFFFFFFFFFFFFFFFFFFFFFFFFFFFF95
:10ABD000FFFFFFFFFFFFFFFFFFFFFFFFFFFFFFFF85
:10ABE000FFFFFFFFFFFFFFFFFFFFFFFFFFFFFFFF75
:10ABF000FFFFFFFFFFFFFFFFFFFFFFFFFFFFFFFF65
:10AC0000FFFFFFFFFFFFFFFFFFFFFFFFFFFFFFFF54
:10AC1000FFFFFFFFFFFFFFFFFFFFFFFFFFFFFFFF44
:10AC2000FFFFFFFFFFFFFFFFFFFFFFFFFFFFFFFF34
:10AC3000FFFFFFFFFFFFFFFFFFFFFFFFFFFFFFFF24
:10AC4000FFFFFFFFFFFFFFFFFFFFFFFFFFFFFFFF14
:10AC5000FFFFFFFFFFFFFFFFFFFFFFFFFFFFFFFF04
:10AC6000FFFFFFFFFFFFFFFFFFFFFFFFFFFFFFFFF4
:10AC7000FFFFFFFFFFFFFFFFFFFFFFFFFFFFFFFFE4
:10AC8000FFFFFFFFFFFFFFFFFFFFFFFFFFFFFFFFD4
:10AC9000FFFFFFFFFFFFFFFFFFFFFFFFFFFFFFFFC4
:10ACA000FFFFFFFFFFFFFFFFFFFFFFFFFFFFFFFFB4
:10ACB000FFFFFFFFFFFFFFFFFFFFFFFFFFFFFFFFA4
:10ACC000FFFFFFFFFFFFFFFFFFFFFFFFFFFFFFFF94
:10ACD000FFFFFFFFFFFFFFFFFFFFFFFFFFFFFFFF84
:10ACE000FFFFFFFFFFFFFFFFFFFFFFFFFFFFFFFF74
:10ACF000FFFFFFFFFFFFFFFFFFFFFFFFFFFFFFFF64
:10AD0000FFFFFFFFFFFFFFFFFFFFFFFFFFFFFFFF53
:10AD1000FFFFFFFFFFFFFFFFFFFFFFFFFFFFFFFF43
:10AD2000FFFFFFFFFFFFFFFFFFFFFFFFFFFFFFFF33
:10AD3000FFFFFFFFFFFFFFFFFFFFFFFFFFFFFFFF23
:10AD4000FFFFFFFFFFFFFFFFFFFFFFFFFFFFFFFF13
:10AD5000FFFFFFFFFFFFFFFFFFFFFFFFFFFFFFFF03
:10AD6000FFFFFFFFFFFFFFFFFFFFFFFFFFFFFFFFF3
:10AD7000FFFFFFFFFFFFFFFFFFFFFFFFFFFFFFFFE3
:10AD8000FFFFFFFFFFFFFFFFFFFFFFFFFFFFFFFFD3
:10AD9000FFFFFFFFFFFFFFFFFFFFFFFFFFFFFFFFC3
:10ADA000FFFFFFFFFFFFFFFFFFFFFFFFFFFFFFFFB3
:10ADB000FFFFFFFFFFFFFFFFFFFFFFFFFFFFFFFFA3
:10ADC000FFFFFFFFFFFFFFFFFFFFFFFFFFFFFFFF93
:10ADD000FFFFFFFFFFFFFFFFFFFFFFFFFFFFFFFF83
:10ADE000FFFFFFFFFFFFFFFFFFFFFFFFFFFFFFFF73
:10ADF000FFFFFFFFFFFFFFFFFFFFFFFFFFFFFFFF63
:10AE0000FFFFFFFFFFFFFFFFFFFFFFFFFFFFFFFF52
:10AE1000FFFFFFFFFFFFFFFFFFFFFFFFFFFFFFFF42
:10AE2000FFFFFFFFFFFFFFFFFFFFFFFFFFFFFFFF32
:10AE3000FFFFFFFFFFFFFFFFFFFFFFFFFFFFFFFF22
:10AE4000FFFFFFFFFFFFFFFFFFFFFFFFFFFFFFFF12
:10AE5000FFFFFFFFFFFFFFFFFFFFFFFFFFFFFFFF02
:10AE6000FFFFFFFFFFFFFFFFFFFFFFFFFFFFFFFFF2
:10AE7000FFFFFFFFFFFFFFFFFFFFFFFFFFFFFFFFE2
:10AE8000FFFFFFFFFFFFFFFFFFFFFFFFFFFFFFFFD2
:10AE9000FFFFFFFFFFFFFFFFFFFFFFFFFFFFFFFFC2
:10AEA000FFFFFFFFFFFFFFFFFFFFFFFFFFFFFFFFB2
:10AEB000FFFFFFFFFFFFFFFFFFFFFFFFFFFFFFFFA2
:10AEC000FFFFFFFFFFFFFFFFFFFFFFFFFFFFFFFF92
:10AED000FFFFFFFFFFFFFFFFFFFFFFFFFFFFFFFF82
:10AEE000FFFFFFFFFFFFFFFFFFFFFFFFFFFFFFFF72
:10AEF000FFFFFFFFFFFFFFFFFFFFFFFFFFFFFFFF62
:10AF0000FFFFFFFFFFFFFFFFFFFFFFFFFFFFFFFF51
:10AF1000FFFFFFFFFFFFFFFFFFFFFFFFFFFFFFFF41
:10AF2000FFFFFFFFFFFFFFFFFFFFFFFFFFFFFFFF31
:10AF3000FFFFFFFFFFFFFFFFFFFFFFFFFFFFFFFF21
:10AF4000FFFFFFFFFFFFFFFFFFFFFFFFFFFFFFFF11
:10AF5000FFFFFFFFFFFFFFFFFFFFFFFFFFFFFFFF01
:10AF6000FFFFFFFFFFFFFFFFFFFFFFFFFFFFFFFFF1
:10AF7000FFFFFFFFFFFFFFFFFFFFFFFFFFFFFFFFE1
:10AF8000FFFFFFFFFFFFFFFFFFFFFFFFFFFFFFFFD1
:10AF9000FFFFFFFFFFFFFFFFFFFFFFFFFFFFFFFFC1
:10AFA000FFFFFFFFFFFFFFFFFFFFFFFFFFFFFFFFB1
:10AFB000FFFFFFFFFFFFFFFFFFFFFFFFFFFFFFFFA1
:10AFC000FFFFFFFFFFFFFFFFFFFFFFFFFFFFFFFF91
:10AFD000FFFFFFFFFFFFFFFFFFFFFFFFFFFFFFFF81
:10AFE000FFFFFFFFFFFFFFFFFFFFFFFFFFFFFFFF71
:10AFF000FFFFFFFFFFFFFFFFFFFFFFFFFFFFFFFF61
:10B00000FFFFFFFFFFFFFFFFFFFFFFFFFFFFFFFF50
:10B01000FFFFFFFFFFFFFFFFFFFFFFFFFFFFFFFF40
:10B02000FFFFFFFFFFFFFFFFFFFFFFFFFFFFFFFF30
:10B03000FFFFFFFFFFFFFFFFFFFFFFFFFFFFFFFF20
:10B04000FFFFFFFFFFFFFFFFFFFFFFFFFFFFFFFF10
:10B05000FFFFFFFFFFFFFFFFFFFFFFFFFFFFFFFF00
:10B06000FFFFFFFFFFFFFFFFFFFFFFFFFFFFFFFFF0
:10B07000FFFFFFFFFFFFFFFFFFFFFFFFFFFFFFFFE0
:10B08000FFFFFFFFFFFFFFFFFFFFFFFFFFFFFFFFD0
:10B09000FFFFFFFFFFFFFFFFFFFFFFFFFFFFFFFFC0
:10B0A000FFFFFFFFFFFFFFFFFFFFFFFFFFFFFFFFB0
:10B0B000FFFFFFFFFFFFFFFFFFFFFFFFFFFFFFFFA0
:10B0C000FFFFFFFFFFFFFFFFFFFFFFFFFFFFFFFF90
:10B0D000FFFFFFFFFFFFFFFFFFFFFFFFFFFFFFFF80
:10B0E000FFFFFFFFFFFFFFFFFFFFFFFFFFFFFFFF70
:10B0F000FFFFFFFFFFFFFFFFFFFFFFFFFFFFFFFF60
:10B10000FFFFFFFFFFFFFFFFFFFFFFFFFFFFFFFF4F
:10B11000FFFFFFFFFFFFFFFFFFFFFFFFFFFFFFFF3F
:10B12000FFFFFFFFFFFFFFFFFFFFFFFFFFFFFFFF2F
:10B13000FFFFFFFFFFFFFFFFFFFFFFFFFFFFFFFF1F
:10B14000FFFFFFFFFFFFFFFFFFFFFFFFFFFFFFFF0F
:10B15000FFFFFFFFFFFFFFFFFFFFFFFFFFFFFFFFFF
:10B16000FFFFFFFFFFFFFFFFFFFFFFFFFFFFFFFFEF
:10B17000FFFFFFFFFFFFFFFFFFFFFFFFFFFFFFFFDF
:10B18000FFFFFFFFFFFFFFFFFFFFFFFFFFFFFFFFCF
:10B19000FFFFFFFFFFFFFFFFFFFFFFFFFFFFFFFFBF
:10B1A000FFFFFFFFFFFFFFFFFFFFFFFFFFFFFFFFAF
:10B1B000FFFFFFFFFFFFFFFFFFFFFFFFFFFFFFFF9F
:10B1C000FFFFFFFFFFFFFFFFFFFFFFFFFFFFFFFF8F
:10B1D000FFFFFFFFFFFFFFFFFFFFFFFFFFFFFFFF7F
:10B1E000FFFFFFFFFFFFFFFFFFFFFFFFFFFFFFFF6F
:10B1F000FFFFFFFFFFFFFFFFFFFFFFFFFFFFFFFF5F
:10B20000FFFFFFFFFFFFFFFFFFFFFFFFFFFFFFFF4E
:10B21000FFFFFFFFFFFFFFFFFFFFFFFFFFFFFFFF3E
:10B22000FFFFFFFFFFFFFFFFFFFFFFFFFFFFFFFF2E
:10B23000FFFFFFFFFFFFFFFFFFFFFFFFFFFFFFFF1E
:10B24000FFFFFFFFFFFFFFFFFFFFFFFFFFFFFFFF0E
:10B25000FFFFFFFFFFFFFFFFFFFFFFFFFFFFFFFFFE
:10B26000FFFFFFFFFFFFFFFFFFFFFFFFFFFFFFFFEE
:10B27000FFFFFFFFFFFFFFFFFFFFFFFFFFFFFFFFDE
:10B28000FFFFFFFFFFFFFFFFFFFFFFFFFFFFFFFFCE
:10B29000FFFFFFFFFFFFFFFFFFFFFFFFFFFFFFFFBE
:10B2A000FFFFFFFFFFFFFFFFFFFFFFFFFFFFFFFFAE
:10B2B000FFFFFFFFFFFFFFFFFFFFFFFFFFFFFFFF9E
:10B2C000FFFFFFFFFFFFFFFFFFFFFFFFFFFFFFFF8E
:10B2D000FFFFFFFFFFFFFFFFFFFFFFFFFFFFFFFF7E
:10B2E000FFFFFFFFFFFFFFFFFFFFFFFFFFFFFFFF6E
:10B2F000FFFFFFFFFFFFFFFFFFFFFFFFFFFFFFFF5E
:10B30000FFFFFFFFFFFFFFFFFFFFFFFFFFFFFFFF4D
:10B31000FFFFFFFFFFFFFFFFFFFFFFFFFFFFFFFF3D
:10B32000FFFFFFFFFFFFFFFFFFFFFFFFFFFFFFFF2D
:10B33000FFFFFFFFFFFFFFFFFFFFFFFFFFFFFFFF1D
:10B34000FFFFFFFFFFFFFFFFFFFFFFFFFFFFFFFF0D
:10B35000FFFFFFFFFFFFFFFFFFFFFFFFFFFFFFFFFD
:10B36000FFFFFFFFFFFFFFFFFFFFFFFFFFFFFFFFED
:10B37000FFFFFFFFFFFFFFFFFFFFFFFFFFFFFFFFDD
:10B38000FFFFFFFFFFFFFFFFFFFFFFFFFFFFFFFFCD
:10B39000FFFFFFFFFFFFFFFFFFFFFFFFFFFFFFFFBD
:10B3A000FFFFFFFFFFFFFFFFFFFFFFFFFFFFFFFFAD
:10B3B000FFFFFFFFFFFFFFFFFFFFFFFFFFFFFFFF9D
:10B3C000FFFFFFFFFFFFFFFFFFFFFFFFFFFFFFFF8D
:10B3D000FFFFFFFFFFFFFFFFFFFFFFFFFFFFFFFF7D
:10B3E000FFFFFFFFFFFFFFFFFFFFFFFFFFFFFFFF6D
:10B3F000FFFFFFFFFFFFFFFFFFFFFFFFFFFFFFFF5D
:10B40000FFFFFFFFFFFFFFFFFFFFFFFFFFFFFFFF4C
:10B41000FFFFFFFFFFFFFFFFFFFFFFFFFFFFFFFF3C
:10B42000FFFFFFFFFFFFFFFFFFFFFFFFFFFFFFFF2C
:10B43000FFFFFFFFFFFFFFFFFFFFFFFFFFFFFFFF1C
:10B44000FFFFFFFFFFFFFFFFFFFFFFFFFFFFFFFF0C
:10B45000FFFFFFFFFFFFFFFFFFFFFFFFFFFFFFFFFC
:10B46000FFFFFFFFFFFFFFFFFFFFFFFFFFFFFFFFEC
:10B47000FFFFFFFFFFFFFFFFFFFFFFFFFFFFFFFFDC
:10B48000FFFFFFFFFFFFFFFFFFFFFFFFFFFFFFFFCC
:10B49000FFFFFFFFFFFFFFFFFFFFFFFFFFFFFFFFBC
:10B4A000FFFFFFFFFFFFFFFFFFFFFFFFFFFFFFFFAC
:10B4B000FFFFFFFFFFFFFFFFFFFFFFFFFFFFFFFF9C
:10B4C000FFFFFFFFFFFFFFFFFFFFFFFFFFFFFFFF8C
:10B4D000FFFFFFFFFFFFFFFFFFFFFFFFFFFFFFFF7C
:10B4E000FFFFFFFFFFFFFFFFFFFFFFFFFFFFFFFF6C
:10B4F000FFFFFFFFFFFFFFFFFFFFFFFFFFFFFFFF5C
:10B50000FFFFFFFFFFFFFFFFFFFFFFFFFFFFFFFF4B
:10B51000FFFFFFFFFFFFFFFFFFFFFFFFFFFFFFFF3B
:10B52000FFFFFFFFFFFFFFFFFFFFFFFFFFFFFFFF2B
:10B53000FFFFFFFFFFFFFFFFFFFFFFFFFFFFFFFF1B
:10B54000FFFFFFFFFFFFFFFFFFFFFFFFFFFFFFFF0B
:10B55000FFFFFFFFFFFFFFFFFFFFFFFFFFFFFFFFFB
:10B56000FFFFFFFFFFFFFFFFFFFFFFFFFFFFFFFFEB
:10B57000FFFFFFFFFFFFFFFFFFFFFFFFFFFFFFFFDB
:10B58000FFFFFFFFFFFFFFFFFFFFFFFFFFFFFFFFCB
:10B59000FFFFFFFFFFFFFFFFFFFFFFFFFFFFFFFFBB
:10B5A000FFFFFFFFFFFFFFFFFFFFFFFFFFFFFFFFAB
:10B5B000FFFFFFFFFFFFFFFFFFFFFFFFFFFFFFFF9B
:10B5C000FFFFFFFFFFFFFFFFFFFFFFFFFFFFFFFF8B
:10B5D000FFFFFFFFFFFFFFFFFFFFFFFFFFFFFFFF7B
:10B5E000FFFFFFFFFFFFFFFFFFFFFFFFFFFFFFFF6B
:10B5F000FFFFFFFFFFFFFFFFFFFFFFFFFFFFFFFF5B
:10B60000FFFFFFFFFFFFFFFFFFFFFFFFFFFFFFFF4A
:10B61000FFFFFFFFFFFFFFFFFFFFFFFFFFFFFFFF3A
:10B62000FFFFFFFFFFFFFFFFFFFFFFFFFFFFFFFF2A
:10B63000FFFFFFFFFFFFFFFFFFFFFFFFFFFFFFFF1A
:10B64000FFFFFFFFFFFFFFFFFFFFFFFFFFFFFFFF0A
:10B65000FFFFFFFFFFFFFFFFFFFFFFFFFFFFFFFFFA
:10B66000FFFFFFFFFFFFFFFFFFFFFFFFFFFFFFFFEA
:10B67000FFFFFFFFFFFFFFFFFFFFFFFFFFFFFFFFDA
:10B68000FFFFFFFFFFFFFFFFFFFFFFFFFFFFFFFFCA
:10B69000FFFFFFFFFFFFFFFFFFFFFFFFFFFFFFFFBA
:10B6A000FFFFFFFFFFFFFFFFFFFFFFFFFFFFFFFFAA
:10B6B000FFFFFFFFFFFFFFFFFFFFFFFFFFFFFFFF9A
:10B6C000FFFFFFFFFFFFFFFFFFFFFFFFFFFFFFFF8A
:10B6D000FFFFFFFFFFFFFFFFFFFFFFFFFFFFFFFF7A
:10B6E000FFFFFFFFFFFFFFFFFFFFFFFFFFFFFFFF6A
:10B6F000FFFFFFFFFFFFFFFFFFFFFFFFFFFFFFFF5A
:10B70000FFFFFFFFFFFFFFFFFFFFFFFFFFFFFFFF49
:10B71000FFFFFFFFFFFFFFFFFFFFFFFFFFFFFFFF39
:10B72000FFFFFFFFFFFFFFFFFFFFFFFFFFFFFFFF29
:10B73000FFFFFFFFFFFFFFFFFFFFFFFFFFFFFFFF19
:10B74000FFFFFFFFFFFFFFFFFFFFFFFFFFFFFFFF09
:10B75000FFFFFFFFFFFFFFFFFFFFFFFFFFFFFFFFF9
:10B76000FFFFFFFFFFFFFFFFFFFFFFFFFFFFFFFFE9
:10B77000FFFFFFFFFFFFFFFFFFFFFFFFFFFFFFFFD9
:10B78000FFFFFFFFFFFFFFFFFFFFFFFFFFFFFFFFC9
:10B79000FFFFFFFFFFFFFFFFFFFFFFFFFFFFFFFFB9
:10B7A000FFFFFFFFFFFFFFFFFFFFFFFFFFFFFFFFA9
:10B7B000FFFFFFFFFFFFFFFFFFFFFFFFFFFFFFFF99
:10B7C000FFFFFFFFFFFFFFFFFFFFFFFFFFFFFFFF89
:10B7D000FFFFFFFFFFFFFFFFFFFFFFFFFFFFFFFF79
:10B7E000FFFFFFFFFFFFFFFFFFFFFFFFFFFFFFFF69
:10B7F000FFFFFFFFFFFFFFFFFFFFFFFFFFFFFFFF59
:10B80000FFFFFFFFFFFFFFFFFFFFFFFFFFFFFFFF48
:10B81000FFFFFFFFFFFFFFFFFFFFFFFFFFFFFFFF38
:10B82000FFFFFFFFFFFFFFFFFFFFFFFFFFFFFFFF28
:10B83000FFFFFFFFFFFFFFFFFFFFFFFFFFFFFFFF18
:10B84000FFFFFFFFFFFFFFFFFFFFFFFFFFFFFFFF08
:10B85000FFFFFFFFFFFFFFFFFFFFFFFFFFFFFFFFF8
:10B86000FFFFFFFFFFFFFFFFFFFFFFFFFFFFFFFFE8
:10B87000FFFFFFFFFFFFFFFFFFFFFFFFFFFFFFFFD8
:10B88000FFFFFFFFFFFFFFFFFFFFFFFFFFFFFFFFC8
:10B89000FFFFFFFFFFFFFFFFFFFFFFFFFFFFFFFFB8
:10B8A000FFFFFFFFFFFFFFFFFFFFFFFFFFFFFFFFA8
:10B8B000FFFFFFFFFFFFFFFFFFFFFFFFFFFFFFFF98
:10B8C000FFFFFFFFFFFFFFFFFFFFFFFFFFFFFFFF88
:10B8D000FFFFFFFFFFFFFFFFFFFFFFFFFFFFFFFF78
:10B8E000FFFFFFFFFFFFFFFFFFFFFFFFFFFFFFFF68
:10B8F000FFFFFFFFFFFFFFFFFFFFFFFFFFFFFFFF58
:10B90000FFFFFFFFFFFFFFFFFFFFFFFFFFFFFFFF47
:10B91000FFFFFFFFFFFFFFFFFFFFFFFFFFFFFFFF37
:10B92000FFFFFFFFFFFFFFFFFFFFFFFFFFFFFFFF27
:10B93000FFFFFFFFFFFFFFFFFFFFFFFFFFFFFFFF17
:10B94000FFFFFFFFFFFFFFFFFFFFFFFFFFFFFFFF07
:10B95000FFFFFFFFFFFFFFFFFFFFFFFFFFFFFFFFF7
:10B96000FFFFFFFFFFFFFFFFFFFFFFFFFFFFFFFFE7
:10B97000FFFFFFFFFFFFFFFFFFFFFFFFFFFFFFFFD7
:10B98000FFFFFFFFFFFFFFFFFFFFFFFFFFFFFFFFC7
:10B99000FFFFFFFFFFFFFFFFFFFFFFFFFFFFFFFFB7
:10B9A000FFFFFFFFFFFFFFFFFFFFFFFFFFFFFFFFA7
:10B9B000FFFFFFFFFFFFFFFFFFFFFFFFFFFFFFFF97
:10B9C000FFFFFFFFFFFFFFFFFFFFFFFFFFFFFFFF87
:10B9D000FFFFFFFFFFFFFFFFFFFFFFFFFFFFFFFF77
:10B9E000FFFFFFFFFFFFFFFFFFFFFFFFFFFFFFFF67
:10B9F000FFFFFFFFFFFFFFFFFFFFFFFFFFFFFFFF57
:10BA0000FFFFFFFFFFFFFFFFFFFFFFFFFFFFFFFF46
:10BA1000FFFFFFFFFFFFFFFFFFFFFFFFFFFFFFFF36
:10BA2000FFFFFFFFFFFFFFFFFFFFFFFFFFFFFFFF26
:10BA3000FFFFFFFFFFFFFFFFFFFFFFFFFFFFFFFF16
:10BA4000FFFFFFFFFFFFFFFFFFFFFFFFFFFFFFFF06
:10BA5000FFFFFFFFFFFFFFFFFFFFFFFFFFFFFFFFF6
:10BA6000FFFFFFFFFFFFFFFFFFFFFFFFFFFFFFFFE6
:10BA7000FFFFFFFFFFFFFFFFFFFFFFFFFFFFFFFFD6
:10BA8000FFFFFFFFFFFFFFFFFFFFFFFFFFFFFFFFC6
:10BA9000FFFFFFFFFFFFFFFFFFFFFFFFFFFFFFFFB6
:10BAA000FFFFFFFFFFFFFFFFFFFFFFFFFFFFFFFFA6
:10BAB000FFFFFFFFFFFFFFFFFFFFFFFFFFFFFFFF96
:10BAC000FFFFFFFFFFFFFFFFFFFFFFFFFFFFFFFF86
:10BAD000FFFFFFFFFFFFFFFFFFFFFFFFFFFFFFFF76
:10BAE000FFFFFFFFFFFFFFFFFFFFFFFFFFFFFFFF66
:10BAF000FFFFFFFFFFFFFFFFFFFFFFFFFFFFFFFF56
:10BB0000FFFFFFFFFFFFFFFFFFFFFFFFFFFFFFFF45
:10BB1000FFFFFFFFFFFFFFFFFFFFFFFFFFFFFFFF35
:10BB2000FFFFFFFFFFFFFFFFFFFFFFFFFFFFFFFF25
:10BB3000FFFFFFFFFFFFFFFFFFFFFFFFFFFFFFFF15
:10BB4000FFFFFFFFFFFFFFFFFFFFFFFFFFFFFFFF05
:10BB5000FFFFFFFFFFFFFFFFFFFFFFFFFFFFFFFFF5
:10BB6000FFFFFFFFFFFFFFFFFFFFFFFFFFFFFFFFE5
:10BB7000FFFFFFFFFFFFFFFFFFFFFFFFFFFFFFFFD5
:10BB8000FFFFFFFFFFFFFFFFFFFFFFFFFFFFFFFFC5
:10BB9000FFFFFFFFFFFFFFFFFFFFFFFFFFFFFFFFB5
:10BBA000FFFFFFFFFFFFFFFFFFFFFFFFFFFFFFFFA5
:10BBB000FFFFFFFFFFFFFFFFFFFFFFFFFFFFFFFF95
:10BBC000FFFFFFFFFFFFFFFFFFFFFFFFFFFFFFFF85
:10BBD000FFFFFFFFFFFFFFFFFFFFFFFFFFFFFFFF75
:10BBE000FFFFFFFFFFFFFFFFFFFFFFFFFFFFFFFF65
:10BBF000FFFFFFFFFFFFFFFFFFFFFFFFFFFFFFFF55
:10BC0000FFFFFFFFFFFFFFFFFFFFFFFFFFFFFFFF44
:10BC1000FFFFFFFFFFFFFFFFFFFFFFFFFFFFFFFF34
:10BC2000FFFFFFFFFFFFFFFFFFFFFFFFFFFFFFFF24
:10BC3000FFFFFFFFFFFFFFFFFFFFFFFFFFFFFFFF14
:10BC4000FFFFFFFFFFFFFFFFFFFFFFFFFFFFFFFF04
:10BC5000FFFFFFFFFFFFFFFFFFFFFFFFFFFFFFFFF4
:10BC6000FFFFFFFFFFFFFFFFFFFFFFFFFFFFFFFFE4
:10BC7000FFFFFFFFFFFFFFFFFFFFFFFFFFFFFFFFD4
:10BC8000FFFFFFFFFFFFFFFFFFFFFFFFFFFFFFFFC4
:10BC9000FFFFFFFFFFFFFFFFFFFFFFFFFFFFFFFFB4
:10BCA000FFFFFFFFFFFFFFFFFFFFFFFFFFFFFFFFA4
:10BCB000FFFFFFFFFFFFFFFFFFFFFFFFFFFFFFFF94
:10BCC000FFFFFFFFFFFFFFFFFFFFFFFFFFFFFFFF84
:10BCD000FFFFFFFFFFFFFFFFFFFFFFFFFFFFFFFF74
:10BCE000FFFFFFFFFFFFFFFFFFFFFFFFFFFFFFFF64
:10BCF000FFFFFFFFFFFFFFFFFFFFFFFFFFFFFFFF54
:10BD0000FFFFFFFFFFFFFFFFFFFFFFFFFFFFFFFF43
:10BD1000FFFFFFFFFFFFFFFFFFFFFFFFFFFFFFFF33
:10BD2000FFFFFFFFFFFFFFFFFFFFFFFFFFFFFFFF23
:10BD3000FFFFFFFFFFFFFFFFFFFFFFFFFFFFFFFF13
:10BD4000FFFFFFFFFFFFFFFFFFFFFFFFFFFFFFFF03
:10BD5000FFFFFFFFFFFFFFFFFFFFFFFFFFFFFFFFF3
:10BD6000FFFFFFFFFFFFFFFFFFFFFFFFFFFFFFFFE3
:10BD7000FFFFFFFFFFFFFFFFFFFFFFFFFFFFFFFFD3
:10BD8000FFFFFFFFFFFFFFFFFFFFFFFFFFFFFFFFC3
:10BD9000FFFFFFFFFFFFFFFFFFFFFFFFFFFFFFFFB3
:10BDA000FFFFFFFFFFFFFFFFFFFFFFFFFFFFFFFFA3
:10BDB000FFFFFFFF4C61676F73000000005F424FA1
:10BDC000455F5F0000005F5458445F4C4E565F0073
:10BDD0000000000000000000240100002401000019
:10BDE00084A800000200091F0200091F5AA5840050
:10BDF00002000800020200000506000055D1981755
:10C000003C23F09AE002E90E3C23F09CE040E90A70
:10C010003C03F09BE020E9063C03F09D4000040750
:10C02000DD9E8401DD9EFC4183803C03F0BF8101E5
:10C03000F0818404814281233C73F0C0DD4684C0DA
:10C040005A08011084048420DD43EBCF84C05A08D1
:10C0500001072E67ED1F8EC15C6300018404EAA511
:10C06000FA1ADD465A080107FA1A8420DD438400D3
:10C07000D504FA1AEA22C8033E07ED1F840ADD46FA
:10C080005A08010C8404EAA58420840ADD43FA05D9
:10C090008420DD4384C0D505FA05DD465A0001F44D
:10C0A0005A980204480000D75AA8016F2E07ED1EC7
:10C0B0005A0001043EA7ED1EEBCF5A00011DC0053A
:10C0C000E6044EF200CFD54884013E07ED223C1332
:10C0D000F0BB840A3DCBF68E3C8BF68DDD50FA0525
:10C0E0003C13F0BCDD5084048420DD43840A8421A9
:10C0F000DD43D52A3C77F68E3DCBF68C8AFC3C8B13
:10C10000F68B4E740003FFFA3C07F68D4080200149
:10C110004E8400045284000084048420DD43220FF6
:10C12000800242139C2442142073FE04E001842107
:10C13000E80E840ADD433C03F68C3C0BF68E3C0390
:10C14000F68B3C0BF68D840248000083FA05DD4334
:10C1500084034800007E3C07F68E8A1C4E040003D0
:10C16000FE023C17F68D8A284E140003FE4A97FB08
:10C17000FE0442008473FFFCE0E04EF2007484038E
:10C180003E07ED22D5604EA300322E07ED1EC00BF8
:10C190002E07ED1F84218C013E07ED1FFA1A3EA7E2
:10C1A000ED1EDD43EBCF5A0802253C0DF8899606BB
:10C1B000C8093C1DF889EAA6FE0EC0048404842147
:10C1C000D50484043C13F0B9DD50840A8420DD4397
:10C1D00084048421DD438401EAA53C17F68D3C07E5
:10C1E000F68E49FFFF0F5A08013E8404EAA5D539AF
:10C1F0005A0801133C0DF8899606C0343C7DF88935
:10C20000EAA6FFC6CF2F8404DD465A08012C840419
:10C210008027DD43D5185A080319FA058420DD4329
:10C220003C07F68E3C17F68D49FFFEEC5A00010BD9
:10C230003C07F68C3C17F68B49FFFEE484C25A0893
:10C24000010384C08404D5045A08040D8400EAA5BF
:10C25000D5098404EAA584003E07ED1F3E07ED1EC4
:10C2600084C0EBCF5A08040D84203E17ED1E8420B5
:10C27000DD43840A8420DD43FA058420DD43800603
:10C28000FCC1FC2184E080C0500F8007107F800734
:10C2900049FF665180603E07ED233C17F6553C0789
:10C2A000F650002F800749FFFEC02E17ED235A08D5
:10C2B00002073E17ED14AFF08401FCA15A080107F4
:10C2C0003E17ED14FA28AE70FCA12E07ED14C1093B
:10C2D000C80B840B3C13F0BADD50840B8421D503CA
:10C2E000C003840BDD43840BDD465A000106DD5795
:10C2F000DD55EAA1C0202E07ED23C0072E0006154C
:10C30000EAFE8C1DE00FE90449FF667AD50A2E008B
:10C3100003D05A08020E840BEA3984003E0003D091
:10C32000EA27444FFBFFEA2640011002D51F840B89
:10C33000DD46D512840BEA225A08011B840BDD4628
:10C34000C817DD57DD55EAA1C813000F8007E603C3
:10C35000E8052E07ED205A08010CEA273C03F656A3
:10C360003C0BF651EA2658010400EB04EBBF2E0704
:10C37000ED233E07ED148400FCA1FC0044022908D3
:10C38000842044200086DD42FC80FC00440228B862
:10C3900084204420003CDD4244020F248420AC422F
:10C3A000442004B0B4008420DD42FC8022F100006F
:10C3B000E00FE804AC10AC60DD9E22218000E0407C
:10C3C000E803AC18AC68DD9EFC2180E03C03F6601D
:10C3D00080C15CF0012CE8048C013C0BF6603C331E
:10C3E000F6603C2DFB2F945A9E0C9850ADC8AD8939
:10C3F0005A38010F3C7803283C7803293C68032A0B
:10C400003C68032B3C7803383C680339D5443CF442
:10C410000328E0EFE8063C7803283C68032CD509A4
:10C420003C140329E027E8053C7803293C68032DE8
:10C430003CF4032AE0CFE8063C68032A3C78032E4C
:10C44000D5093C14032BE026E8053C68032B3C7817
:10C45000032F8E04880222100000220000019A7926
:10C460009A30B63FF0814E140003FE4A3C2C019AEC
:10C4700088223C1E019A4E040003FE023C1C019BD4
:10C4800088013C0E019B801FEA233C1C0198880117
:10C490003C0E01983C1003283C0003293C78033AE9
:10C4A0008A013C0803323C10032A3C00032B3C6801
:10C4B000033B8A013C080333FCA1FC20FA0544221B
:10C4C000297E3C080391440228D89C429CD2EACDA4
:10C4D000440228DC442229829C429CD2EACD4402B8
:10C4E00028CC442229869C429CD2EACD84C0447246
:10C4F00029083C0DFB2F50230010880650330012F2
:10C500009C42884788678CC4EACD5A6854F4440238
:10C5100028B84422296E9C449CD4EACD440228BA0F
:10C52000442229709C449CD4EACDFCA0FC2080C10C
:10C5300080E0EA23E0C0E9058400B607A839FCA042
:10C54000B44742111824EA628A41B647A0B9FF9461
:10C55000EB3E9B96A9B9FCA0FC44F08180A1EAC502
:10C56000A45123C100008A0140900011A459EA712E
:10C57000222180008A0140A0001184E0EA9BEA5653
:10C58000F082F002E2E0E848F60142638C730013A7
:10C5900000E7C13FEB19E602E93C840A5A1803059B
:10C5A00000128013D5030012801250830018FE443D
:10C5B00022F400082203000696498A0FF08622F42E
:10C5C000000922030007F3858A0FF087B006F5847F
:10C5D000F28349FFFFAD22F40008F006F203880F52
:10C5E000E01CF504F305E906E0094004BC1A9603D3
:10C5F000D502801C22F40009EBC8F007880FE00286
:10C60000E906E00A40053C1A9603D5028002EAB228
:10C610008CE197F8D5B7FCC4FC01FA09EBD2500FB6
:10C62000800749FFFE3080C05A08010C000F8007C8
:10C6300049FFD8A85A00FF063E07ECE08006EB024F
:10C64000FC81FC00FA11EA22C807FA11EABADD50AF
:10C65000FA118421DD43EA8B9606C0042E07F118F7
:10C66000C00EFA11EA392E07F118C0048E013E07F8
:10C67000F1188400842149FFC892FC802E07ED2325
:10C68000C004FA11EA39FC80FA11DD465A080107A4
:10C69000FA11EA3984053E07F118FC80FC40EEF8F7
:10C6A0008420F089442000DCB00BDD443C14038B73
:10C6B0003CA3813D440007FFEB67EA62F187221F3C
:10C6C000800E44522908F181021F80023C18038B1E
:10C6D00084603C93813E3C14038C4210A424EA62A3
:10C6E000F188221F8010F182021F80043C18038C05
:10C6F0003C14038DEB6741E083D6401F0011F183AA
:10C70000021F80063C18038D3C14038E4210A424A3
:10C7100041C08396401E0011F184021F80083C181E
:10C72000038E8025224080008C61424228244042B2
:10C730000096AD082240800196D84242242440420F
:10C740000096AD09442007FF8C245A3804ED3C7450
:10C7500003833C6403854273A824407388F6963BA8
:10C76000F08542632424020F800AEB543C080383C3
:10C770009633F086020F800C3C1403843C0803853A
:10C780003C040386EB6742002424EA55EA91970BA8
:10C7900096C33C4803843C380386850022F2800817
:10C7A0008D0142F7A82440F789F612F2800822F2A0
:10C7B0008009548400FF42F7A42440F789F612F25E
:10C7C00080098CA45A8815EC442FFFAA102F802CC6
:10C7D000002F802411EF8035102F802D442FFFDD96
:10C7E000102F802FF20111CF80379048102F80300A
:10C7F000002F801CB14B102F8031F2028520904811
:10C80000102F8032002F802044A22908102F80335F
:10C81000F2039048102F8034F2049048102F803695
:10C82000382524118CA44081200A10228011402434
:10C83000A80010828010222100018D244081200A4E
:10C840001022801310828012442229085A9810EA7C
:10C85000F505106F805390A8105F8050F506908802
:10C8600090A8105F80522E5007049068105F805887
:10C870002E6007243C5003919648972096D8960046
:10C88000101F8055101F805C107F8051104F805406
:10C89000103F8056100F8057105F8059106F805ADC
:10C8A000104F805B103F805D100F805E8420E2257A
:10C8B000E81B9CCC940A38410E1194DA8862B18B43
:10C8C00096008806223180014062200A1040003420
:10C8D0008C214041A00A1060003310400035103018
:10C8E00000369648D5E5B00B441000DC49FFCFEA8E
:10C8F000ED08FCC0FFFFFFFFFFFFFFFFFFFFFFFF93
:10C90000FFFFFFFFFFFFFFFFFFFFFFFFFFFFFFFF37
:10C91000FFFFFFFFFFFFFFFFFFFFFFFFFFFFFFFF27
:10C92000FFFFFFFFFFFFFFFFFFFFFFFFFFFFFFFF17
:10C93000FFFFFFFFFFFFFFFFFFFFFFFFFFFFFFFF07
:10C94000FFFFFFFFFFFFFFFFFFFFFFFFFFFFFFFFF7
:10C95000FFFFFFFFFFFFFFFFFFFFFFFFFFFFFFFFE7
:10C96000FFFFFFFFFFFFFFFFFFFFFFFFFFFFFFFFD7
:10C97000FFFFFFFFFFFFFFFFFFFFFFFFFFFFFFFFC7
:10C98000FFFFFFFFFFFFFFFFFFFFFFFFFFFFFFFFB7
:10C99000FFFFFFFFFFFFFFFFFFFFFFFFFFFFFFFFA7
:10C9A000FFFFFFFFFFFFFFFFFFFFFFFFFFFFFFFF97
:10C9B000FFFFFFFFFFFFFFFFFFFFFFFFFFFFFFFF87
:10C9C000FFFFFFFFFFFFFFFFFFFFFFFFFFFFFFFF77
:10C9D000FFFFFFFFFFFFFFFFFFFFFFFFFFFFFFFF67
:10C9E000FFFFFFFFFFFFFFFFFFFFFFFFFFFFFFFF57
:10C9F000FFFFFFFFFFFFFFFFFFFFFFFFFFFFFFFF47
:10CA0000FFFFFFFFFFFFFFFFFFFFFFFFFFFFFFFF36
:10CA1000FFFFFFFFFFFFFFFFFFFFFFFFFFFFFFFF26
:10CA2000FFFFFFFFFFFFFFFFFFFFFFFFFFFFFFFF16
:10CA3000FFFFFFFFFFFFFFFFFFFFFFFFFFFFFFFF06
:10CA4000FFFFFFFFFFFFFFFFFFFFFFFFFFFFFFFFF6
:10CA5000FFFFFFFFFFFFFFFFFFFFFFFFFFFFFFFFE6
:10CA6000FFFFFFFFFFFFFFFFFFFFFFFFFFFFFFFFD6
:10CA7000FFFFFFFFFFFFFFFFFFFFFFFFFFFFFFFFC6
:10CA8000FFFFFFFFFFFFFFFFFFFFFFFFFFFFFFFFB6
:10CA9000FFFFFFFFFFFFFFFFFFFFFFFFFFFFFFFFA6
:10CAA000FFFFFFFFFFFFFFFFFFFFFFFFFFFFFFFF96
:10CAB000FFFFFFFFFFFFFFFFFFFFFFFFFFFFFFFF86
:10CAC000FFFFFFFFFFFFFFFFFFFFFFFFFFFFFFFF76
:10CAD000FFFFFFFFFFFFFFFFFFFFFFFFFFFFFFFF66
:10CAE000FFFFFFFFFFFFFFFFFFFFFFFFFFFFFFFF56
:10CAF000FFFFFFFFFFFFFFFFFFFFFFFFFFFFFFFF46
:10CB0000FFFFFFFFFFFFFFFFFFFFFFFFFFFFFFFF35
:10CB1000FFFFFFFFFFFFFFFFFFFFFFFFFFFFFFFF25
:10CB2000FFFFFFFFFFFFFFFFFFFFFFFFFFFFFFFF15
:10CB3000FFFFFFFFFFFFFFFFFFFFFFFFFFFFFFFF05
:10CB4000FFFFFFFFFFFFFFFFFFFFFFFFFFFFFFFFF5
:10CB5000FFFFFFFFFFFFFFFFFFFFFFFFFFFFFFFFE5
:10CB6000FFFFFFFFFFFFFFFFFFFFFFFFFFFFFFFFD5
:10CB7000FFFFFFFFFFFFFFFFFFFFFFFFFFFFFFFFC5
:10CB8000FFFFFFFFFFFFFFFFFFFFFFFFFFFFFFFFB5
:10CB9000FFFFFFFFFFFFFFFFFFFFFFFFFFFFFFFFA5
:10CBA000FFFFFFFFFFFFFFFFFFFFFFFFFFFFFFFF95
:10CBB000FFFFFFFFFFFFFFFFFFFFFFFFFFFFFFFF85
:10CBC000FFFFFFFFFFFFFFFFFFFFFFFFFFFFFFFF75
:10CBD000FFFFFFFFFFFFFFFFFFFFFFFFFFFFFFFF65
:10CBE000FFFFFFFFFFFFFFFFFFFFFFFFFFFFFFFF55
:10CBF000FFFFFFFFFFFFFFFFFFFFFFFFFFFFFFFF45
:10CC0000FFFFFFFFFFFFFFFFFFFFFFFFFFFFFFFF34
:10CC1000FFFFFFFFFFFFFFFFFFFFFFFFFFFFFFFF24
:10CC2000FFFFFFFFFFFFFFFFFFFFFFFFFFFFFFFF14
:10CC3000FFFFFFFFFFFFFFFFFFFFFFFFFFFFFFFF04
:10CC4000FFFFFFFFFFFFFFFFFFFFFFFFFFFFFFFFF4
:10CC5000FFFFFFFFFFFFFFFFFFFFFFFFFFFFFFFFE4
:10CC6000FFFFFFFFFFFFFFFFFFFFFFFFFFFFFFFFD4
:10CC7000FFFFFFFFFFFFFFFFFFFFFFFFFFFFFFFFC4
:10CC8000FFFFFFFFFFFFFFFFFFFFFFFFFFFFFFFFB4
:10CC9000FFFFFFFFFFFFFFFFFFFFFFFFFFFFFFFFA4
:10CCA000FFFFFFFFFFFFFFFFFFFFFFFFFFFFFFFF94
:10CCB000FFFFFFFFFFFFFFFFFFFFFFFFFFFFFFFF84
:10CCC000FFFFFFFFFFFFFFFFFFFFFFFFFFFFFFFF74
:10CCD000FFFFFFFFFFFFFFFFFFFFFFFFFFFFFFFF64
:10CCE000FFFFFFFFFFFFFFFFFFFFFFFFFFFFFFFF54
:10CCF000FFFFFFFFFFFFFFFFFFFFFFFFFFFFFFFF44
:10CD0000FFFFFFFFFFFFFFFFFFFFFFFFFFFFFFFF33
:10CD1000FFFFFFFFFFFFFFFFFFFFFFFFFFFFFFFF23
:10CD2000FFFFFFFFFFFFFFFFFFFFFFFFFFFFFFFF13
:10CD3000FFFFFFFFFFFFFFFFFFFFFFFFFFFFFFFF03
:10CD4000FFFFFFFFFFFFFFFFFFFFFFFFFFFFFFFFF3
:10CD5000FFFFFFFFFFFFFFFFFFFFFFFFFFFFFFFFE3
:10CD6000FFFFFFFFFFFFFFFFFFFFFFFFFFFFFFFFD3
:10CD7000FFFFFFFFFFFFFFFFFFFFFFFFFFFFFFFFC3
:10CD8000FFFFFFFFFFFFFFFFFFFFFFFFFFFFFFFFB3
:10CD9000FFFFFFFFFFFFFFFFFFFFFFFFFFFFFFFFA3
:10CDA000FFFFFFFFFFFFFFFFFFFFFFFFFFFFFFFF93
:10CDB000FFFFFFFFFFFFFFFFFFFFFFFFFFFFFFFF83
:10CDC000FFFFFFFFFFFFFFFFFFFFFFFFFFFFFFFF73
:10CDD000FFFFFFFFFFFFFFFFFFFFFFFFFFFFFFFF63
:10CDE000FFFFFFFFFFFFFFFFFFFFFFFFFFFFFFFF53
:10CDF000FFFFFFFFFFFFFFFFFFFFFFFFFFFFFFFF43
:10CE0000FFFFFFFFFFFFFFFFFFFFFFFFFFFFFFFF32
:10CE1000FFFFFFFFFFFFFFFFFFFFFFFFFFFFFFFF22
:10CE2000FFFFFFFFFFFFFFFFFFFFFFFFFFFFFFFF12
:10CE3000FFFFFFFFFFFFFFFFFFFFFFFFFFFFFFFF02
:10CE4000FFFFFFFFFFFFFFFFFFFFFFFFFFFFFFFFF2
:10CE5000FFFFFFFFFFFFFFFFFFFFFFFFFFFFFFFFE2
:10CE6000FFFFFFFFFFFFFFFFFFFFFFFFFFFFFFFFD2
:10CE7000FFFFFFFFFFFFFFFFFFFFFFFFFFFFFFFFC2
:10CE8000FFFFFFFFFFFFFFFFFFFFFFFFFFFFFFFFB2
:10CE9000FFFFFFFFFFFFFFFFFFFFFFFFFFFFFFFFA2
:10CEA000FFFFFFFFFFFFFFFFFFFFFFFFFFFFFFFF92
:10CEB000FFFFFFFFFFFFFFFFFFFFFFFFFFFFFFFF82
:10CEC000FFFFFFFFFFFFFFFFFFFFFFFFFFFFFFFF72
:10CED000FFFFFFFFFFFFFFFFFFFFFFFFFFFFFFFF62
:10CEE000FFFFFFFFFFFFFFFFFFFFFFFFFFFFFFFF52
:10CEF000FFFFFFFFFFFFFFFFFFFFFFFFFFFFFFFF42
:10CF0000FFFFFFFFFFFFFFFFFFFFFFFFFFFFFFFF31
:10CF1000FFFFFFFFFFFFFFFFFFFFFFFFFFFFFFFF21
:10CF2000FFFFFFFFFFFFFFFFFFFFFFFFFFFFFFFF11
:10CF3000FFFFFFFFFFFFFFFFFFFFFFFFFFFFFFFF01
:10CF4000FFFFFFFFFFFFFFFFFFFFFFFFFFFFFFFFF1
:10CF5000FFFFFFFFFFFFFFFFFFFFFFFFFFFFFFFFE1
:10CF6000FFFFFFFFFFFFFFFFFFFFFFFFFFFFFFFFD1
:10CF7000FFFFFFFFFFFFFFFFFFFFFFFFFFFFFFFFC1
:10CF8000FFFFFFFFFFFFFFFFFFFFFFFFFFFFFFFFB1
:10CF9000FFFFFFFFFFFFFFFFFFFFFFFFFFFFFFFFA1
:10CFA000FFFFFFFFFFFFFFFFFFFFFFFFFFFFFFFF91
:10CFB000FFFFFFFFFFFFFFFFFFFFFFFFFFFFFFFF81
:10CFC000FFFFFFFFFFFFFFFFFFFFFFFFFFFFFFFF71
:10CFD000FFFFFFFFFFFFFFFFFFFFFFFFFFFFFFFF61
:10CFE000FFFFFFFFFFFFFFFFFFFFFFFFFFFFFFFF51
:10CFF000FFFFFFFFFFFFFFFFFFFFFFFFFFFFFFFF41
:10D00000FFFFFFFFFFFFFFFFFFFFFFFFFFFFFFFF30
:10D01000FFFFFFFFFFFFFFFFFFFFFFFFFFFFFFFF20
:10D02000FFFFFFFFFFFFFFFFFFFFFFFFFFFFFFFF10
:10D03000FFFFFFFFFFFFFFFFFFFFFFFFFFFFFFFF00
:10D04000FFFFFFFFFFFFFFFFFFFFFFFFFFFFFFFFF0
:10D05000FFFFFFFFFFFFFFFFFFFFFFFFFFFFFFFFE0
:10D06000FFFFFFFFFFFFFFFFFFFFFFFFFFFFFFFFD0
:10D07000FFFFFFFFFFFFFFFFFFFFFFFFFFFFFFFFC0
:10D08000FFFFFFFFFFFFFFFFFFFFFFFFFFFFFFFFB0
:10D09000FFFFFFFFFFFFFFFFFFFFFFFFFFFFFFFFA0
:10D0A000FFFFFFFFFFFFFFFFFFFFFFFFFFFFFFFF90
:10D0B000FFFFFFFFFFFFFFFFFFFFFFFFFFFFFFFF80
:10D0C000FFFFFFFFFFFFFFFFFFFFFFFFFFFFFFFF70
:10D0D000FFFFFFFFFFFFFFFFFFFFFFFFFFFFFFFF60
:10D0E000FFFFFFFFFFFFFFFFFFFFFFFFFFFFFFFF50
:10D0F000FFFFFFFFFFFFFFFFFFFFFFFFFFFFFFFF40
:10D10000FFFFFFFFFFFFFFFFFFFFFFFFFFFFFFFF2F
:10D11000FFFFFFFFFFFFFFFFFFFFFFFFFFFFFFFF1F
:10D12000FFFFFFFFFFFFFFFFFFFFFFFFFFFFFFFF0F
:10D13000FFFFFFFFFFFFFFFFFFFFFFFFFFFFFFFFFF
:10D14000FFFFFFFFFFFFFFFFFFFFFFFFFFFFFFFFEF
:10D15000FFFFFFFFFFFFFFFFFFFFFFFFFFFFFFFFDF
:10D16000FFFFFFFFFFFFFFFFFFFFFFFFFFFFFFFFCF
:10D17000FFFFFFFFFFFFFFFFFFFFFFFFFFFFFFFFBF
:10D18000FFFFFFFFFFFFFFFFFFFFFFFFFFFFFFFFAF
:10D19000FFFFFFFFFFFFFFFFFFFFFFFFFFFFFFFF9F
:10D1A000FFFFFFFFFFFFFFFFFFFFFFFFFFFFFFFF8F
:10D1B000FFFFFFFFFFFFFFFFFFFFFFFFFFFFFFFF7F
:10D1C000FFFFFFFFFFFFFFFFFFFFFFFFFFFFFFFF6F
:10D1D000FFFFFFFFFFFFFFFFFFFFFFFFFFFFFFFF5F
:10D1E000FFFFFFFFFFFFFFFFFFFFFFFFFFFFFFFF4F
:10D1F000FFFFFFFFFFFFFFFFFFFFFFFFFFFFFFFF3F
:10D20000FFFFFFFFFFFFFFFFFFFFFFFFFFFFFFFF2E
:10D21000FFFFFFFFFFFFFFFFFFFFFFFFFFFFFFFF1E
:10D22000FFFFFFFFFFFFFFFFFFFFFFFFFFFFFFFF0E
:10D23000FFFFFFFFFFFFFFFFFFFFFFFFFFFFFFFFFE
:10D24000FFFFFFFFFFFFFFFFFFFFFFFFFFFFFFFFEE
:10D25000FFFFFFFFFFFFFFFFFFFFFFFFFFFFFFFFDE
:10D26000FFFFFFFFFFFFFFFFFFFFFFFFFFFFFFFFCE
:10D27000FFFFFFFFFFFFFFFFFFFFFFFFFFFFFFFFBE
:10D28000FFFFFFFFFFFFFFFFFFFFFFFFFFFFFFFFAE
:10D29000FFFFFFFFFFFFFFFFFFFFFFFFFFFFFFFF9E
:10D2A000FFFFFFFFFFFFFFFFFFFFFFFFFFFFFFFF8E
:10D2B000FFFFFFFFFFFFFFFFFFFFFFFFFFFFFFFF7E
:10D2C000FFFFFFFFFFFFFFFFFFFFFFFFFFFFFFFF6E
:10D2D000FFFFFFFFFFFFFFFFFFFFFFFFFFFFFFFF5E
:10D2E000FFFFFFFFFFFFFFFFFFFFFFFFFFFFFFFF4E
:10D2F000FFFFFFFFFFFFFFFFFFFFFFFFFFFFFFFF3E
:10D30000FFFFFFFFFFFFFFFFFFFFFFFFFFFFFFFF2D
:10D31000FFFFFFFFFFFFFFFFFFFFFFFFFFFFFFFF1D
:10D32000FFFFFFFFFFFFFFFFFFFFFFFFFFFFFFFF0D
:10D33000FFFFFFFFFFFFFFFFFFFFFFFFFFFFFFFFFD
:10D34000FFFFFFFFFFFFFFFFFFFFFFFFFFFFFFFFED
:10D35000FFFFFFFFFFFFFFFFFFFFFFFFFFFFFFFFDD
:10D36000FFFFFFFFFFFFFFFFFFFFFFFFFFFFFFFFCD
:10D37000FFFFFFFFFFFFFFFFFFFFFFFFFFFFFFFFBD
:10D38000FFFFFFFFFFFFFFFFFFFFFFFFFFFFFFFFAD
:10D39000FFFFFFFFFFFFFFFFFFFFFFFFFFFFFFFF9D
:10D3A000FFFFFFFFFFFFFFFFFFFFFFFFFFFFFFFF8D
:10D3B000FFFFFFFFFFFFFFFFFFFFFFFFFFFFFFFF7D
:10D3C000FFFFFFFFFFFFFFFFFFFFFFFFFFFFFFFF6D
:10D3D000FFFFFFFFFFFFFFFFFFFFFFFFFFFFFFFF5D
:10D3E000FFFFFFFFFFFFFFFFFFFFFFFFFFFFFFFF4D
:10D3F000FFFFFFFFFFFFFFFFFFFFFFFFFFFFFFFF3D
:10D40000FFFFFFFFFFFFFFFFFFFFFFFFFFFFFFFF2C
:10D41000FFFFFFFFFFFFFFFFFFFFFFFFFFFFFFFF1C
:10D42000FFFFFFFFFFFFFFFFFFFFFFFFFFFFFFFF0C
:10D43000FFFFFFFFFFFFFFFFFFFFFFFFFFFFFFFFFC
:10D44000FFFFFFFFFFFFFFFFFFFFFFFFFFFFFFFFEC
:10D45000FFFFFFFFFFFFFFFFFFFFFFFFFFFFFFFFDC
:10D46000FFFFFFFFFFFFFFFFFFFFFFFFFFFFFFFFCC
:10D47000FFFFFFFFFFFFFFFFFFFFFFFFFFFFFFFFBC
:10D48000FFFFFFFFFFFFFFFFFFFFFFFFFFFFFFFFAC
:10D49000FFFFFFFFFFFFFFFFFFFFFFFFFFFFFFFF9C
:10D4A000FFFFFFFFFFFFFFFFFFFFFFFFFFFFFFFF8C
:10D4B000FFFFFFFFFFFFFFFFFFFFFFFFFFFFFFFF7C
:10D4C000FFFFFFFFFFFFFFFFFFFFFFFFFFFFFFFF6C
:10D4D000FFFFFFFFFFFFFFFFFFFFFFFFFFFFFFFF5C
:10D4E000FFFFFFFFFFFFFFFFFFFFFFFFFFFFFFFF4C
:10D4F000FFFFFFFFFFFFFFFFFFFFFFFFFFFFFFFF3C
:10D50000FFFFFFFFFFFFFFFFFFFFFFFFFFFFFFFF2B
:10D51000FFFFFFFFFFFFFFFFFFFFFFFFFFFFFFFF1B
:10D52000FFFFFFFFFFFFFFFFFFFFFFFFFFFFFFFF0B
:10D53000FFFFFFFFFFFFFFFFFFFFFFFFFFFFFFFFFB
:10D54000FFFFFFFFFFFFFFFFFFFFFFFFFFFFFFFFEB
:10D55000FFFFFFFFFFFFFFFFFFFFFFFFFFFFFFFFDB
:10D56000FFFFFFFFFFFFFFFFFFFFFFFFFFFFFFFFCB
:10D57000FFFFFFFFFFFFFFFFFFFFFFFFFFFFFFFFBB
:10D58000FFFFFFFFFFFFFFFFFFFFFFFFFFFFFFFFAB
:10D59000FFFFFFFFFFFFFFFFFFFFFFFFFFFFFFFF9B
:10D5A000FFFFFFFFFFFFFFFFFFFFFFFFFFFFFFFF8B
:10D5B000FFFFFFFFFFFFFFFFFFFFFFFFFFFFFFFF7B
:10D5C000FFFFFFFFFFFFFFFFFFFFFFFFFFFFFFFF6B
:10D5D000FFFFFFFFFFFFFFFFFFFFFFFFFFFFFFFF5B
:10D5E000FFFFFFFFFFFFFFFFFFFFFFFFFFFFFFFF4B
:10D5F000FFFFFFFFFFFFFFFFFFFFFFFFFFFFFFFF3B
:10D60000FFFFFFFFFFFFFFFFFFFFFFFFFFFFFFFF2A
:10D61000FFFFFFFFFFFFFFFFFFFFFFFFFFFFFFFF1A
:10D62000FFFFFFFFFFFFFFFFFFFFFFFFFFFFFFFF0A
:10D63000FFFFFFFFFFFFFFFFFFFFFFFFFFFFFFFFFA
:10D64000FFFFFFFFFFFFFFFFFFFFFFFFFFFFFFFFEA
:10D65000FFFFFFFFFFFFFFFFFFFFFFFFFFFFFFFFDA
:10D66000FFFFFFFFFFFFFFFFFFFFFFFFFFFFFFFFCA
:10D67000FFFFFFFFFFFFFFFFFFFFFFFFFFFFFFFFBA
:10D68000FFFFFFFFFFFFFFFFFFFFFFFFFFFFFFFFAA
:10D69000FFFFFFFFFFFFFFFFFFFFFFFFFFFFFFFF9A
:10D6A000FFFFFFFFFFFFFFFFFFFFFFFFFFFFFFFF8A
:10D6B000FFFFFFFFFFFFFFFFFFFFFFFFFFFFFFFF7A
:10D6C000FFFFFFFFFFFFFFFFFFFFFFFFFFFFFFFF6A
:10D6D000FFFFFFFFFFFFFFFFFFFFFFFFFFFFFFFF5A
:10D6E000FFFFFFFFFFFFFFFFFFFFFFFFFFFFFFFF4A
:10D6F000FFFFFFFFFFFFFFFFFFFFFFFFFFFFFFFF3A
:10D70000FFFFFFFFFFFFFFFFFFFFFFFFFFFFFFFF29
:10D71000FFFFFFFFFFFFFFFFFFFFFFFFFFFFFFFF19
:10D72000FFFFFFFFFFFFFFFFFFFFFFFFFFFFFFFF09
:10D73000FFFFFFFFFFFFFFFFFFFFFFFFFFFFFFFFF9
:10D74000FFFFFFFFFFFFFFFFFFFFFFFFFFFFFFFFE9
:10D75000FFFFFFFFFFFFFFFFFFFFFFFFFFFFFFFFD9
:10D76000FFFFFFFFFFFFFFFFFFFFFFFFFFFFFFFFC9
:10D77000FFFFFFFFFFFFFFFFFFFFFFFFFFFFFFFFB9
:10D78000FFFFFFFFFFFFFFFFFFFFFFFFFFFFFFFFA9
:10D79000FFFFFFFFFFFFFFFFFFFFFFFFFFFFFFFF99
:10D7A000FFFFFFFFFFFFFFFFFFFFFFFFFFFFFFFF89
:10D7B000FFFFFFFFFFFFFFFFFFFFFFFFFFFFFFFF79
:10D7C000FFFFFFFFFFFFFFFFFFFFFFFFFFFFFFFF69
:10D7D000FFFFFFFFFFFFFFFFFFFFFFFFFFFFFFFF59
:10D7E000FFFFFFFFFFFFFFFFFFFFFFFFFFFFFFFF49
:10D7F000FFFFFFFFFFFFFFFFFFFFFFFFFFFFFFFF39
:10D80000FFFFFFFFFFFFFFFFFFFFFFFFFFFFFFFF28
:10D81000FFFFFFFFFFFFFFFFFFFFFFFFFFFFFFFF18
:10D82000FFFFFFFFFFFFFFFFFFFFFFFFFFFFFFFF08
:10D83000FFFFFFFFFFFFFFFFFFFFFFFFFFFFFFFFF8
:10D84000FFFFFFFFFFFFFFFFFFFFFFFFFFFFFFFFE8
:10D85000FFFFFFFFFFFFFFFFFFFFFFFFFFFFFFFFD8
:10D86000FFFFFFFFFFFFFFFFFFFFFFFFFFFFFFFFC8
:10D87000FFFFFFFFFFFFFFFFFFFFFFFFFFFFFFFFB8
:10D88000FFFFFFFFFFFFFFFFFFFFFFFFFFFFFFFFA8
:10D89000FFFFFFFFFFFFFFFFFFFFFFFFFFFFFFFF98
:10D8A000FFFFFFFFFFFFFFFFFFFFFFFFFFFFFFFF88
:10D8B000FFFFFFFFFFFFFFFFFFFFFFFFFFFFFFFF78
:10D8C000FFFFFFFFFFFFFFFFFFFFFFFFFFFFFFFF68
:10D8D000FFFFFFFFFFFFFFFFFFFFFFFFFFFFFFFF58
:10D8E000FFFFFFFFFFFFFFFFFFFFFFFFFFFFFFFF48
:10D8F000FFFFFFFFFFFFFFFFFFFFFFFFFFFFFFFF38
:10D90000FFFFFFFFFFFFFFFFFFFFFFFFFFFFFFFF27
:10D91000FFFFFFFFFFFFFFFFFFFFFFFFFFFFFFFF17
:10D92000FFFFFFFFFFFFFFFFFFFFFFFFFFFFFFFF07
:10D93000FFFFFFFFFFFFFFFFFFFFFFFFFFFFFFFFF7
:10D94000FFFFFFFFFFFFFFFFFFFFFFFFFFFFFFFFE7
:10D95000FFFFFFFFFFFFFFFFFFFFFFFFFFFFFFFFD7
:10D96000FFFFFFFFFFFFFFFFFFFFFFFFFFFFFFFFC7
:10D97000FFFFFFFFFFFFFFFFFFFFFFFFFFFFFFFFB7
:10D98000FFFFFFFFFFFFFFFFFFFFFFFFFFFFFFFFA7
:10D99000FFFFFFFFFFFFFFFFFFFFFFFFFFFFFFFF97
:10D9A000FFFFFFFFFFFFFFFFFFFFFFFFFFFFFFFF87
:10D9B000FFFFFFFFFFFFFFFFFFFFFFFFFFFFFFFF77
:10D9C000FFFFFFFFFFFFFFFFFFFFFFFFFFFFFFFF67
:10D9D000FFFFFFFFFFFFFFFFFFFFFFFFFFFFFFFF57
:10D9E000FFFFFFFFFFFFFFFFFFFFFFFFFFFFFFFF47
:10D9F000FFFFFFFFFFFFFFFFFFFFFFFFFFFFFFFF37
:10DA0000FFFFFFFFFFFFFFFFFFFFFFFFFFFFFFFF26
:10DA1000FFFFFFFFFFFFFFFFFFFFFFFFFFFFFFFF16
:10DA2000FFFFFFFFFFFFFFFFFFFFFFFFFFFFFFFF06
:10DA3000FFFFFFFFFFFFFFFFFFFFFFFFFFFFFFFFF6
:10DA4000FFFFFFFFFFFFFFFFFFFFFFFFFFFFFFFFE6
:10DA5000FFFFFFFFFFFFFFFFFFFFFFFFFFFFFFFFD6
:10DA6000FFFFFFFFFFFFFFFFFFFFFFFFFFFFFFFFC6
:10DA7000FFFFFFFFFFFFFFFFFFFFFFFFFFFFFFFFB6
:10DA8000FFFFFFFFFFFFFFFFFFFFFFFFFFFFFFFFA6
:10DA9000FFFFFFFFFFFFFFFFFFFFFFFFFFFFFFFF96
:10DAA000FFFFFFFFFFFFFFFFFFFFFFFFFFFFFFFF86
:10DAB000FFFFFFFFFFFFFFFFFFFFFFFFFFFFFFFF76
:10DAC000FFFFFFFFFFFFFFFFFFFFFFFFFFFFFFFF66
:10DAD000FFFFFFFFFFFFFFFFFFFFFFFFFFFFFFFF56
:10DAE000FFFFFFFFFFFFFFFFFFFFFFFFFFFFFFFF46
:10DAF000FFFFFFFFFFFFFFFFFFFFFFFFFFFFFFFF36
:10DB0000FFFFFFFFFFFFFFFFFFFFFFFFFFFFFFFF25
:10DB1000FFFFFFFFFFFFFFFFFFFFFFFFFFFFFFFF15
:10DB2000FFFFFFFFFFFFFFFFFFFFFFFFFFFFFFFF05
:10DB3000FFFFFFFFFFFFFFFFFFFFFFFFFFFFFFFFF5
:10DB4000FFFFFFFFFFFFFFFFFFFFFFFFFFFFFFFFE5
:10DB5000FFFFFFFFFFFFFFFFFFFFFFFFFFFFFFFFD5
:10DB6000FFFFFFFFFFFFFFFFFFFFFFFFFFFFFFFFC5
:10DB7000FFFFFFFFFFFFFFFFFFFFFFFFFFFFFFFFB5
:10DB8000FFFFFFFFFFFFFFFFFFFFFFFFFFFFFFFFA5
:10DB9000FFFFFFFFFFFFFFFFFFFFFFFFFFFFFFFF95
:10DBA000FFFFFFFFFFFFFFFFFFFFFFFFFFFFFFFF85
:10DBB000FFFFFFFFFFFFFFFFFFFFFFFFFFFFFFFF75
:10DBC000FFFFFFFFFFFFFFFFFFFFFFFFFFFFFFFF65
:10DBD000FFFFFFFFFFFFFFFFFFFFFFFFFFFFFFFF55
:10DBE000FFFFFFFFFFFFFFFFFFFFFFFFFFFFFFFF45
:10DBF000FFFFFFFFFFFFFFFFFFFFFFFFFFFFFFFF35
:10DC0000FFFFFFFFFFFFFFFFFFFFFFFFFFFFFFFF24
:10DC1000FFFFFFFFFFFFFFFFFFFFFFFFFFFFFFFF14
:10DC2000FFFFFFFFFFFFFFFFFFFFFFFFFFFFFFFF04
:10DC3000FFFFFFFFFFFFFFFFFFFFFFFFFFFFFFFFF4
:10DC4000FFFFFFFFFFFFFFFFFFFFFFFFFFFFFFFFE4
:10DC5000FFFFFFFFFFFFFFFFFFFFFFFFFFFFFFFFD4
:10DC6000FFFFFFFFFFFFFFFFFFFFFFFFFFFFFFFFC4
:10DC7000FFFFFFFFFFFFFFFFFFFFFFFFFFFFFFFFB4
:10DC8000FFFFFFFFFFFFFFFFFFFFFFFFFFFFFFFFA4
:10DC9000FFFFFFFFFFFFFFFFFFFFFFFFFFFFFFFF94
:10DCA000FFFFFFFFFFFFFFFFFFFFFFFFFFFFFFFF84
:10DCB000FFFFFFFFFFFFFFFFFFFFFFFFFFFFFFFF74
:10DCC000FFFFFFFFFFFFFFFFFFFFFFFFFFFFFFFF64
:10DCD000FFFFFFFFFFFFFFFFFFFFFFFFFFFFFFFF54
:10DCE000FFFFFFFFFFFFFFFFFFFFFFFFFFFFFFFF44
:10DCF000FFFFFFFFFFFFFFFFFFFFFFFFFFFFFFFF34
:10DD0000FFFFFFFFFFFFFFFFFFFFFFFFFFFFFFFF23
:10DD1000FFFFFFFFFFFFFFFFFFFFFFFFFFFFFFFF13
:10DD2000FFFFFFFFFFFFFFFFFFFFFFFFFFFFFFFF03
:10DD3000FFFFFFFFFFFFFFFFFFFFFFFFFFFFFFFFF3
:10DD4000FFFFFFFFFFFFFFFFFFFFFFFFFFFFFFFFE3
:10DD5000FFFFFFFFFFFFFFFFFFFFFFFFFFFFFFFFD3
:10DD6000FFFFFFFFFFFFFFFFFFFFFFFFFFFFFFFFC3
:10DD7000FFFFFFFFFFFFFFFFFFFFFFFFFFFFFFFFB3
:10DD8000FFFFFFFFFFFFFFFFFFFFFFFFFFFFFFFFA3
:10DD9000FFFFFFFFFFFFFFFFFFFFFFFFFFFFFFFF93
:10DDA000FFFFFFFFFFFFFFFFFFFFFFFFFFFFFFFF83
:10DDB000FFFFFFFFFFFFFFFFFFFFFFFFFFFFFFFF73
:10DDC000FFFFFFFFFFFFFFFFFFFFFFFFFFFFFFFF63
:10DDD000FFFFFFFFFFFFFFFFFFFFFFFFFFFFFFFF53
:10DDE000FFFFFFFFFFFFFFFFFFFFFFFFFFFFFFFF43
:10DDF000FFFFFFFFFFFFFFFFFFFFFFFFFFFFFFFF33
:10DE0000FFFFFFFFFFFFFFFFFFFFFFFFFFFFFFFF22
:10DE1000FFFFFFFFFFFFFFFFFFFFFFFFFFFFFFFF12
:10DE2000FFFFFFFFFFFFFFFFFFFFFFFFFFFFFFFF02
:10DE3000FFFFFFFFFFFFFFFFFFFFFFFFFFFFFFFFF2
:10DE4000FFFFFFFFFFFFFFFFFFFFFFFFFFFFFFFFE2
:10DE5000FFFFFFFFFFFFFFFFFFFFFFFFFFFFFFFFD2
:10DE6000FFFFFFFFFFFFFFFFFFFFFFFFFFFFFFFFC2
:10DE7000FFFFFFFFFFFFFFFFFFFFFFFFFFFFFFFFB2
:10DE8000FFFFFFFFFFFFFFFFFFFFFFFFFFFFFFFFA2
:10DE9000FFFFFFFFFFFFFFFFFFFFFFFFFFFFFFFF92
:10DEA000FFFFFFFFFFFFFFFFFFFFFFFFFFFFFFFF82
:10DEB000FFFFFFFFFFFFFFFFFFFFFFFFFFFFFFFF72
:10DEC000FFFFFFFFFFFFFFFFFFFFFFFFFFFFFFFF62
:10DED000FFFFFFFFFFFFFFFFFFFFFFFFFFFFFFFF52
:10DEE000FFFFFFFFFFFFFFFFFFFFFFFFFFFFFFFF42
:10DEF000FFFFFFFFFFFFFFFFFFFFFFFFFFFFFFFF32
:10DF0000FFFFFFFFFFFFFFFFFFFFFFFFFFFFFFFF21
:10DF1000FFFFFFFFFFFFFFFFFFFFFFFFFFFFFFFF11
:10DF2000FFFFFFFFFFFFFFFFFFFFFFFFFFFFFFFF01
:10DF3000FFFFFFFFFFFFFFFFFFFFFFFFFFFFFFFFF1
:10DF4000FFFFFFFFFFFFFFFFFFFFFFFFFFFFFFFFE1
:10DF5000FFFFFFFFFFFFFFFFFFFFFFFFFFFFFFFFD1
:10DF6000FFFFFFFFFFFFFFFFFFFFFFFFFFFFFFFFC1
:10DF7000FFFFFFFFFFFFFFFFFFFFFFFFFFFFFFFFB1
:10DF8000FFFFFFFFFFFFFFFFFFFFFFFFFFFFFFFFA1
:10DF9000FFFFFFFFFFFFFFFFFFFFFFFFFFFFFFFF91
:10DFA000FFFFFFFFFFFFFFFFFFFFFFFFFFFFFFFF81
:10DFB000FFFFFFFFFFFFFFFFFFFFFFFFFFFFFFFF71
:10DFC000FFFFFFFFFFFFFFFFFFFFFFFFFFFFFFFF61
:10DFD000FFFFFFFFFFFFFFFFFFFFFFFFFFFFFFFF51
:10DFE000FFFFFFFFFFFFFFFFFFFFFFFFFFFFFFFF41
:10DFF000FFFFFFFFFFFFFFFFFFFFFFFFFA22E2C46B
:10E0000012000000000000000000000000000000FE
:10E010000A000000000000009A01790500000000DD
:10E02000A802000050006E002C01AF0064009600B2
:10E030002341411E0F4641060A000000BC020000B9
:10E04000C800DC005802AF006400DC002341460F2A
:10E05000145A41060A00000019006455190064555D
:10E060009600780032000000090C234604000000EE
:10E070009600C80032000000060A32460400000084
:10E080005A000A00B40082002000000A0250240551
:10E090005A000A00B40082002000000A0250240541
:10E0A000DC05000050007800260201005E0104003B
:10E0B0002602000078002003260204000000000071
:10E0C000C4090000DC050000B00400002C010000C1
:10E0D000B80B000001041900C300AF1AFA008A3D12
:10E0E00000000000E200D500BF01E10100000000D7
:10E0F0000E010F01CD016D010000000000000000C5
:10E10000803E0000C80064005000E80332000201B5
:10E1100009100719190001030001060A0000000098
:10E120002401000064000000D0078C0AD80E5700BC
:10E13000FF001400FA00140A04020F0A280002006B
:10E1400000000000000000000000000000000000CF
:10E150006E006E006E000000000000000000000075
:10E16000C80090010600010A9600E80318FCC800E8
:10E1700050006E00CEFF5A000300000000000000B7
:10E180009600B004B004C80001002C0196000A00FB
:10E190005407580296000202B80BE80350006400CE
:10E1A0003C009CFFB0FF00000007001100070110B9
:10E1B000110E181403000000000000000000000011
:10E1C000B4003C00C2016400B4000000C800F401C7
:10E1D000540146035014000000000000000000003D
:10E1E000000000000000000000000000000000002F
:10E1F00000000000000000000000000008B470A84B
:10F0000003FFFF00000303010100000000000000F7
:10F010003A0000003A00843E0000843E08000000F0
:10F02000381B0000721B0000721B843E381B843E9C
:10F03000080000003A0000009B0000009B00843E96
:10F040003A00843E0A000000D71A0000381B000076
:10F05000381B843ED71A843E0A0000009B00000043
:10F06000490200004902843E9B00843E00000000EB
:10F0700029190000D71A0000D71A843E2919843EA6
:10F080000000000000000000000000000000000080
:10F090000000000000000000000000000000000070
:10F0A0000000000000000000000000000000000060
:10F0B0000000000000000000000000000000000050
:10F0C0000000000000000000000000000000000040
:10F0D0000000000000000000000000000000000030
:10F0E0000000000000000000000000000000000020
:10F0F0000000000000000000000000000000000010
:10F1000000000000000000000000000000000000FF
:10F1100000000000000000000000000000000000EF
:10F1200000000000000000000000000000000000DF
:10F1300000000000000000000000000000000000CF
:10F1400000000000000000000000000000000000BF
:10F1500000000000000000000000000000000000AF
:10F16000000000000000000000000000000000009F
:10F170000000000000009039F4049039F404843E4B
:10F180000000843E000000007E169039721B90390A
:10F19000721B843E7E16843E000000000C03E803D0
:10F1A00066189C3A2C0114003F000F00530119000F
:10F1B0001E0003144014C00F23000C081405290B73
:10F1C000840350006400B0FF9CFF0A000100C000EF
:10F1D00001010120011201060102F4018813E80374
:10F1E0002C01B80B2C010C03E803D007D0073C0519
:10F1F000000000000000000000000000000000000F
:10F2000000000000000000001405000040010102A1
:10F2100000016400000124000100001421110A0013
:10F220004001010800023E01020406060402020336
:10F230000C026000020100032409090200C808143E
:10F24000100F19194002000080BB0000A0860100C9
:10F2500055002D0041000A000A005300D00740016C
:10F260009001D007C000C201C201C000C000C000B0
:10F2700004000B0B300060000202600030020C063C
:10F28000F40102006E00DC0500800000FFFFFFFFBC
:10F29000FFFF0000DC05DC05FF7F1400000000001C
:10F2A00001000000843E000000000000010000009A
:10F2B000000000000100000000000000721B0000C0
:10F2C0000100000000000000000000000B0B000027
:10F2D0000100000002000000000000050B02050014
:10F2E0000A000000000008000900110001000000F1
:10F2F000CE00F7003503E804B40621084809A30B43
:10F30000B00C7D0EF410B4115713F814A61679182A
:10F31000631AB11AFA00DF02E604ED06D608900A75
:10F32000960C8F0E7E106C1243144B164918461A19
:10F33000001C1A1E09200D22DB23DA25C927D82933
:10F34000BC2B9C2D992F9B318E3386358F376A3994
:10F35000993B893DCE00940202046C0510078F088A
:10F360000D0A9B0B260DAD0E2F10C6113D13B714C1
:10F370006616AA175219B11A400220020002E001D3
:10F38000C001A0018001600140010101E100C10054
:10F39000A100810061004100210001003F021F0225
:10F3A000FF01DF01BF019F017F015F013F010201FA
:10F3B000E200C200A20082006200420022000200BD
:10F3C0003E021E02FE01DE01BE019E017E015E01C3
:10F3D0003E010301E300C300A30083006300430078
:10F3E000230003003D021D02FD01DD01BD019D0161
:10F3F0007D015D013D010401E400C400A40084001E
:10F4000064004400240004003C021C02FC01DC01F6
:10F41000BC019C017C015C013C010501E500C500CB
:10F42000A500850065004500250005003B021B0284
:10F43000FB01DB01BB019B017B015B013B01060181
:10F44000E600C600A600860066004600260006000C
:10F450003A021A02FA01DA01BA019A017A015A0152
:10F460003A010701E700C700A700870067004700CF
:10F470002700070039021902F901D901B9019901E0
:10F480007901590139010801E800C800A800880085
:10F49000680048002800080038021802F801D80166
:10F4A000B80198017801580138010901E900C90043
:10F4B000A9008900690049002900090037021702E4
:10F4C000F701D701B70197017701570137010A0109
:10F4D000EA00CA00AA008A006A004A002A000A005C
:10F4E00036021602F601D601B601960176015601E2
:10F4F00036010B01EB00CB00AB008B006B004B0027
:10F500002B000B0035021502F501D501B50195015F
:10F510007501550135010C01EC00CC00AC008C00EC
:10F520006C004C002C000C0034021402F401D401D5
:10F53000B40194017401540134010D01ED00CD00BA
:10F54000AD008D006D004D002D000D003302130243
:10F55000F301D301B30193017301530133010E0190
:10F56000EE00CE00AE008E006E004E002E000E00AB
:10F5700032021202F201D201B20192017201520171
:10F5800032010F01EF00CF00AF008F006F004F007E
:10F590002F000F0031021102F101D101B1019101DF
:10F5A0007101510131011001F000D000B000900054
:10F5B000700050003000100030021002F001D00145
:10F5C000B00190017001500130011101F100D10032
:10F5D000B100910071005100310011002F020F02A3
:10F5E000EF01CF01AF018F016F014F012F01120118
:10F5F000F200D200B20092007200520032001200FB
:10F600002E020E02EE01CE01AE018E016E014E0100
:10F610002E011301F300D300B300930073005300D5
:10F62000330013002D020D02ED01CD01AD018D015E
:10F630006D014D012D011401F400D400B4009400BB
:10F6400074005400340014002C020C02EC01CC01B4
:10F65000AC018C016C014C012C011501F500D500A9
:10F66000B500950075005500350015002B020B0202
:10F67000EB01CB01AB018B016B014B012B0116019F
:10F68000F600D600B600960076005600360016004A
:10F690002A020A02EA01CA01AA018A016A014A0190
:10F6A0002A011701F700D700B7009700770057002D
:10F6B0003700170029020902E901C901A9018901DE
:10F6C0006901490129011801F800D800B800980023
:10F6D000780058003800180028020802E801C80124
:10F6E000A80188016801480128011901F900D90021
:10F6F000B900990079005900390019002702070262
:10F70000E701C701A70187016701470127011A0126
:10F71000FA00DA00BA009A007A005A003A001A0099
:10F7200026020602E601C601A6018601660146011F
:10F7300026011B01FB00DB00BB009B007B005B0084
:10F740003B001B0025020502E501C501A50185015D
:10F750006501450125011C01FC00DC00BC009C008A
:10F760007C005C003C001C0024020402E401C40193
:10F77000A40184016401440124011D01FD00DD0098
:10F78000BD009D007D005D003D001D0023020302C1
:10F79000E301C301A30183016301430123011E01AE
:10F7A000FE00DE00BE009E007E005E003E001E00E9
:10F7B00022020202E201C201A201820162014201AF
:10F7C00022011F01FF00DF00BF009F007F005F00DC
:10F7D0003F001F0021020102E101C101A1018101DD
:10F7E00061014101210120010001E000C000A000F1
:10F7F00080006000400020000B0B0A090908070781
:10F80000060504040302020100000B0B0A090908A3
:10F810000707060504040302020100000B0B0A0996
:10F8200009080707060504040302020100000B0B88
:10F830000A0909080707060504040302020100007B
:10F840000B0B0A0909080707060504040302020155
:10F8500000000B0B0A090908070706050404030248
:10F86000020100000B0B0A0909080707060504043A
:10F870000302020100000B0B0A090908070706052D
:10F8800004040302020100000B0B0A090908070720
:10F89000060504040302020100000B0B0A09090813
:10F8A0000707060504040302020100000B0B0A0906
:10F8B00009080707060504040302020100000B0BF8
:10F8C0000A090908070706050404030202010000EB
:10F8D0000B0B0A09090807070605040403020201C5
:10F8E00000000B0B0A0909080707060504040302B8
:10F8F000020100000B0B0A090908070706050404AA
:10F900000302020100000B0B0A090908070706059C
:10F9100004040302020100000B0A0A090808070692
:10F92000060505040303020101000B0A0A09080881
:10F930000706060505040303020101000B0A0A0974
:10F9400008080706060505040303020101000B0A67
:10F950000A09080807060605050403030201010059
:10F960000B0A0A0908080706060505040303020135
:10F9700001000B0A0A090808070606050504030327
:10F98000020101000B0A0A0908080706060505041A
:10F990000303020101000B0A0A090808070606050D
:10F9A00005040303020101000B0A0A0908080706FF
:10F9B000060505040303020101000B0A0A090808F1
:10F9C0000706060505040303020101000B0A0A09E4
:10F9D00008080706060505040303020101000B0AD7
:10F9E0000A090808070606050504030302010100C9
:10F9F0000B0A0A09080807060605050403030201A5
:10FA000001000B0A0A090808070606050504030396
:10FA1000020101000B0A0A09080807060605050489
:10FA20000303020101000B0A0A090808070606057C
:10FA30000504030302010100FFFF0100F1D8FFFFED
:10FA4000F1D8FFFFF1D8FFFFF1D8FFFF0100000060
:10FA500034010001000114014C015C010801740132
:10FA600098010000000000000000000000000000FD
:10FA70000000000000000000040306050403050266
:10FA80000100000000000000000000000407080959
:10FA90000A0C0D0E0F10000040201008010101019A
:10FAA00001410101010701010100FFFF0200000007
:10FAB000000000000100000002000000040000003F
:10FAC00006000000090000000C000000100000000B
:10FAD00014000000190000001E00000024000000B7
:10FAE0002A00000031000000380000004000000043
:10FAF00048000000510000005A00000064000000AF
:10FB00006E000000790000008400000090000000FA
:10FB10009C000000A9000000B6000000C400000026
:10FB2000D2000000E1000000F00000000001000031
:10FB3000000101020202020303030303030404049D
:10FB40000404040404040404040404050505050570
:10FB500002000400060008000A000C000E0010005D
:10FB600012001400160018001A001C001E002000CD
:10FB700022002400260028002A002C002E0030003D
:10FB800032003400360038003A003C003E004000AD
:10FB900030750000040000000304050000000000B0
:10FBA00090000000040200000001000102030405AF
:10FBB0000000000000010001020304050000000035
:10FBC0000108000001080000020400000402000017
:10FBD00004020000080100009000000090000000F6
:10FBE00060000000010000002EFFFFFFFFFFFFFF8D
:10FBF000FFFFFFFFFFFFFFFFFFFFFFFF37F90000E1
:10FC00002F200000FF07FF0712200A00122000210A
:10FC100084A8040084A80000240202000028020036
:10FC2000091F0200091F5AA5840002000800290BC1
:10FC30004019A0012BEBF95BF9FFFFFFFFFFFFFF6E
:10FC4000FFFFFFFFFFFFFF2CFFFFFFFFFFFFFFFF97
:10FC5000FFFFFFFFFFFFFFFFFFFFFFFFFFFFFFFFB4
:10FC60002CFFFFFFFFFFFFFFFFFFFFFFFFFFFFFF77
:10FC7000FF0000002BEBF95BF9000000290B401995
:10FC8000A0010000280200091F0200091F5AA584D4
:10FC90000002000800000000240202000000000032
:10FCA00023020200220506002184A8040084A80083
:10FCB00000000000200000FF07FF0712200A0012CA
:10FCC00020000000FC000000010104000000000012
:10FCD000010000000000000084A800000200091FCD
:10FCE0000200091F5AA58400020008000202000059
:10FCF00005060000FFFFFFFFFFFFFFFFFFFFFFFF05
:10FD0000FFFFFFFFFFFFFFFFFFFFFFFFFFFFFFFF03
:10FD1000FFFFFFFFFFFFFFFFFFFFFFFFFFFFFFFFF3
:10FD2000FFFFFFFFFFFFFFFFFFFFFFFFFFFFFFFFE3
:10FD3000FFFFFFFFFFFFFFFFFFFFFFFFFFFFFFFFD3
:10FD4000FFFFFFFFFFFFFFFFFFFFFFFFFFFFFFFFC3
:10FD5000FFFFFFFFFFFFFFFFFFFFFFFFFFFFFFFFB3
:10FD6000FFFFFFFFFFFFFFFFFFFFFFFFFFFFFFFFA3
:10FD7000FFFFFFFFFFFFFFFFFFFFFFFFFFFFFFFF93
:10FD8000FFFFFFFFFFFFFFFFFFFFFFFFFFFFFFFF83
:10FD9000FFFFFFFFFFFFFFFFFFFFFFFFFFFFFFFF73
:10FDA000FFFFFFFFFFFFFFFFFFFFFFFFFFFFFFFF63
:10FDB000FFFFFFFFFFFFFFFFFFFFFFFFFFFFFFFF53
:10FDC000FFFFFFFFFFFFFFFFFFFFFFFFFFFFFFFF43
:10FDD000FFFFFFFFFFFFFFFFFFFFFFFFFFFFFFFF33
:10FDE000FFFFFFFFFFFFFFFFFFFFFFFFFFFFFFFF23
:10FDF000FFFFFFFFFFFFFFFFFFFFFFFFFFFFFFFF13
:10FE0000FFFFFFFFFFFFFFFFFFFFFFFFFFFFFFFF02
:10FE1000FFFFFFFFFFFFFFFFFFFFFFFFFFFFFFFFF2
:10FE2000FFFFFFFFFFFFFFFFFFFFFFFFFFFFFFFFE2
:10FE3000FFFFFFFFFFFFFFFFFFFFFFFFFFFFFFFFD2
:10FE4000FFFFFFFFFFFFFFFFFFFFFFFFFFFFFFFFC2
:10FE5000FFFFFFFFFFFFFFFFFFFFFFFFFFFFFFFFB2
:10FE6000FFFFFFFFFFFFFFFFFFFFFFFFFFFFFFFFA2
:10FE7000FFFFFFFFFFFFFFFFFFFFFFFFFFFFFFFF92
:10FE8000FFFFFFFFFFFFFFFFFFFFFFFFFFFFFFFF82
:10FE9000FFFFFFFFFFFFFFFFFFFFFFFFFFFFFFFF72
:10FEA000FFFFFFFFFFFFFFFFFFFFFFFFFFFFFFFF62
:10FEB000FFFFFFFFFFFFFFFFFFFFFFFFFFFFFFFF52
:10FEC000FFFFFFFFFFFFFFFFFFFFFFFFFFFFFFFF42
:10FED000FFFFFFFFFFFFFFFFFFFFFFFFFFFFFFFF32
:10FEE000FFFFFFFFFFFFFFFFFFFFFFFFFFFFFFFF22
:10FEF000FFFFFFFFFFFFFFFFFFFFFFFFFFFFFFFF12
:10FF0000FFFFFFFFFFFFFFFFFFFFFFFFFFFFFFFF01
:10FF1000FFFFFFFFFFFFFFFFFFFFFFFFFFFFFFFFF1
:10FF2000FFFFFFFFFFFFFFFFFFFFFFFFFFFFFFFFE1
:10FF3000FFFFFFFFFFFFFFFFFFFFFFFFFFFFFFFFD1
:10FF4000FFFFFFFFFFFFFFFFFFFFFFFFFFFFFFFFC1
:10FF5000FFFFFFFFFFFFFFFFFFFFFFFFFFFFFFFFB1
:10FF6000FFFFFFFFFFFFFFFFFFFFFFFFFFFFFFFFA1
:10FF7000FFFFFFFFFFFFFFFFFFFFFFFFFFFFFFFF91
:10FF8000FFFFFFFFFFFFFFFFFFFFFFFFFFFFFFFF81
:10FF9000FFFFFFFFFFFFFFFFFFFFFFFFFFFFFFFF71
:10FFA000FFFFFFFFFFFFFFFFFFFFFFFFFFFFFFFF61
:10FFB000FFFFFFFFFFFFFFFFFFFFFFFFFFFFFFFF51
:10FFC000FFFFFFFFFFFFFFFFFFFFFFFFFFFFFFFF41
:10FFD000FFFFFFFFFFFFFFFFFFFFFFFFFFFFFFFF31
:10FFE000FFFFFFFFFFFFFFFFFFFFFFFFFFFFFFFF21
:10FFF000FFFFFFFFFFFFFFFFFFFFFFFFFFFFFFFF11
:020000023000CC
:10000000FFFFFFFFFFFFFFFFFFFFFFFFFFFFFFFF00
:10001000FFFFFFFFFFFFFFFFFFFFFFFFFFFFFFFFF0
:10002000FFFFFFFFFFFFFFFFFFFFFFFFFFFFFFFFE0
:10003000FFFFFFFFFFFFFFFFFFFFFFFFFFFFFFFFD0
:10004000FFFFFFFFFFFFFFFFFFFFFFFFFFFFFFFFC0
:10005000FFFFFFFFFFFFFFFFFFFFFFFFFFFFFFFFB0
:10006000FFFFFFFFFFFFFFFFFFFFFFFFFFFFFFFFA0
:10007000FFFFFFFFFFFFFFFFFFFFFFFFFFFFFFFF90
:10008000FFFFFFFFFFFFFFFFFFFFFFFFFFFFFFFF80
:10009000FFFFFFFFFFFFFFFFFFFFFFFFFFFFFFFF70
:1000A000FFFFFFFFFFFFFFFFFFFFFFFFFFFFFFFF60
:1000B000FFFFFFFFFFFFFFFFFFFFFFFFFFFFFFFF50
:1000C000FFFFFFFFFFFFFFFFFFFFFFFFFFFFFFFF40
:1000D000FFFFFFFFFFFFFFFFFFFFFFFFFFFFFFFF30
:1000E000FFFFFFFFFFFFFFFFFFFFFFFFFFFFFFFF20
:1000F000FFFFFFFFFFFFFFFFFFFFFFFFFFFFFFFF10
:10010000FFFFFFFFFFFFFFFFFFFFFFFFFFFFFFFFFF
:10011000FFFFFFFFFFFFFFFFFFFFFFFFFFFFFFFFEF
:10012000FFFFFFFFFFFFFFFFFFFFFFFFFFFFFFFFDF
:10013000FFFFFFFFFFFFFFFFFFFFFFFFFFFFFFFFCF
:10014000FFFFFFFFFFFFFFFFFFFFFFFFFFFFFFFFBF
:10015000FFFFFFFFFFFFFFFFFFFFFFFFFFFFFFFFAF
:10016000FFFFFFFFFFFFFFFFFFFFFFFFFFFFFFFF9F
:10017000FFFFFFFFFFFFFFFFFFFFFFFFFFFFFFFF8F
:10018000FFFFFFFFFFFFFFFFFFFFFFFFFFFFFFFF7F
:10019000FFFFFFFFFFFFFFFFFFFFFFFFFFFFFFFF6F
:1001A000FFFFFFFFFFFFFFFFFFFFFFFFFFFFFFFF5F
:1001B000FFFFFFFFFFFFFFFFFFFFFFFFFFFFFFFF4F
:1001C000FFFFFFFFFFFFFFFFFFFFFFFFFFFFFFFF3F
:1001D000FFFFFFFFFFFFFFFFFFFFFFFFFFFFFFFF2F
:1001E000FFFFFFFFFFFFFFFFFFFFFFFFFFFFFFFF1F
:1001F000FFFFFFFFFFFFFFFFFFFFFFFFFFFFFFFF0F
:10020000FFFFFFFFFFFFFFFFFFFFFFFFFFFFFFFFFE
:10021000FFFFFFFFFFFFFFFFFFFFFFFFFFFFFFFFEE
:10022000FFFFFFFFFFFFFFFFFFFFFFFFFFFFFFFFDE
:10023000FFFFFFFFFFFFFFFFFFFFFFFFFFFFFFFFCE
:10024000FFFFFFFFFFFFFFFFFFFFFFFFFFFFFFFFBE
:10025000FFFFFFFFFFFFFFFFFFFFFFFFFFFFFFFFAE
:10026000FFFFFFFFFFFFFFFFFFFFFFFFFFFFFFFF9E
:10027000FFFFFFFFFFFFFFFFFFFFFFFFFFFFFFFF8E
:10028000FFFFFFFFFFFFFFFFFFFFFFFFFFFFFFFF7E
:10029000FFFFFFFFFFFFFFFFFFFFFFFFFFFFFFFF6E
:1002A000FFFFFFFFFFFFFFFFFFFFFFFFFFFFFFFF5E
:1002B000FFFFFFFFFFFFFFFFFFFFFFFFFFFFFFFF4E
:1002C000FFFFFFFFFFFFFFFFFFFFFFFFFFFFFFFF3E
:1002D000FFFFFFFFFFFFFFFFFFFFFFFFFFFFFFFF2E
:1002E000FFFFFFFFFFFFFFFFFFFFFFFFFFFFFFFF1E
:1002F000FFFFFFFFFFFFFFFFFFFFFFFFFFFFFFFF0E
:10030000FFFFFFFFFFFFFFFFFFFFFFFFFFFFFFFFFD
:10031000FFFFFFFFFFFFFFFFFFFFFFFFFFFFFFFFED
:10032000FFFFFFFFFFFFFFFFFFFFFFFFFFFFFFFFDD
:10033000FFFFFFFFFFFFFFFFFFFFFFFFFFFFFFFFCD
:10034000FFFFFFFFFFFFFFFFFFFFFFFFFFFFFFFFBD
:10035000FFFFFFFFFFFFFFFFFFFFFFFFFFFFFFFFAD
:10036000FFFFFFFFFFFFFFFFFFFFFFFFFFFFFFFF9D
:10037000FFFFFFFFFFFFFFFFFFFFFFFFFFFFFFFF8D
:10038000FFFFFFFFFFFFFFFFFFFFFFFFFFFFFFFF7D
:10039000FFFFFFFFFFFFFFFFFFFFFFFFFFFFFFFF6D
:1003A000FFFFFFFFFFFFFFFFFFFFFFFFFFFFFFFF5D
:1003B000FFFFFFFFFFFFFFFFFFFFFFFFFFFFFFFF4D
:1003C000FFFFFFFFFFFFFFFFFFFFFFFFFFFFFFFF3D
:1003D000FFFFFFFFFFFFFFFFFFFFFFFFFFFFFFFF2D
:1003E000FFFFFFFFFFFFFFFFFFFFFFFFFFFFFFFF1D
:1003F000FFFFFFFFFFFFFFFFFFFFFFFFFFFFFFFF0D
:10040000FFFFFFFFFFFFFFFFFFFFFFFFFFFFFFFFFC
:10041000FFFFFFFFFFFFFFFFFFFFFFFFFFFFFFFFEC
:10042000FFFFFFFFFFFFFFFFFFFFFFFFFFFFFFFFDC
:10043000FFFFFFFFFFFFFFFFFFFFFFFFFFFFFFFFCC
:10044000FFFFFFFFFFFFFFFFFFFFFFFFFFFFFFFFBC
:10045000FFFFFFFFFFFFFFFFFFFFFFFFFFFFFFFFAC
:10046000FFFFFFFFFFFFFFFFFFFFFFFFFFFFFFFF9C
:10047000FFFFFFFFFFFFFFFFFFFFFFFFFFFFFFFF8C
:10048000FFFFFFFFFFFFFFFFFFFFFFFFFFFFFFFF7C
:10049000FFFFFFFFFFFFFFFFFFFFFFFFFFFFFFFF6C
:1004A000FFFFFFFFFFFFFFFFFFFFFFFFFFFFFFFF5C
:1004B000FFFFFFFFFFFFFFFFFFFFFFFFFFFFFFFF4C
:1004C000FFFFFFFFFFFFFFFFFFFFFFFFFFFFFFFF3C
:1004D000FFFFFFFFFFFFFFFFFFFFFFFFFFFFFFFF2C
:1004E000FFFFFFFFFFFFFFFFFFFFFFFFFFFFFFFF1C
:1004F000FFFFFFFFFFFFFFFFFFFFFFFFFFFFFFFF0C
:10050000FFFFFFFFFFFFFFFFFFFFFFFFFFFFFFFFFB
:10051000FFFFFFFFFFFFFFFFFFFFFFFFFFFFFFFFEB
:10052000FFFFFFFFFFFFFFFFFFFFFFFFFFFFFFFFDB
:10053000FFFFFFFFFFFFFFFFFFFFFFFFFFFFFFFFCB
:10054000FFFFFFFFFFFFFFFFFFFFFFFFFFFFFFFFBB
:10055000FFFFFFFFFFFFFFFFFFFFFFFFFFFFFFFFAB
:10056000FFFFFFFFFFFFFFFFFFFFFFFFFFFFFFFF9B
:10057000FFFFFFFFFFFFFFFFFFFFFFFFFFFFFFFF8B
:10058000FFFFFFFFFFFFFFFFFFFFFFFFFFFFFFFF7B
:10059000FFFFFFFFFFFFFFFFFFFFFFFFFFFFFFFF6B
:1005A000FFFFFFFFFFFFFFFFFFFFFFFFFFFFFFFF5B
:1005B000FFFFFFFFFFFFFFFFFFFFFFFFFFFFFFFF4B
:1005C000FFFFFFFFFFFFFFFFFFFFFFFFFFFFFFFF3B
:1005D000FFFFFFFFFFFFFFFFFFFFFFFFFFFFFFFF2B
:1005E000FFFFFFFFFFFFFFFFFFFFFFFFFFFFFFFF1B
:1005F000FFFFFFFFFFFFFFFFFFFFFFFFFFFFFFFF0B
:10060000FFFFFFFFFFFFFFFFFFFFFFFFFFFFFFFFFA
:10061000FFFFFFFFFFFFFFFFFFFFFFFFFFFFFFFFEA
:10062000FFFFFFFFFFFFFFFFFFFFFFFFFFFFFFFFDA
:10063000FFFFFFFFFFFFFFFFFFFFFFFFFFFFFFFFCA
:10064000FFFFFFFFFFFFFFFFFFFFFFFFFFFFFFFFBA
:10065000FFFFFFFFFFFFFFFFFFFFFFFFFFFFFFFFAA
:10066000FFFFFFFFFFFFFFFFFFFFFFFFFFFFFFFF9A
:10067000FFFFFFFFFFFFFFFFFFFFFFFFFFFFFFFF8A
:10068000FFFFFFFFFFFFFFFFFFFFFFFFFFFFFFFF7A
:10069000FFFFFFFFFFFFFFFFFFFFFFFFFFFFFFFF6A
:1006A000FFFFFFFFFFFFFFFFFFFFFFFFFFFFFFFF5A
:1006B000FFFFFFFFFFFFFFFFFFFFFFFFFFFFFFFF4A
:1006C000FFFFFFFFFFFFFFFFFFFFFFFFFFFFFFFF3A
:1006D000FFFFFFFFFFFFFFFFFFFFFFFFFFFFFFFF2A
:1006E000FFFFFFFFFFFFFFFFFFFFFFFFFFFFFFFF1A
:1006F000FFFFFFFFFFFFFFFFFFFFFFFFFFFFFFFF0A
:10070000FFFFFFFFFFFFFFFFFFFFFFFFFFFFFFFFF9
:10071000FFFFFFFFFFFFFFFFFFFFFFFFFFFFFFFFE9
:10072000FFFFFFFFFFFFFFFFFFFFFFFFFFFFFFFFD9
:10073000FFFFFFFFFFFFFFFFFFFFFFFFFFFFFFFFC9
:10074000FFFFFFFFFFFFFFFFFFFFFFFFFFFFFFFFB9
:10075000FFFFFFFFFFFFFFFFFFFFFFFFFFFFFFFFA9
:10076000FFFFFFFFFFFFFFFFFFFFFFFFFFFFFFFF99
:10077000FFFFFFFFFFFFFFFFFFFFFFFFFFFFFFFF89
:10078000FFFFFFFFFFFFFFFFFFFFFFFFFFFFFFFF79
:10079000FFFFFFFFFFFFFFFFFFFFFFFFFFFFFFFF69
:1007A000FFFFFFFFFFFFFFFFFFFFFFFFFFFFFFFF59
:1007B000FFFFFFFFFFFFFFFFFFFFFFFFFFFFFFFF49
:1007C000FFFFFFFFFFFFFFFFFFFFFFFFFFFFFFFF39
:1007D000FFFFFFFFFFFFFFFFFFFFFFFFFFFFFFFF29
:1007E000FFFFFFFFFFFFFFFFFFFFFFFFFFFFFFFF19
:1007F000FFFFFFFFFFFFFFFFFFFFFFFFFFFFFFFF09
:10080000FFFFFFFFFFFFFFFFFFFFFFFFFFFFFFFFF8
:10081000FFFFFFFFFFFFFFFFFFFFFFFFFFFFFFFFE8
:10082000FFFFFFFFFFFFFFFFFFFFFFFFFFFFFFFFD8
:10083000FFFFFFFFFFFFFFFFFFFFFFFFFFFFFFFFC8
:10084000FFFFFFFFFFFFFFFFFFFFFFFFFFFFFFFFB8
:10085000FFFFFFFFFFFFFFFFFFFFFFFFFFFFFFFFA8
:10086000FFFFFFFFFFFFFFFFFFFFFFFFFFFFFFFF98
:10087000FFFFFFFFFFFFFFFFFFFFFFFFFFFFFFFF88
:10088000FFFFFFFFFFFFFFFFFFFFFFFFFFFFFFFF78
:10089000FFFFFFFFFFFFFFFFFFFFFFFFFFFFFFFF68
:1008A000FFFFFFFFFFFFFFFFFFFFFFFFFFFFFFFF58
:1008B000FFFFFFFFFFFFFFFFFFFFFFFFFFFFFFFF48
:1008C000FFFFFFFFFFFFFFFFFFFFFFFFFFFFFFFF38
:1008D000FFFFFFFFFFFFFFFFFFFFFFFFFFFFFFFF28
:1008E000FFFFFFFFFFFFFFFFFFFFFFFFFFFFFFFF18
:1008F000FFFFFFFFFFFFFFFFFFFFFFFFFFFFFFFF08
:10090000FFFFFFFFFFFFFFFFFFFFFFFFFFFFFFFFF7
:10091000FFFFFFFFFFFFFFFFFFFFFFFFFFFFFFFFE7
:10092000FFFFFFFFFFFFFFFFFFFFFFFFFFFFFFFFD7
:10093000FFFFFFFFFFFFFFFFFFFFFFFFFFFFFFFFC7
:10094000FFFFFFFFFFFFFFFFFFFFFFFFFFFFFFFFB7
:10095000FFFFFFFFFFFFFFFFFFFFFFFFFFFFFFFFA7
:10096000FFFFFFFFFFFFFFFFFFFFFFFFFFFFFFFF97
:10097000FFFFFFFFFFFFFFFFFFFFFFFFFFFFFFFF87
:10098000FFFFFFFFFFFFFFFFFFFFFFFFFFFFFFFF77
:10099000FFFFFFFFFFFFFFFFFFFFFFFFFFFFFFFF67
:1009A000FFFFFFFFFFFFFFFFFFFFFFFFFFFFFFFF57
:1009B000FFFFFFFFFFFFFFFFFFFFFFFFFFFFFFFF47
:1009C000FFFFFFFFFFFFFFFFFFFFFFFFFFFFFFFF37
:1009D000FFFFFFFFFFFFFFFFFFFFFFFFFFFFFFFF27
:1009E000FFFFFFFFFFFFFFFFFFFFFFFFFFFFFFFF17
:1009F000FFFFFFFFFFFFFFFFFFFFFFFFFFFFFFFF07
:100A0000FFFFFFFFFFFFFFFFFFFFFFFFFFFFFFFFF6
:100A1000FFFFFFFFFFFFFFFFFFFFFFFFFFFFFFFFE6
:100A2000FFFFFFFFFFFFFFFFFFFFFFFFFFFFFFFFD6
:100A3000FFFFFFFFFFFFFFFFFFFFFFFFFFFFFFFFC6
:100A4000FFFFFFFFFFFFFFFFFFFFFFFFFFFFFFFFB6
:100A5000FFFFFFFFFFFFFFFFFFFFFFFFFFFFFFFFA6
:100A6000FFFFFFFFFFFFFFFFFFFFFFFFFFFFFFFF96
:100A7000FFFFFFFFFFFFFFFFFFFFFFFFFFFFFFFF86
:100A8000FFFFFFFFFFFFFFFFFFFFFFFFFFFFFFFF76
:100A9000FFFFFFFFFFFFFFFFFFFFFFFFFFFFFFFF66
:100AA000FFFFFFFFFFFFFFFFFFFFFFFFFFFFFFFF56
:100AB000FFFFFFFFFFFFFFFFFFFFFFFFFFFFFFFF46
:100AC000FFFFFFFFFFFFFFFFFFFFFFFFFFFFFFFF36
:100AD000FFFFFFFFFFFFFFFFFFFFFFFFFFFFFFFF26
:100AE000FFFFFFFFFFFFFFFFFFFFFFFFFFFFFFFF16
:100AF000FFFFFFFFFFFFFFFFFFFFFFFFFFFFFFFF06
:100B0000FFFFFFFFFFFFFFFFFFFFFFFFFFFFFFFFF5
:100B1000FFFFFFFFFFFFFFFFFFFFFFFFFFFFFFFFE5
:100B2000FFFFFFFFFFFFFFFFFFFFFFFFFFFFFFFFD5
:100B3000FFFFFFFFFFFFFFFFFFFFFFFFFFFFFFFFC5
:100B4000FFFFFFFFFFFFFFFFFFFFFFFFFFFFFFFFB5
:100B5000FFFFFFFFFFFFFFFFFFFFFFFFFFFFFFFFA5
:100B6000FFFFFFFFFFFFFFFFFFFFFFFFFFFFFFFF95
:100B7000FFFFFFFFFFFFFFFFFFFFFFFFFFFFFFFF85
:100B8000FFFFFFFFFFFFFFFFFFFFFFFFFFFFFFFF75
:100B9000FFFFFFFFFFFFFFFFFFFFFFFFFFFFFFFF65
:100BA000FFFFFFFFFFFFFFFFFFFFFFFFFFFFFFFF55
:100BB000FFFFFFFFFFFFFFFFFFFFFFFFFFFFFFFF45
:100BC000FFFFFFFFFFFFFFFFFFFFFFFFFFFFFFFF35
:100BD000FFFFFFFFFFFFFFFFFFFFFFFFFFFFFFFF25
:100BE000FFFFFFFFFFFFFFFFFFFFFFFFFFFFFFFF15
:100BF000FFFFFFFFFFFFFFFFFFFFFFFFFFFFFFFF05
:100C0000FFFFFFFFFFFFFFFFFFFFFFFFFFFFFFFFF4
:100C1000FFFFFFFFFFFFFFFFFFFFFFFFFFFFFFFFE4
:100C2000FFFFFFFFFFFFFFFFFFFFFFFFFFFFFFFFD4
:100C3000FFFFFFFFFFFFFFFFFFFFFFFFFFFFFFFFC4
:100C4000FFFFFFFFFFFFFFFFFFFFFFFFFFFFFFFFB4
:100C5000FFFFFFFFFFFFFFFFFFFFFFFFFFFFFFFFA4
:100C6000FFFFFFFFFFFFFFFFFFFFFFFFFFFFFFFF94
:100C7000FFFFFFFFFFFFFFFFFFFFFFFFFFFFFFFF84
:100C8000FFFFFFFFFFFFFFFFFFFFFFFFFFFFFFFF74
:100C9000FFFFFFFFFFFFFFFFFFFFFFFFFFFFFFFF64
:100CA000FFFFFFFFFFFFFFFFFFFFFFFFFFFFFFFF54
:100CB000FFFFFFFFFFFFFFFFFFFFFFFFFFFFFFFF44
:100CC000FFFFFFFFFFFFFFFFFFFFFFFFFFFFFFFF34
:100CD000FFFFFFFFFFFFFFFFFFFFFFFFFFFFFFFF24
:100CE000FFFFFFFFFFFFFFFFFFFFFFFFFFFFFFFF14
:100CF000FFFFFFFFFFFFFFFFFFFFFFFFFFFFFFFF04
:100D0000FFFFFFFFFFFFFFFFFFFFFFFFFFFFFFFFF3
:100D1000FFFFFFFFFFFFFFFFFFFFFFFFFFFFFFFFE3
:100D2000FFFFFFFFFFFFFFFFFFFFFFFFFFFFFFFFD3
:100D3000FFFFFFFFFFFFFFFFFFFFFFFFFFFFFFFFC3
:100D4000FFFFFFFFFFFFFFFFFFFFFFFFFFFFFFFFB3
:100D5000FFFFFFFFFFFFFFFFFFFFFFFFFFFFFFFFA3
:100D6000FFFFFFFFFFFFFFFFFFFFFFFFFFFFFFFF93
:100D7000FFFFFFFFFFFFFFFFFFFFFFFFFFFFFFFF83
:100D8000FFFFFFFFFFFFFFFFFFFFFFFFFFFFFFFF73
:100D9000FFFFFFFFFFFFFFFFFFFFFFFFFFFFFFFF63
:100DA000FFFFFFFFFFFFFFFFFFFFFFFFFFFFFFFF53
:100DB000FFFFFFFFFFFFFFFFFFFFFFFFFFFFFFFF43
:100DC000FFFFFFFFFFFFFFFFFFFFFFFFFFFFFFFF33
:100DD000FFFFFFFFFFFFFFFFFFFFFFFFFFFFFFFF23
:100DE000FFFFFFFFFFFFFFFFFFFFFFFFFFFFFFFF13
:100DF000FFFFFFFFFFFFFFFFFFFFFFFFFFFFFFFF03
:100E0000FFFFFFFFFFFFFFFFFFFFFFFFFFFFFFFFF2
:100E1000FFFFFFFFFFFFFFFFFFFFFFFFFFFFFFFFE2
:100E2000FFFFFFFFFFFFFFFFFFFFFFFFFFFFFFFFD2
:100E3000FFFFFFFFFFFFFFFFFFFFFFFFFFFFFFFFC2
:100E4000FFFFFFFFFFFFFFFFFFFFFFFFFFFFFFFFB2
:100E5000FFFFFFFFFFFFFFFFFFFFFFFFFFFFFFFFA2
:100E6000FFFFFFFFFFFFFFFFFFFFFFFFFFFFFFFF92
:100E7000FFFFFFFFFFFFFFFFFFFFFFFFFFFFFFFF82
:100E8000FFFFFFFFFFFFFFFFFFFFFFFFFFFFFFFF72
:100E9000FFFFFFFFFFFFFFFFFFFFFFFFFFFFFFFF62
:100EA000FFFFFFFFFFFFFFFFFFFFFFFFFFFFFFFF52
:100EB000FFFFFFFFFFFFFFFFFFFFFFFFFFFFFFFF42
:100EC000FFFFFFFFFFFFFFFFFFFFFFFFFFFFFFFF32
:100ED000FFFFFFFFFFFFFFFFFFFFFFFFFFFFFFFF22
:100EE000FFFFFFFFFFFFFFFFFFFFFFFFFFFFFFFF12
:100EF000FFFFFFFFFFFFFFFFFFFFFFFFFFFFFFFF02
:100F0000FFFFFFFFFFFFFFFFFFFFFFFFFFFFFFFFF1
:100F1000FFFFFFFFFFFFFFFFFFFFFFFFFFFFFFFFE1
:100F2000FFFFFFFFFFFFFFFFFFFFFFFFFFFFFFFFD1
:100F3000FFFFFFFFFFFFFFFFFFFFFFFFFFFFFFFFC1
:100F4000FFFFFFFFFFFFFFFFFFFFFFFFFFFFFFFFB1
:100F5000FFFFFFFFFFFFFFFFFFFFFFFFFFFFFFFFA1
:100F6000FFFFFFFFFFFFFFFFFFFFFFFFFFFFFFFF91
:100F7000FFFFFFFFFFFFFFFFFFFFFFFFFFFFFFFF81
:100F8000FFFFFFFFFFFFFFFFFFFFFFFFFFFFFFFF71
:100F9000FFFFFFFFFFFFFFFFFFFFFFFFFFFFFFFF61
:100FA000FFFFFFFFFFFFFFFFFFFFFFFFFFFFFFFF51
:100FB000FFFFFFFFFFFFFFFFFFFFFFFFFFFFFFFF41
:100FC000FFFFFFFFFFFFFFFFFFFFFFFFFFFFFFFF31
:100FD000FFFFFFFFFFFFFFFFFFFFFFFFFFFFFFFF21
:100FE000FFFFFFFFFFFFFFFFFFFFFFFFFFFFFFFF11
:100FF000FFFFFFFFFFFFFFFFFFFFFFFF6060437684
:1010000000800000C74538BA361C0A57BF8C000064
:101010003120175C5AA75CDC6C167838DE67349692
:1010200007B30000821194267E458467E884FD950D
:10103000A50E6D1CA6313B4A6E62E175BA800000B8
:101040009D19372CBE4AEB6EE894D0B79CD22BE1A9
:101050001417C523993AE6559773DE9092AAB3BD4B
:10106000E9C700003C15D11D712F9144005C147438
:10107000D08A269E3CACA7B3D7136F1969272138B5
:10108000E34AA75E29720684DF92839D11A30000C4
:10109000C01219166C21EC2E293E7B4E0E5FF06EAD
:1010A000267DC388FD904095E0117D13D61CED2769
:1010B0007B34124224500A5E106B8476BF7F3A86DE
:1010C000918900005422CB227832F944EF59C8703C
:1010D000BF88EDA04EB8D7CD84E06CEFCEF922FFEB
:1010E0002421611FB32C563C0C4E6F61F575FA8AB2
:1010F000C29F84B378C5DFD410E181E9D2ED00004E
:1011000023208B1CFE275E357E441655C766187952
:101110007E8B649D2FAE46BD1BCA32D426DBB1DE6A
:10112000471F281A1924A72FB23C074B5F5A636A3E
:10113000AC7AC98A419A9CA865B530C0A0C86ACE6D
:101140005DD10000891E1F18D520E82A4036B9421B
:101150001F50305EA06C177B3989A596FDA2E6ADC5
:101160000EB72EBE0EC388C5E31D5E16101EEA26FE
:10117000DC30CB3B9147FB53CF60CA6DA57A128719
:10118000C592729DD2A6A6AEB8B4DCB8F6BA00007D
:10119000511DD814B01B85234E2CF4355B405E4B9B
:1011A000CD567762226E92798784C48E0D9829A0DD
:1011B000E7A61DACA9AF75B1D01C8213A1199D2063
:1011C0006B28FD303B3A0A44454EC5585B63D96DE8
:1011D0000A78BC81BC8ADA92E999C29F43A452A7DB
:1011E000DFA800005C1C5412D617181E1325BA2C59
:1011F000FC34C33DF3466B50095AA563156D307638
:10120000CB7EBD86DF8D0D942699129DBB9F13A1C9
:10121000F41B47114316E61B2C220B297530583856
:10122000A0403149F051BC5A7563F66B1E74C87BFF
:10123000D3821F898E8E08937796CA98F6990000FC
:10124000971B5710DE14F919A31FD625852CA4333C
:10125000213BE642DE4AEE52FA5AE662946AE771B0
:10126000C078057F9A8468895A8D60906B927393D9
:10127000421B7E0FA1134518691D06231429882FD0
:101280005336653DAB44104C7D53DA5A0F62026908
:10129000996FBD75567B4F8094841388BF8A8E8C5E
:1012A000778D0000F41ABB0E8412C216711B8C20BD
:1012B0000D26EC2B1B328E38363F0146DB4CB253E9
:1012C000705A00614D67406DC672CB773C7C0B80D5
:1012D000288389852387F287AD1A090E8511681541
:1012E000B0195A1E6023BB28612E4834623AA240CE
:1012F000F746514D9E53CC59C85F8165E46ADF6F54
:1013000063746078C87B917EB0801F82D7820000B2
:10131000D834CE1A3C2162283F30CB38FF41CD4B28
:101320002756FB60336CB7776D83398FFD9A9BA688
:10133000F2B1E3BC4EC714D118DA3EE26DE98DEF8D
:101340008DF45BF8EBFA35FC6034A519981F312653
:101350006E2D4B35BF3DC1464450395A8E64306FB7
:10136000087AFF84FC8FE39A9AA505B009BA8AC36C
:101370006ECC9CD4FDDB7AE201E882ECEEEF3CF22D
:1013800065F30000F13395181A1E3524E52A25323D
:10139000EF393B42FF4A2D54B85D8D679C71CF7B7E
:1013A00011864C90689A4CA4E2AD11B7C2BFDEC75B
:1013B0004FCF01D6E3DBE3E0F5E40DE821EA2DEBC6
:1013C0008A339917BD1C672299284D2F80362A3EF3
:1013D0004346C04E9457B160086A87731D7DB58639
:1013E0003C909C99C2A297AB07B4FDBB66C330CAC0
:1013F00049D0A1D52CDADDDDAAE08CE27EE3000045
:101400002B33B1167C1BC2208226BA2C66337F3A5E
:10141000FE41DB490B52815A31630C6C0275027E2E
:10142000FB86DC8F919807A12EA9F1B041B80BBFC4
:101430003FC5D0CAB0CFD2D32ED7BAD970DB4CDCDF
:1017F000FFFFFFFFFFFFFFFFFFFFFFFF083686E150
:04000003000004B83D
:00000001FF
